2024-01-15 10:00:00.000  INFO  [lily-payments,a0b00fa91e950b426ce00450cc3ac745,322c15cfe53f23ff] 1 --- [http-nio-8080-exec-1] c.l.p.PaymentService : Processed payment 94990 for account A-412 in 81 ms
2024-01-15 10:00:01.700  INFO  [lily-payments,7ab52f93effa7b3e2f6e3fb9d962efed,f8f5fae65c46f8bc] 1 --- [http-nio-8080-exec-7] c.l.p.PaymentService : Processed payment 96666 for account A-317 in 87 ms
2024-01-15 10:00:03.400  INFO  [lily-payments,87a2bf921c370e51ec30b63ba74faa08,139a7bb95dd4577d] 1 --- [scheduling-1] c.l.p.PaymentService : Processed payment 83702 for account A-443 in 48 ms
2024-01-15 10:00:05.100  INFO  [lily-payments,9041cbd7efc6b34c5570c1369ed778e9,4ecde3e9bfd049cc] 1 --- [http-nio-8080-exec-1] c.l.p.PaymentService : Processed payment 57130 for account A-242 in 74 ms
2024-01-15 10:00:06.800  INFO  [lily-payments,9db0ac6e8b02992def391aa30851ee20,5bb28e0848145177] 1 --- [http-nio-8080-exec-3] c.l.p.PaymentService : Processed payment 57119 for account A-837 in 81 ms
2024-01-15 10:00:08.500  INFO  [lily-payments,1eef2e444046b4ad74b10caedc2126bf,ed4e2cb6b84aa24d] 1 --- [http-nio-8080-exec-3] c.l.p.PaymentService : Processed payment 33091 for account A-693 in 65 ms
2024-01-15 10:00:10.200  INFO  [lily-payments,d49c9668a8aba77c35112b15fc4b7c4a,dc0d0da6d47fd5c2] 1 --- [http-nio-8080-exec-3] c.l.p.PaymentService : Processed payment 72689 for account A-716 in 57 ms
2024-01-15 10:00:11.900  INFO  [lily-payments,a8e1d452c16fade2111e39e4b0733706,c17e7dd06f371144] 1 --- [http-nio-8080-exec-1] c.l.p.PaymentService : Processed payment 65527 for account A-734 in 17 ms
2024-01-15 10:00:13.600  INFO  [lily-payments,2597cc81e438a3078597f77deb25bd2b,ce65160dbc3c5385] 1 --- [http-nio-8080-exec-1] c.l.p.PaymentService : Processed payment 67918 for account A-352 in 66 ms
2024-01-15 10:00:15.300  INFO  [lily-payments,9babad8291b9c7b97c962c28f575db51,8afdb4c1a31d4478] 1 --- [http-nio-8080-exec-3] c.l.p.PaymentService : Processed payment 53136 for account A-126 in 81 ms
2024-01-15 10:00:17.000  INFO  [lily-payments,f8766b0294f1c0be47fb76d952af7d09,c87f141d14b7ccb6] 1 --- [scheduling-1] c.l.p.PaymentService : Processed payment 75223 for account A-456 in 62 ms
2024-01-15 10:00:18.700  INFO  [lily-payments,e536e66bbf2b486d6cc273165da614f8,f758386a208b3419] 1 --- [http-nio-8080-exec-3] c.l.p.PaymentService : Processed payment 37378 for account A-999 in 41 ms
2024-01-15 10:00:20.400  INFO  [lily-payments,2df47a52d02842eedbff8c387f3c2ed3,68e6850ac2f12c19] 1 --- [http-nio-8080-exec-7] c.l.p.PaymentService : Processed payment 33763 for account A-519 in 16 ms
2024-01-15 10:00:22.100  INFO  [lily-payments,6bb0151c3ec6473a39e078dba597742f,d05c630fa5a0e124] 1 --- [http-nio-8080-exec-1] c.l.p.PaymentService : Processed payment 51437 for account A-700 in 14 ms
2024-01-15 10:00:23.800  INFO  [lily-payments,5bc20f26fa45e4bf3b1155c3260b87f9,6cee286f37d81daa] 1 --- [scheduling-1] c.l.p.PaymentService : Processed payment 86345 for account A-762 in 53 ms
2024-01-15 10:00:25.500  INFO  [lily-payments,056eb1b8730ead5bcad040b60cadc63d,986950175c009490] 1 --- [http-nio-8080-exec-3] c.l.p.PaymentService : Processed payment 26669 for account A-102 in 82 ms
2024-01-15 10:00:27.200  INFO  [lily-payments,1bb353a65ec220f00b7a8f7504527d2d,61427420b8616751] 1 --- [http-nio-8080-exec-1] c.l.p.PaymentService : Processed payment 77313 for account A-298 in 14 ms
2024-01-15 10:00:28.900  INFO  [lily-payments,437062aea0e387965d04dad7c7c81db9,a73522d56ab7383e] 1 --- [scheduling-1] c.l.p.PaymentService : Processed payment 79019 for account A-860 in 30 ms
2024-01-15 10:00:30.600  INFO  [lily-payments,3986994de2db1d59c231ad09e5b48cd5,0524acb02e478f6a] 1 --- [scheduling-1] c.l.p.PaymentService : Processed payment 74192 for account A-999 in 20 ms
2024-01-15 10:00:32.300  INFO  [lily-payments,839ae8271d267a15823d42f229a0cf57,eebb3a4dc53f5680] 1 --- [scheduling-1] c.l.p.PaymentService : Processed payment 40320 for account A-715 in 42 ms
2024-01-15 10:00:34.000  INFO  [lily-payments,dadefe7953a7e271971d5c149b02bdb0,edb4d01d7735dab4] 1 --- [http-nio-8080-exec-1] c.l.p.PaymentService : Processed payment 38257 for account A-371 in 27 ms
2024-01-15 10:00:35.700  INFO  [lily-payments,df69d4202e49f2c9d761c140a2e66453,1f722ab2e51aecb0] 1 --- [http-nio-8080-exec-3] c.l.p.PaymentService : Processed payment 41473 for account A-472 in 26 ms
2024-01-15 10:00:37.400  INFO  [lily-payments,d9e9b98bff4e092ecfcba077025a75e1,81fb0eaa8dd7ffee] 1 --- [http-nio-8080-exec-3] c.l.p.PaymentService : Processed payment 14891 for account A-510 in 30 ms
2024-01-15 10:00:39.100  INFO  [lily-payments,366924c0d885b36df5173933675ff92a,843a09dd4a1cbd36] 1 --- [scheduling-1] c.l.p.PaymentService : Processed payment 49201 for account A-329 in 69 ms
2024-01-15 10:00:40.800  INFO  [lily-payments,74c776b0f44e8d5c92abde5acced4f7c,247d554b0f5f8179] 1 --- [scheduling-1] c.l.p.PaymentService : Processed payment 59218 for account A-515 in 26 ms
2024-01-15 10:00:42.500  INFO  [lily-payments,d4b5aac98e0bd9e8b1f5892c63cf6ddf,5fe29adc7b72acfb] 1 --- [http-nio-8080-exec-7] c.l.p.PaymentService : Processed payment 77148 for account A-357 in 14 ms
2024-01-15 10:00:44.200  INFO  [lily-payments,2b61f8418a4875ce03a86892be4d0fe3,009b7a9af76bb844] 1 --- [http-nio-8080-exec-7] c.l.p.PaymentService : Processed payment 44507 for account A-215 in 80 ms
2024-01-15 10:00:45.900  INFO  [lily-payments,1a20a770dd4e4ff122d172462ae4ccea,8f6bf02b7b86e808] 1 --- [http-nio-8080-exec-7] c.l.p.PaymentService : Processed payment 60062 for account A-537 in 72 ms
2024-01-15 10:00:47.600  INFO  [lily-payments,7c4a540bffd21e1242f03f1dc576307e,3aad50d994a4e8f6] 1 --- [http-nio-8080-exec-7] c.l.p.PaymentService : Processed payment 39088 for account A-385 in 33 ms
2024-01-15 10:00:49.300  INFO  [lily-payments,1473d7ebfbae8d1cf885ba463d968e54,cca8e10041fd956b] 1 --- [http-nio-8080-exec-7] c.l.p.PaymentService : Processed payment 80743 for account A-588 in 69 ms
2024-01-15 10:00:51.000  INFO  [lily-payments,61a1042883550741c9ef76fcc8e4982d,0651e7c68b8446ff] 1 --- [http-nio-8080-exec-7] c.l.p.PaymentService : Processed payment 30796 for account A-387 in 24 ms
2024-01-15 10:00:52.700  INFO  [lily-payments,92fb42fda6ba94491b5ddbd3cffdb0b3,5f263e03dbf87bde] 1 --- [http-nio-8080-exec-1] c.l.p.PaymentService : Processed payment 15678 for account A-177 in 41 ms
2024-01-15 10:00:54.400  INFO  [lily-payments,ec8ce7d192b4dbf67624698a0177d85b,c7aba48d5078625e] 1 --- [http-nio-8080-exec-3] c.l.p.PaymentService : Processed payment 67720 for account A-639 in 19 ms
2024-01-15 10:00:00.000  WARN  [lily-payments,d3953524639fd7d539a7e35839bf1c4b,99618060fa9aaec3] 1 --- [http-nio-8080-exec-3] c.l.p.IssuerClient : Payment declined by issuer code=51 attempt=3
2024-01-15 10:00:00.290  WARN  [lily-payments,15092a1dd0241b95a79a60fd3438e2c1,d98b39e3630ccfa8] 1 --- [http-nio-8080-exec-1] c.l.p.IssuerClient : Payment declined by issuer code=05 attempt=2
2024-01-15 10:00:00.580  WARN  [lily-payments,910cff42e30d112ed68b19004b0ae798,b416f6a3b8520892] 1 --- [http-nio-8080-exec-7] c.l.p.IssuerClient : Payment declined by issuer code=61 attempt=3
2024-01-15 10:00:00.870  WARN  [lily-payments,f292c59cb49a85ebe1fe2b149990831f,e684923b45dae07e] 1 --- [http-nio-8080-exec-7] c.l.p.IssuerClient : Payment declined by issuer code=05 attempt=2
2024-01-15 10:00:01.160  WARN  [lily-payments,d1dc14cbbead11a71858a1b08ac9ffdc,4db6775850e83a65] 1 --- [http-nio-8080-exec-1] c.l.p.IssuerClient : Payment declined by issuer code=05 attempt=2
2024-01-15 10:01:00.000  INFO  [lily-payments,6418091c786bfd62ad98f26c6e298e76,3583586e0575b72a] 1 --- [http-nio-8080-exec-3] c.l.p.PaymentService : Processed payment 46860 for account A-759 in 31 ms
2024-01-15 10:01:01.700  INFO  [lily-payments,7a03cc5a5200fe40b24cbcb76d6f0d2f,ef5f48983ded465c] 1 --- [http-nio-8080-exec-7] c.l.p.PaymentService : Processed payment 80989 for account A-372 in 35 ms
2024-01-15 10:01:03.400  INFO  [lily-payments,9897766d69f1a6dc1d5f7880d71cabb1,df688f3d68c8d1ef] 1 --- [http-nio-8080-exec-3] c.l.p.PaymentService : Processed payment 98613 for account A-619 in 75 ms
2024-01-15 10:01:05.100  INFO  [lily-payments,2ce70b7f9b5e73057da10da65fab37ea,696683be3c8ac685] 1 --- [http-nio-8080-exec-1] c.l.p.PaymentService : Processed payment 58439 for account A-771 in 52 ms
2024-01-15 10:01:06.800  INFO  [lily-payments,8ea010f9b62805a3350a17ee89ea758c,24b6840e7b0b07ed] 1 --- [http-nio-8080-exec-1] c.l.p.PaymentService : Processed payment 11952 for account A-594 in 38 ms
2024-01-15 10:01:08.500  INFO  [lily-payments,5806e2796036d5b51bdc27e1b7ee3dc2,1e28e6f8d9dda34c] 1 --- [http-nio-8080-exec-1] c.l.p.PaymentService : Processed payment 42466 for account A-699 in 84 ms
2024-01-15 10:01:10.200  INFO  [lily-payments,2c94fb9a3148279a9faa072509e507d0,b0041829f6ed5594] 1 --- [http-nio-8080-exec-7] c.l.p.PaymentService : Processed payment 20826 for account A-929 in 9 ms
2024-01-15 10:01:11.900  INFO  [lily-payments,b7633953f1aa5b246ccf285122942f8b,e8a197c4658c389a] 1 --- [http-nio-8080-exec-3] c.l.p.PaymentService : Processed payment 98417 for account A-859 in 13 ms
2024-01-15 10:01:13.600  INFO  [lily-payments,3d54e9cd5c7338fb805c9864e3d46b91,093c30d88191c10d] 1 --- [scheduling-1] c.l.p.PaymentService : Processed payment 93638 for account A-178 in 36 ms
2024-01-15 10:01:15.300  INFO  [lily-payments,9d720bd7caec61203604a2335eca7124,a14504c63c161cd5] 1 --- [http-nio-8080-exec-3] c.l.p.PaymentService : Processed payment 84818 for account A-612 in 60 ms
2024-01-15 10:01:17.000  INFO  [lily-payments,5199c704aa1975e31bc16bfa3698fdc0,3202c7527104bd38] 1 --- [scheduling-1] c.l.p.PaymentService : Processed payment 55285 for account A-594 in 13 ms
2024-01-15 10:01:18.700  INFO  [lily-payments,fbf7483a590c704f43c733a5b245c6e9,573618edbf33aa89] 1 --- [http-nio-8080-exec-1] c.l.p.PaymentService : Processed payment 71460 for account A-836 in 85 ms
2024-01-15 10:01:20.400  INFO  [lily-payments,79492f99641f3e76f0f95dfa28f60b2c,71887ceecdda7522] 1 --- [http-nio-8080-exec-7] c.l.p.PaymentService : Processed payment 16292 for account A-394 in 27 ms
2024-01-15 10:01:22.100  INFO  [lily-payments,fb6d6263235908c88e7889c97c3c2b99,b24b06e9d5bac9d4] 1 --- [http-nio-8080-exec-3] c.l.p.PaymentService : Processed payment 98346 for account A-950 in 78 ms
2024-01-15 10:01:23.800  INFO  [lily-payments,b7c56861f477c547ff2d3c4f36b02473,4fe68e495211b34f] 1 --- [http-nio-8080-exec-7] c.l.p.PaymentService : Processed payment 55608 for account A-187 in 32 ms
2024-01-15 10:01:25.500  INFO  [lily-payments,8ecf7ac84ad02a83105c302e06eb382b,80b931e7c73bcb4d] 1 --- [http-nio-8080-exec-7] c.l.p.PaymentService : Processed payment 70281 for account A-568 in 11 ms
2024-01-15 10:01:27.200  INFO  [lily-payments,b46a2fac5777791b0c53b21504ac88c4,8ffa838c0e0fdc65] 1 --- [http-nio-8080-exec-1] c.l.p.PaymentService : Processed payment 42635 for account A-175 in 51 ms
2024-01-15 10:01:28.900  INFO  [lily-payments,2a22401789e3261bb94c89ad8efe8082,bf2a68e2ab618d88] 1 --- [http-nio-8080-exec-1] c.l.p.PaymentService : Processed payment 59382 for account A-625 in 57 ms
2024-01-15 10:01:30.600  INFO  [lily-payments,48fc476377a87a94a2ae804c1969f9e9,80dd0bb07a83b6bc] 1 --- [http-nio-8080-exec-7] c.l.p.PaymentService : Processed payment 76746 for account A-276 in 76 ms
2024-01-15 10:01:32.300  INFO  [lily-payments,c3cb2cbd4c69ffc8b141604aaee359d7,49b800690e513cba] 1 --- [http-nio-8080-exec-3] c.l.p.PaymentService : Processed payment 21266 for account A-601 in 35 ms
2024-01-15 10:01:34.000  INFO  [lily-payments,5808b6f93f2ec5eee1a647bad785d5de,9df7a11c7ac011f5] 1 --- [http-nio-8080-exec-3] c.l.p.PaymentService : Processed payment 78956 for account A-392 in 30 ms
2024-01-15 10:01:35.700  INFO  [lily-payments,e2444c5bb0a40914ee5188843db7de97,5065c709c50644ec] 1 --- [http-nio-8080-exec-7] c.l.p.PaymentService : Processed payment 65903 for account A-673 in 59 ms
2024-01-15 10:01:37.400  INFO  [lily-payments,62e14745d1e25467cb422a7f659a3c3f,3cccbe5b9677b9bc] 1 --- [http-nio-8080-exec-3] c.l.p.PaymentService : Processed payment 33538 for account A-145 in 73 ms
2024-01-15 10:01:39.100  INFO  [lily-payments,53051443b106c56a82e459afae9fec36,87229af80856139c] 1 --- [scheduling-1] c.l.p.PaymentService : Processed payment 80079 for account A-352 in 66 ms
2024-01-15 10:01:40.800  INFO  [lily-payments,d3804a0fcfc69cb709312fc533a71cac,a4a77b9e3c502df4] 1 --- [http-nio-8080-exec-1] c.l.p.PaymentService : Processed payment 72603 for account A-975 in 75 ms
2024-01-15 10:01:42.500  INFO  [lily-payments,bfddb81f0de3009f02be594e12934cbe,625a461a075c6e57] 1 --- [http-nio-8080-exec-1] c.l.p.PaymentService : Processed payment 41866 for account A-956 in 28 ms
2024-01-15 10:01:44.200  INFO  [lily-payments,5e63c3ec5125d290779e415660aa9975,693b12de745c9ca8] 1 --- [scheduling-1] c.l.p.PaymentService : Processed payment 99065 for account A-204 in 55 ms
2024-01-15 10:01:45.900  INFO  [lily-payments,600f27621d6f0568bed840a6d59c1db1,bc11b499e469e0ed] 1 --- [http-nio-8080-exec-7] c.l.p.PaymentService : Processed payment 15127 for account A-921 in 72 ms
2024-01-15 10:01:47.600  INFO  [lily-payments,23f28cc06e6fc7c85244d5d3f476ddc1,2086f766125a3429] 1 --- [scheduling-1] c.l.p.PaymentService : Processed payment 34819 for account A-829 in 66 ms
2024-01-15 10:01:49.300  INFO  [lily-payments,e4944cecc9fd5bfadba7df4f75d9fcf4,e664ce3f2b4c5491] 1 --- [http-nio-8080-exec-1] c.l.p.PaymentService : Processed payment 97304 for account A-340 in 65 ms
2024-01-15 10:01:51.000  INFO  [lily-payments,e2eee841103fdad2e1a1c43a45a57cd4,ea87add5ab8a3698] 1 --- [http-nio-8080-exec-3] c.l.p.PaymentService : Processed payment 36477 for account A-392 in 20 ms
2024-01-15 10:01:52.700  INFO  [lily-payments,5a449dc10dcfb2a113836b6d56fb82a3,34a058ad34489edb] 1 --- [http-nio-8080-exec-7] c.l.p.PaymentService : Processed payment 87404 for account A-385 in 31 ms
2024-01-15 10:01:00.000  WARN  [lily-payments,c11f7558f268fefd07d1a074da9f2e8b,b1f6a03b75bd16fd] 1 --- [http-nio-8080-exec-7] c.l.p.IssuerClient : Payment declined by issuer code=05 attempt=2
2024-01-15 10:01:00.290  WARN  [lily-payments,e17610215c502311fd3e993e893c9d62,7da7d0e630b228f8] 1 --- [http-nio-8080-exec-7] c.l.p.IssuerClient : Payment declined by issuer code=61 attempt=1
2024-01-15 10:01:00.580  WARN  [lily-payments,afd0bfb76fd9bed12cb969a5ffdc6825,b223b47013cc5e32] 1 --- [scheduling-1] c.l.p.IssuerClient : Payment declined by issuer code=05 attempt=3
2024-01-15 10:01:00.870  WARN  [lily-payments,5793aee017c3b17f9b01801a27901366,4d435b531b44eab9] 1 --- [http-nio-8080-exec-7] c.l.p.IssuerClient : Payment declined by issuer code=61 attempt=1
2024-01-15 10:01:01.160  WARN  [lily-payments,f24a7e7b714dc9aed9ce11d9974d17ef,39fe95efed42b6ae] 1 --- [http-nio-8080-exec-7] c.l.p.IssuerClient : Payment declined by issuer code=61 attempt=1
2024-01-15 10:02:00.000  INFO  [lily-payments,2354e5fd1be40f161c3837deb1e1d506,710f14d452483497] 1 --- [http-nio-8080-exec-3] c.l.p.PaymentService : Processed payment 28357 for account A-751 in 46 ms
2024-01-15 10:02:01.700  INFO  [lily-payments,308d8fd757ccc15623bacdf7b01837cd,e2c2ea9a0a32ae04] 1 --- [http-nio-8080-exec-3] c.l.p.PaymentService : Processed payment 13663 for account A-997 in 28 ms
2024-01-15 10:02:03.400  INFO  [lily-payments,62d88fb2555c00e804bbef0e91321536,b1f97f23230f79cc] 1 --- [http-nio-8080-exec-7] c.l.p.PaymentService : Processed payment 25957 for account A-914 in 79 ms
2024-01-15 10:02:05.100  INFO  [lily-payments,4f11d0076bfe7df7ab47f989897e1c3e,acf53facacfe0190] 1 --- [http-nio-8080-exec-3] c.l.p.PaymentService : Processed payment 58699 for account A-343 in 72 ms
2024-01-15 10:02:06.800  INFO  [lily-payments,9dd6f9926a0bd521cb82f5b0b9791eb4,b4171c95114e813f] 1 --- [scheduling-1] c.l.p.PaymentService : Processed payment 32058 for account A-767 in 52 ms
2024-01-15 10:02:08.500  INFO  [lily-payments,53ac4dcf1754ebf55f2ef4fbba04f937,6905a34deebf4299] 1 --- [http-nio-8080-exec-1] c.l.p.PaymentService : Processed payment 66716 for account A-750 in 57 ms
2024-01-15 10:02:10.200  INFO  [lily-payments,24f72df0b98dcb39d062ddecc30547fc,a3ddc020c0f1e4c1] 1 --- [scheduling-1] c.l.p.PaymentService : Processed payment 18360 for account A-532 in 11 ms
2024-01-15 10:02:11.900  INFO  [lily-payments,92f01eccefcb8dc21f2e98d6fbb20eff,3c4060d411feb893] 1 --- [http-nio-8080-exec-3] c.l.p.PaymentService : Processed payment 14875 for account A-435 in 87 ms
2024-01-15 10:02:13.600  INFO  [lily-payments,5e893321fa00831268e14bc992d2a566,e7a6f40b97c091ce] 1 --- [http-nio-8080-exec-3] c.l.p.PaymentService : Processed payment 35236 for account A-730 in 68 ms
2024-01-15 10:02:15.300  INFO  [lily-payments,c0638a9c1bfa492e4e0c7260d041d616,634ed2b37958ee2f] 1 --- [scheduling-1] c.l.p.PaymentService : Processed payment 78302 for account A-347 in 89 ms
2024-01-15 10:02:17.000  INFO  [lily-payments,14c611d280920cf52cd659338fe30559,a77def8cdfa40f92] 1 --- [http-nio-8080-exec-3] c.l.p.PaymentService : Processed payment 52393 for account A-605 in 88 ms
2024-01-15 10:02:18.700  INFO  [lily-payments,04a21e7dcf9a5b3cf5a28703e8078bc0,a5dedb2ab8f14c71] 1 --- [scheduling-1] c.l.p.PaymentService : Processed payment 72721 for account A-529 in 16 ms
2024-01-15 10:02:20.400  INFO  [lily-payments,10c5e73ffe5e47726621fa3442ac67fe,e98fb686e3c6e929] 1 --- [http-nio-8080-exec-7] c.l.p.PaymentService : Processed payment 96419 for account A-288 in 58 ms
2024-01-15 10:02:22.100  INFO  [lily-payments,2111382eb9a8bc82c2f4c3621e3503a3,4a618dd357120cb3] 1 --- [http-nio-8080-exec-3] c.l.p.PaymentService : Processed payment 44654 for account A-113 in 82 ms
2024-01-15 10:02:23.800  INFO  [lily-payments,cb4a07b70dd0af82c9d70a85bba15eea,4ecfce61f490a6e3] 1 --- [http-nio-8080-exec-7] c.l.p.PaymentService : Processed payment 53422 for account A-441 in 63 ms
2024-01-15 10:02:25.500  INFO  [lily-payments,5bce7b591920ca4486134731cec4ad76,16dcac0d5b0b4b1c] 1 --- [http-nio-8080-exec-3] c.l.p.PaymentService : Processed payment 45863 for account A-464 in 66 ms
2024-01-15 10:02:27.200  INFO  [lily-payments,b26666cd58179f15c3288192c9ae4288,0b1d9d49d4302429] 1 --- [scheduling-1] c.l.p.PaymentService : Processed payment 62658 for account A-788 in 42 ms
2024-01-15 10:02:28.900  INFO  [lily-payments,7a81bc4a4bf20e6f6a72aa71fdfc0c7c,1e7b7f52508a38da] 1 --- [http-nio-8080-exec-1] c.l.p.PaymentService : Processed payment 62654 for account A-713 in 23 ms
2024-01-15 10:02:30.600  INFO  [lily-payments,d0fd1f5adc716274a6c5ea7be2090c41,98a497eec64e4b71] 1 --- [http-nio-8080-exec-1] c.l.p.PaymentService : Processed payment 88707 for account A-529 in 87 ms
2024-01-15 10:02:32.300  INFO  [lily-payments,87b00886987d92091ba7a0bdbeb12c1a,69aecaaa36f9f08d] 1 --- [http-nio-8080-exec-7] c.l.p.PaymentService : Processed payment 81091 for account A-786 in 11 ms
2024-01-15 10:02:34.000  INFO  [lily-payments,96eabaaa7d1cb596f1ec6ce6356bca47,504c9d5c22bf4d62] 1 --- [scheduling-1] c.l.p.PaymentService : Processed payment 22118 for account A-491 in 38 ms
2024-01-15 10:02:35.700  INFO  [lily-payments,9bf31df2ff92888765d864556c72bca7,4f2483d534a3f3f1] 1 --- [http-nio-8080-exec-3] c.l.p.PaymentService : Processed payment 51372 for account A-628 in 28 ms
2024-01-15 10:02:37.400  INFO  [lily-payments,5ab422bcd5fa7784144eadc631518c8f,890a7aadc41d3752] 1 --- [http-nio-8080-exec-7] c.l.p.PaymentService : Processed payment 43867 for account A-160 in 13 ms
2024-01-15 10:02:39.100  INFO  [lily-payments,4da5fd7319692ec9835a8c3362a2fa07,979e9e515b6b9f2d] 1 --- [scheduling-1] c.l.p.PaymentService : Processed payment 11720 for account A-999 in 47 ms
2024-01-15 10:02:40.800  INFO  [lily-payments,9ed00d9e3a05bb94a6232bb627d0ae00,b5b7f603a0472825] 1 --- [scheduling-1] c.l.p.PaymentService : Processed payment 44005 for account A-550 in 38 ms
2024-01-15 10:02:42.500  INFO  [lily-payments,28a80eee76054b39ea926f35e868d949,f83a5461b7892402] 1 --- [http-nio-8080-exec-3] c.l.p.PaymentService : Processed payment 77212 for account A-985 in 82 ms
2024-01-15 10:02:44.200  INFO  [lily-payments,61938d9ac635533cc38a90e493059924,ae0115f8a4210741] 1 --- [scheduling-1] c.l.p.PaymentService : Processed payment 19844 for account A-628 in 39 ms
2024-01-15 10:02:45.900  INFO  [lily-payments,f7b2fba8495202a9eb4c3fe51656bc71,2ac23c37dd2ffb60] 1 --- [http-nio-8080-exec-7] c.l.p.PaymentService : Processed payment 78327 for account A-325 in 53 ms
2024-01-15 10:02:47.600  INFO  [lily-payments,383b6e5487e144d601b1118a4e845104,ecf0ad9a7037fbbe] 1 --- [http-nio-8080-exec-7] c.l.p.PaymentService : Processed payment 73276 for account A-901 in 33 ms
2024-01-15 10:02:49.300  INFO  [lily-payments,c35ff13e560242f6ae50a7ba734bdfb5,6b12be1e3b68057f] 1 --- [http-nio-8080-exec-1] c.l.p.PaymentService : Processed payment 28924 for account A-789 in 72 ms
2024-01-15 10:02:00.000  WARN  [lily-payments,3699174746ebe584b4098e3b2019a8f1,d306bbff525f1421] 1 --- [http-nio-8080-exec-1] c.l.p.IssuerClient : Payment declined by issuer code=05 attempt=1
2024-01-15 10:02:00.290  WARN  [lily-payments,84f6581eb9e745502a3ec7fe039444de,7d6dc81f679443b4] 1 --- [scheduling-1] c.l.p.IssuerClient : Payment declined by issuer code=05 attempt=3
2024-01-15 10:02:00.580  WARN  [lily-payments,ad89d7ef54850e47b0b9d64bf3c0884c,82a32aba37164d03] 1 --- [http-nio-8080-exec-3] c.l.p.IssuerClient : Payment declined by issuer code=61 attempt=1
2024-01-15 10:02:00.870  WARN  [lily-payments,de42935f3ab4e8bb90cdbdc88687266a,0e7651c3f24c5b31] 1 --- [http-nio-8080-exec-1] c.l.p.IssuerClient : Payment declined by issuer code=51 attempt=1
2024-01-15 10:02:01.160  WARN  [lily-payments,20ce1b648e36950d0f2da35bca178bfa,d16271ebf076b01e] 1 --- [scheduling-1] c.l.p.IssuerClient : Payment declined by issuer code=61 attempt=1
2024-01-15 10:03:00.000  INFO  [lily-payments,1ad592d197cd1058c2d1e2d4e1bd11fa,c32e011cdd5a970b] 1 --- [scheduling-1] c.l.p.PaymentService : Processed payment 48470 for account A-935 in 56 ms
2024-01-15 10:03:01.700  INFO  [lily-payments,11f45cc00e3011c9df19fe15230f4912,cdc89b993db66e20] 1 --- [scheduling-1] c.l.p.PaymentService : Processed payment 86360 for account A-220 in 37 ms
2024-01-15 10:03:03.400  INFO  [lily-payments,83bc772cd9ad1899e3716a3fcf051dd7,581b67dd3c2da80d] 1 --- [http-nio-8080-exec-7] c.l.p.PaymentService : Processed payment 90324 for account A-859 in 62 ms
2024-01-15 10:03:05.100  INFO  [lily-payments,d1bf00388752e851039388ebec94a0d3,4b8311e71475f93a] 1 --- [http-nio-8080-exec-3] c.l.p.PaymentService : Processed payment 34778 for account A-300 in 44 ms
2024-01-15 10:03:06.800  INFO  [lily-payments,1a62bcc980df0213c8c0b40a4d94a25c,fc89a271ea142e70] 1 --- [scheduling-1] c.l.p.PaymentService : Processed payment 93282 for account A-156 in 74 ms
2024-01-15 10:03:08.500  INFO  [lily-payments,d7045d80de237d7fcd921516dbfd5db5,8f5f88ebc43183ed] 1 --- [scheduling-1] c.l.p.PaymentService : Processed payment 58936 for account A-397 in 64 ms
2024-01-15 10:03:10.200  INFO  [lily-payments,17a20b4396c3a3e02af4c4a3783fae84,c966eea726f11306] 1 --- [http-nio-8080-exec-3] c.l.p.PaymentService : Processed payment 68469 for account A-232 in 56 ms
2024-01-15 10:03:11.900  INFO  [lily-payments,bd4c28c7f92cc277a9efbaddf64e2d6c,c75b38236079c967] 1 --- [scheduling-1] c.l.p.PaymentService : Processed payment 24185 for account A-248 in 11 ms
2024-01-15 10:03:13.600  INFO  [lily-payments,444a20a4660e6b6dcb4e49353540e0d8,d9dfb2c983a4fdf8] 1 --- [http-nio-8080-exec-1] c.l.p.PaymentService : Processed payment 71331 for account A-988 in 64 ms
2024-01-15 10:03:15.300  INFO  [lily-payments,d6aabc89b312c0c5ade93b2f69b588cf,43128ab6f91a0398] 1 --- [http-nio-8080-exec-3] c.l.p.PaymentService : Processed payment 11327 for account A-219 in 36 ms
2024-01-15 10:03:17.000  INFO  [lily-payments,a51be16fa1016f504fa9ea12738ddc7f,c58fc285cfe85198] 1 --- [http-nio-8080-exec-3] c.l.p.PaymentService : Processed payment 99762 for account A-106 in 54 ms
2024-01-15 10:03:18.700  INFO  [lily-payments,a8e85a8df2d7c44078f513183f4d20c0,603161e66b3b6e79] 1 --- [http-nio-8080-exec-1] c.l.p.PaymentService : Processed payment 74737 for account A-354 in 38 ms
2024-01-15 10:03:20.400  INFO  [lily-payments,a95c145f968eead9796b35e52cf8b439,2aaff4f90f5d461e] 1 --- [http-nio-8080-exec-3] c.l.p.PaymentService : Processed payment 64978 for account A-436 in 82 ms
2024-01-15 10:03:22.100  INFO  [lily-payments,197afaa0d8083f6dc8337882a571e7bc,691b4c7038b9311d] 1 --- [http-nio-8080-exec-3] c.l.p.PaymentService : Processed payment 76823 for account A-829 in 82 ms
2024-01-15 10:03:23.800  INFO  [lily-payments,b0b7cd71c6d48457b832b4932e58f3b5,396bf4534acccab1] 1 --- [http-nio-8080-exec-7] c.l.p.PaymentService : Processed payment 28138 for account A-537 in 58 ms
2024-01-15 10:03:25.500  INFO  [lily-payments,45c8612b268889d7edfdc9ce6a81d463,7e32d1e54b22aac8] 1 --- [http-nio-8080-exec-3] c.l.p.PaymentService : Processed payment 69627 for account A-720 in 44 ms
2024-01-15 10:03:27.200  INFO  [lily-payments,5fb845897d62f07af3791b54be42f696,f877dbe8df30b137] 1 --- [scheduling-1] c.l.p.PaymentService : Processed payment 36729 for account A-294 in 25 ms
2024-01-15 10:03:28.900  INFO  [lily-payments,b83b1a88158718904f3e1663aa0a90db,3511ea169ea548be] 1 --- [http-nio-8080-exec-1] c.l.p.PaymentService : Processed payment 81971 for account A-983 in 35 ms
2024-01-15 10:03:30.600  INFO  [lily-payments,13ba3f03b02cfdf280ac5761e44d5769,5b566ae66b301669] 1 --- [http-nio-8080-exec-1] c.l.p.PaymentService : Processed payment 32195 for account A-904 in 20 ms
2024-01-15 10:03:32.300  INFO  [lily-payments,6f54e8217a3f1f01fb97d168c19eea25,88408fb7ff77c3a8] 1 --- [http-nio-8080-exec-1] c.l.p.PaymentService : Processed payment 54197 for account A-761 in 34 ms
2024-01-15 10:03:34.000  INFO  [lily-payments,3d6347e0e2deafad5ad2de0cb26f4ac6,bced34cb895b1d46] 1 --- [http-nio-8080-exec-1] c.l.p.PaymentService : Processed payment 87669 for account A-256 in 74 ms
2024-01-15 10:03:35.700  INFO  [lily-payments,e780eb53e6cb6f570a30fac463f96064,f23297634eda651f] 1 --- [scheduling-1] c.l.p.PaymentService : Processed payment 21306 for account A-462 in 17 ms
2024-01-15 10:03:37.400  INFO  [lily-payments,416608a2d2dd1937cf0dec43fc7c151b,45e93e493b2b010f] 1 --- [scheduling-1] c.l.p.PaymentService : Processed payment 11811 for account A-896 in 37 ms
2024-01-15 10:03:39.100  INFO  [lily-payments,001a3263a9ee8231c5e8e27f2287b9ec,b206c79d0b1fc77c] 1 --- [http-nio-8080-exec-3] c.l.p.PaymentService : Processed payment 49394 for account A-497 in 71 ms
2024-01-15 10:03:40.800  INFO  [lily-payments,8bd5e3497cf5c82029f2f8088115975f,e777b82f4fa34889] 1 --- [scheduling-1] c.l.p.PaymentService : Processed payment 83179 for account A-316 in 86 ms
2024-01-15 10:03:42.500  INFO  [lily-payments,79bde36041443e82b3a4a477c4ee21c1,2e9854fcff9e4a4c] 1 --- [scheduling-1] c.l.p.PaymentService : Processed payment 61145 for account A-648 in 73 ms
2024-01-15 10:03:44.200  INFO  [lily-payments,1fe6c6d8c884330c22fb36b2b2b5d6f5,5c5c76cc2d0fec31] 1 --- [scheduling-1] c.l.p.PaymentService : Processed payment 17767 for account A-973 in 41 ms
2024-01-15 10:03:45.900  INFO  [lily-payments,db5e3d669006500cb6c0799f3151f45b,f733fa7085319313] 1 --- [scheduling-1] c.l.p.PaymentService : Processed payment 42308 for account A-371 in 69 ms
2024-01-15 10:03:47.600  INFO  [lily-payments,c5abc394ea7f3d55c137627055723d7d,645f668f82db3fca] 1 --- [http-nio-8080-exec-7] c.l.p.PaymentService : Processed payment 26994 for account A-737 in 74 ms
2024-01-15 10:03:49.300  INFO  [lily-payments,d62f4bc9daf28f92ed4b5317d695b2a2,5f24a181621ea1cd] 1 --- [http-nio-8080-exec-7] c.l.p.PaymentService : Processed payment 14105 for account A-340 in 64 ms
2024-01-15 10:03:51.000  INFO  [lily-payments,26def4114f09e3523e3fc314c674ee23,9d7b8c24a6df14f9] 1 --- [http-nio-8080-exec-3] c.l.p.PaymentService : Processed payment 64076 for account A-552 in 56 ms
2024-01-15 10:03:52.700  INFO  [lily-payments,2d1ae3bdf41513b5eefb8c1743d8a07d,73c9eac41747cae7] 1 --- [scheduling-1] c.l.p.PaymentService : Processed payment 75408 for account A-614 in 38 ms
2024-01-15 10:03:54.400  INFO  [lily-payments,743f5b275a7d0c82445373c1128f9bff,237b402721a2e872] 1 --- [http-nio-8080-exec-3] c.l.p.PaymentService : Processed payment 15319 for account A-418 in 72 ms
2024-01-15 10:03:00.000  WARN  [lily-payments,3317500457f164e9ecf05171bf037086,47c46165c19ec102] 1 --- [scheduling-1] c.l.p.IssuerClient : Payment declined by issuer code=61 attempt=1
2024-01-15 10:03:00.290  WARN  [lily-payments,d886be0b75f238e4e038b4d70ed2d1b4,c0e9319b0eac7959] 1 --- [http-nio-8080-exec-1] c.l.p.IssuerClient : Payment declined by issuer code=61 attempt=1
2024-01-15 10:03:00.580  WARN  [lily-payments,f2584d1cdc9ec89dc074fa10005020be,c862d392288ed98c] 1 --- [scheduling-1] c.l.p.IssuerClient : Payment declined by issuer code=51 attempt=3
2024-01-15 10:03:00.870  WARN  [lily-payments,484a4becbb74e67b54fdafaa45670cc8,c4737e00107569ee] 1 --- [scheduling-1] c.l.p.IssuerClient : Payment declined by issuer code=51 attempt=2
2024-01-15 10:03:01.160  WARN  [lily-payments,58e323fdc92db903cce3f746993f5e6b,2146c2de8600237f] 1 --- [http-nio-8080-exec-7] c.l.p.IssuerClient : Payment declined by issuer code=61 attempt=1
2024-01-15 10:04:00.000  INFO  [lily-payments,71538cead663aa8529aafda9562caa1d,576098bbb22693bc] 1 --- [http-nio-8080-exec-7] c.l.p.PaymentService : Processed payment 31481 for account A-916 in 78 ms
2024-01-15 10:04:01.700  INFO  [lily-payments,bb6db07d249ca10f30eb3839d5ba1285,81aed661866f3c1a] 1 --- [scheduling-1] c.l.p.PaymentService : Processed payment 16550 for account A-724 in 16 ms
2024-01-15 10:04:03.400  INFO  [lily-payments,b990890c4883faa29d68da3c35f183e3,2e5c30ad14363bc0] 1 --- [http-nio-8080-exec-3] c.l.p.PaymentService : Processed payment 10401 for account A-878 in 51 ms
2024-01-15 10:04:05.100  INFO  [lily-payments,d9000acccb766a8d926795fc263cc4f1,81dfc18e3f989b86] 1 --- [http-nio-8080-exec-7] c.l.p.PaymentService : Processed payment 34925 for account A-990 in 27 ms
2024-01-15 10:04:06.800  INFO  [lily-payments,562acc0376f0fee2a4fd01493f6483d5,d8dbed14846326d7] 1 --- [http-nio-8080-exec-3] c.l.p.PaymentService : Processed payment 16117 for account A-599 in 12 ms
2024-01-15 10:04:08.500  INFO  [lily-payments,d232bd42f94db36b7f41a69e478cf80d,d053b3894c9e1c2d] 1 --- [http-nio-8080-exec-1] c.l.p.PaymentService : Processed payment 12361 for account A-334 in 60 ms
2024-01-15 10:04:10.200  INFO  [lily-payments,62aec14cd799d62097962986c51264c3,fd6c0db45df8cc0d] 1 --- [http-nio-8080-exec-1] c.l.p.PaymentService : Processed payment 66866 for account A-518 in 23 ms
2024-01-15 10:04:11.900  INFO  [lily-payments,8335ee1062d8909051f88717c101396f,9891238440628fa0] 1 --- [http-nio-8080-exec-3] c.l.p.PaymentService : Processed payment 22561 for account A-785 in 14 ms
2024-01-15 10:04:13.600  INFO  [lily-payments,69aae1482c0d5b7efaf13057f7f9f206,d492fa05966bc660] 1 --- [http-nio-8080-exec-7] c.l.p.PaymentService : Processed payment 19406 for account A-193 in 27 ms
2024-01-15 10:04:15.300  INFO  [lily-payments,092cdd0aac6b6c1105d2578bf6b01a4c,add6e912470aaba3] 1 --- [http-nio-8080-exec-1] c.l.p.PaymentService : Processed payment 99245 for account A-146 in 79 ms
2024-01-15 10:04:17.000  INFO  [lily-payments,558c8b9ba318f910f1beedf188192af9,ebf82df3449ac3e1] 1 --- [scheduling-1] c.l.p.PaymentService : Processed payment 40308 for account A-493 in 27 ms
2024-01-15 10:04:18.700  INFO  [lily-payments,dac48aa47db0bb1c12caba6789a781db,dcefac26c9f21a43] 1 --- [http-nio-8080-exec-3] c.l.p.PaymentService : Processed payment 44273 for account A-723 in 8 ms
2024-01-15 10:04:20.400  INFO  [lily-payments,e1565f5910fb21e678a861e51735fd93,55a534e9a8635681] 1 --- [scheduling-1] c.l.p.PaymentService : Processed payment 36028 for account A-593 in 12 ms
2024-01-15 10:04:22.100  INFO  [lily-payments,f5b3a8d40ffdaaa1de147c2a6f3f5a4d,9976072b0026323c] 1 --- [http-nio-8080-exec-1] c.l.p.PaymentService : Processed payment 79162 for account A-642 in 72 ms
2024-01-15 10:04:23.800  INFO  [lily-payments,f7632646f38f40982d39f48048c926a0,44ac5b504558d1c1] 1 --- [http-nio-8080-exec-7] c.l.p.PaymentService : Processed payment 20233 for account A-710 in 50 ms
2024-01-15 10:04:25.500  INFO  [lily-payments,932880f809ef22a96964fb459ca8b801,1659d3190d51443f] 1 --- [http-nio-8080-exec-3] c.l.p.PaymentService : Processed payment 89984 for account A-314 in 83 ms
2024-01-15 10:04:27.200  INFO  [lily-payments,bfbc0191a6d2af0cd49d8122fba28b20,65d3a92ab09dab25] 1 --- [http-nio-8080-exec-1] c.l.p.PaymentService : Processed payment 64604 for account A-331 in 69 ms
2024-01-15 10:04:28.900  INFO  [lily-payments,6a1db2d69e8f0a1ec3b3853f8e0b7927,e5399d2558835465] 1 --- [scheduling-1] c.l.p.PaymentService : Processed payment 98434 for account A-331 in 33 ms
2024-01-15 10:04:30.600  INFO  [lily-payments,0d62e59603bca97a7b2f44e380278615,3e52468b25e80e67] 1 --- [scheduling-1] c.l.p.PaymentService : Processed payment 32026 for account A-985 in 34 ms
2024-01-15 10:04:32.300  INFO  [lily-payments,28e141b4e0806ce9a8732806e09c4815,ef5fae6c1689454d] 1 --- [http-nio-8080-exec-1] c.l.p.PaymentService : Processed payment 79559 for account A-626 in 9 ms
2024-01-15 10:04:34.000  INFO  [lily-payments,3961686ba51687862f9ac1646667377f,727d508ad1281661] 1 --- [http-nio-8080-exec-3] c.l.p.PaymentService : Processed payment 15050 for account A-373 in 61 ms
2024-01-15 10:04:35.700  INFO  [lily-payments,3d7ad5b7596be861a0f2e4fcf221dabe,a50b881eaf906465] 1 --- [scheduling-1] c.l.p.PaymentService : Processed payment 25071 for account A-785 in 55 ms
2024-01-15 10:04:37.400  INFO  [lily-payments,17cf6e27f0189db8935344181c4fed44,03bc40115125c519] 1 --- [scheduling-1] c.l.p.PaymentService : Processed payment 75402 for account A-958 in 77 ms
2024-01-15 10:04:39.100  INFO  [lily-payments,e7f3294c8b489be0beb8316c8c757062,00f529c771609e2e] 1 --- [http-nio-8080-exec-1] c.l.p.PaymentService : Processed payment 15334 for account A-937 in 88 ms
2024-01-15 10:04:40.800  INFO  [lily-payments,892a60d9680743589c218e77d5a29ee5,2e956a9dfe72c28a] 1 --- [http-nio-8080-exec-3] c.l.p.PaymentService : Processed payment 88290 for account A-265 in 31 ms
2024-01-15 10:04:42.500  INFO  [lily-payments,a7ac8aed2db0dccc1fc3c6174ac2b815,62e91b53f953a8da] 1 --- [scheduling-1] c.l.p.PaymentService : Processed payment 49922 for account A-320 in 66 ms
2024-01-15 10:04:44.200  INFO  [lily-payments,df1f6bc8113b6ad33df0267a3a5dde6b,aa7a411f37b59a10] 1 --- [http-nio-8080-exec-7] c.l.p.PaymentService : Processed payment 41377 for account A-895 in 64 ms
2024-01-15 10:04:45.900  INFO  [lily-payments,903ee60619eb96c06dd72643657c886c,c8628e8e25ed3626] 1 --- [http-nio-8080-exec-1] c.l.p.PaymentService : Processed payment 73764 for account A-559 in 17 ms
2024-01-15 10:04:47.600  INFO  [lily-payments,2318cdaa3ff510ab7e8d28ff8217d0aa,47a555930f434713] 1 --- [scheduling-1] c.l.p.PaymentService : Processed payment 60954 for account A-649 in 57 ms
2024-01-15 10:04:00.000  WARN  [lily-payments,41ef6e97ae33ef2c46f8fc3bcf87b0e5,03554dab72c08cd4] 1 --- [scheduling-1] c.l.p.IssuerClient : Payment declined by issuer code=61 attempt=1
2024-01-15 10:04:00.290  WARN  [lily-payments,165100d44f7e69730daac34fe5e6ceea,e26d90eb76f426f4] 1 --- [http-nio-8080-exec-1] c.l.p.IssuerClient : Payment declined by issuer code=61 attempt=1
2024-01-15 10:04:00.580  WARN  [lily-payments,f05a38513ff7921f2a122a0e9e4fcdac,c484d7c75c0aff6c] 1 --- [http-nio-8080-exec-7] c.l.p.IssuerClient : Payment declined by issuer code=61 attempt=3
2024-01-15 10:04:00.870  WARN  [lily-payments,82dbf612b7c43295c6fe79ca87febdfe,ce5ec5052bcf5f9b] 1 --- [http-nio-8080-exec-7] c.l.p.IssuerClient : Payment declined by issuer code=51 attempt=3
2024-01-15 10:04:01.160  WARN  [lily-payments,1de4bb70a1b46d02aa9e4e35cb6d4f5c,5fff977c36ccf6e9] 1 --- [http-nio-8080-exec-3] c.l.p.IssuerClient : Payment declined by issuer code=05 attempt=3
2024-01-15 10:05:00.000  INFO  [lily-payments,81a3720ec1d86e0abdf6e75e5346f7f0,6c7ee4172effe1cb] 1 --- [http-nio-8080-exec-7] c.l.p.PaymentService : Processed payment 94416 for account A-753 in 45 ms
2024-01-15 10:05:01.700  INFO  [lily-payments,750679353bbe62baf6b4961731da3176,6d2762d6c12c8a2b] 1 --- [scheduling-1] c.l.p.PaymentService : Processed payment 51154 for account A-725 in 78 ms
2024-01-15 10:05:03.400  INFO  [lily-payments,b5613ead80a9cd1abdf27d96cd4ae9e1,2671a54486b388ac] 1 --- [http-nio-8080-exec-7] c.l.p.PaymentService : Processed payment 19472 for account A-613 in 60 ms
2024-01-15 10:05:05.100  INFO  [lily-payments,290b15d6935d34fd9b0681af168adeb4,2747acad86602d54] 1 --- [http-nio-8080-exec-3] c.l.p.PaymentService : Processed payment 19265 for account A-576 in 49 ms
2024-01-15 10:05:06.800  INFO  [lily-payments,2416cb0ec5e7aeca47944d1291cf89a5,f867863fdd7a64fa] 1 --- [http-nio-8080-exec-7] c.l.p.PaymentService : Processed payment 11816 for account A-434 in 64 ms
2024-01-15 10:05:08.500  INFO  [lily-payments,3f24c4e9a9fae4f470f17693906719fe,60aaf867098cd07b] 1 --- [http-nio-8080-exec-7] c.l.p.PaymentService : Processed payment 97863 for account A-994 in 80 ms
2024-01-15 10:05:10.200  INFO  [lily-payments,bfdce9df5a45bdcfd8c4fef8118bc26b,5e4e2c442f7593e4] 1 --- [http-nio-8080-exec-3] c.l.p.PaymentService : Processed payment 90598 for account A-775 in 9 ms
2024-01-15 10:05:11.900  INFO  [lily-payments,68f612d53ebcd9b3aa7ee7e5acb6e154,633523f70986393e] 1 --- [http-nio-8080-exec-7] c.l.p.PaymentService : Processed payment 53173 for account A-402 in 76 ms
2024-01-15 10:05:13.600  INFO  [lily-payments,56a5ad8362d41b450cac5a5935791950,1cbfc3456a4055cf] 1 --- [http-nio-8080-exec-3] c.l.p.PaymentService : Processed payment 58803 for account A-628 in 50 ms
2024-01-15 10:05:15.300  INFO  [lily-payments,2e9496c4530cd56f33bbc2e333f824d6,fe832a1a0cdccbd1] 1 --- [scheduling-1] c.l.p.PaymentService : Processed payment 55424 for account A-864 in 54 ms
2024-01-15 10:05:17.000  INFO  [lily-payments,5f9a783d68664729ba6edea381c95e20,f5d3dc8ff307e904] 1 --- [http-nio-8080-exec-3] c.l.p.PaymentService : Processed payment 12576 for account A-486 in 80 ms
2024-01-15 10:05:18.700  INFO  [lily-payments,6a826fd13c48e3348e97ed3907b76f48,aa59cf282cafa280] 1 --- [http-nio-8080-exec-3] c.l.p.PaymentService : Processed payment 57570 for account A-687 in 28 ms
2024-01-15 10:05:20.400  INFO  [lily-payments,ad4b9e178aacc2862f69e2e016af9257,82d98634cf6e0468] 1 --- [http-nio-8080-exec-7] c.l.p.PaymentService : Processed payment 29881 for account A-150 in 38 ms
2024-01-15 10:05:22.100  INFO  [lily-payments,5a75cb827655ae356d70836fc1cbbb67,3ed25d80c09575a6] 1 --- [http-nio-8080-exec-7] c.l.p.PaymentService : Processed payment 65402 for account A-657 in 33 ms
2024-01-15 10:05:23.800  INFO  [lily-payments,1d7e7bd584df9ae6d29e9c79e6defa53,81ab06c3edb2ec91] 1 --- [http-nio-8080-exec-3] c.l.p.PaymentService : Processed payment 38595 for account A-675 in 20 ms
2024-01-15 10:05:25.500  INFO  [lily-payments,b3bda5307db638c8929fd185ab42bbd2,f5e6176547bb624b] 1 --- [http-nio-8080-exec-7] c.l.p.PaymentService : Processed payment 10173 for account A-974 in 34 ms
2024-01-15 10:05:27.200  INFO  [lily-payments,2aa8c7bf5f79d60019728ab5ae3f3377,2ebc04dda4ae7625] 1 --- [http-nio-8080-exec-1] c.l.p.PaymentService : Processed payment 88775 for account A-735 in 85 ms
2024-01-15 10:05:28.900  INFO  [lily-payments,4a1b9ba14774fd2088d255b7e85347d6,34e1e6829fdb7de9] 1 --- [http-nio-8080-exec-3] c.l.p.PaymentService : Processed payment 25163 for account A-736 in 25 ms
2024-01-15 10:05:30.600  INFO  [lily-payments,64efd96404e4474d29329bb096078e7d,77cd4eed36f6ab6e] 1 --- [http-nio-8080-exec-7] c.l.p.PaymentService : Processed payment 57762 for account A-960 in 71 ms
2024-01-15 10:05:32.300  INFO  [lily-payments,4686909c27f3b963c720ef9123ff92f2,6c8e630f0712d779] 1 --- [http-nio-8080-exec-7] c.l.p.PaymentService : Processed payment 12076 for account A-276 in 28 ms
2024-01-15 10:05:34.000  INFO  [lily-payments,c1ad810f5ab0a18c84f7ed878dc0e0e5,68190e9935280dc6] 1 --- [http-nio-8080-exec-3] c.l.p.PaymentService : Processed payment 80321 for account A-994 in 46 ms
2024-01-15 10:05:35.700  INFO  [lily-payments,78115e3c2a3f69844eb356193c10f196,00f8bb89d73035fd] 1 --- [http-nio-8080-exec-1] c.l.p.PaymentService : Processed payment 16886 for account A-225 in 64 ms
2024-01-15 10:05:37.400  INFO  [lily-payments,10de971086bd582fbc8dc4fe50db19fe,e0fc47f6b08625fc] 1 --- [scheduling-1] c.l.p.PaymentService : Processed payment 93223 for account A-450 in 84 ms
2024-01-15 10:05:39.100  INFO  [lily-payments,0c39bcb23bdd4850b33cb27f594fbfa5,b0605c6c5a43cdb3] 1 --- [http-nio-8080-exec-7] c.l.p.PaymentService : Processed payment 89461 for account A-805 in 57 ms
2024-01-15 10:05:40.800  INFO  [lily-payments,89cad00eb81489d6a0786d9a452f5678,56f989929b3bc9e2] 1 --- [http-nio-8080-exec-7] c.l.p.PaymentService : Processed payment 12518 for account A-187 in 37 ms
2024-01-15 10:05:42.500  INFO  [lily-payments,2d0143ee95ffb267dafaf973fc3cc452,283ecc75a7a54d9a] 1 --- [http-nio-8080-exec-7] c.l.p.PaymentService : Processed payment 31236 for account A-872 in 22 ms
2024-01-15 10:05:00.000  WARN  [lily-payments,6bc11a4f8a838ce70feaad156feee732,9dc1d67624011028] 1 --- [http-nio-8080-exec-3] c.l.p.IssuerClient : Payment declined by issuer code=61 attempt=2
2024-01-15 10:05:00.290  WARN  [lily-payments,fd29d39b2b86b9552c94b8f4aaa50f30,63c493cba12439ef] 1 --- [scheduling-1] c.l.p.IssuerClient : Payment declined by issuer code=05 attempt=3
2024-01-15 10:05:00.580  WARN  [lily-payments,196cfa0b7c7fe59ed68a33f89c544e6f,e5bf5e4f132ffbf0] 1 --- [scheduling-1] c.l.p.IssuerClient : Payment declined by issuer code=61 attempt=3
2024-01-15 10:05:00.870  WARN  [lily-payments,9e68cfbe3c242a9ee148e3c42056ca73,4587a50bdd9dfa5b] 1 --- [http-nio-8080-exec-3] c.l.p.IssuerClient : Payment declined by issuer code=51 attempt=2
2024-01-15 10:05:01.160  WARN  [lily-payments,6b7f482dd0fdff9e3e50a6ea88cc19f0,1671f55b5ac1318e] 1 --- [http-nio-8080-exec-1] c.l.p.IssuerClient : Payment declined by issuer code=61 attempt=3
2024-01-15 10:06:00.000  INFO  [lily-payments,0d687bae2de5a7396ece80ab0a993b80,198585e7b7563a9c] 1 --- [scheduling-1] c.l.p.PaymentService : Processed payment 92274 for account A-462 in 10 ms
2024-01-15 10:06:01.700  INFO  [lily-payments,cb832136593f8395a6487ee14e319e0f,7e8dba0bcfbc3be4] 1 --- [http-nio-8080-exec-3] c.l.p.PaymentService : Processed payment 33275 for account A-460 in 25 ms
2024-01-15 10:06:03.400  INFO  [lily-payments,3ee877f07b993a2dd2a6c925cd9ccbe3,f5f92fd85784bff4] 1 --- [scheduling-1] c.l.p.PaymentService : Processed payment 44500 for account A-128 in 65 ms
2024-01-15 10:06:05.100  INFO  [lily-payments,83471911bdd0a086983f2312c9e8cece,5b073f1a29cd9107] 1 --- [scheduling-1] c.l.p.PaymentService : Processed payment 19952 for account A-277 in 15 ms
2024-01-15 10:06:06.800  INFO  [lily-payments,9153d539b8f0c0a8d865e6fe87267e0a,8aefec8fb29740e8] 1 --- [scheduling-1] c.l.p.PaymentService : Processed payment 60942 for account A-181 in 33 ms
2024-01-15 10:06:08.500  INFO  [lily-payments,0a4a4227f4628fd7fafccbfd26cd04ee,5f69ebf68903d8ea] 1 --- [http-nio-8080-exec-7] c.l.p.PaymentService : Processed payment 64545 for account A-932 in 51 ms
2024-01-15 10:06:10.200  INFO  [lily-payments,35d042bd720c6c892e62e46bfb624714,667b7b7789455a6d] 1 --- [http-nio-8080-exec-7] c.l.p.PaymentService : Processed payment 81096 for account A-749 in 18 ms
2024-01-15 10:06:11.900  INFO  [lily-payments,a4042f892037633e4237b5792f44dee9,f8e2891ab95268e5] 1 --- [http-nio-8080-exec-7] c.l.p.PaymentService : Processed payment 95937 for account A-417 in 18 ms
2024-01-15 10:06:13.600  INFO  [lily-payments,104929e834586d79ab13ed405c4c6e3e,9f49c9b89f25ac8f] 1 --- [http-nio-8080-exec-3] c.l.p.PaymentService : Processed payment 78161 for account A-416 in 32 ms
2024-01-15 10:06:15.300  INFO  [lily-payments,aa3d313459a400f7db6bb059897aab9d,5b730af51f77d419] 1 --- [http-nio-8080-exec-1] c.l.p.PaymentService : Processed payment 49725 for account A-677 in 44 ms
2024-01-15 10:06:17.000  INFO  [lily-payments,2cd2dbcb10402e02461f5631bbe82290,34e7216d99536d9f] 1 --- [http-nio-8080-exec-7] c.l.p.PaymentService : Processed payment 77420 for account A-855 in 60 ms
2024-01-15 10:06:18.700  INFO  [lily-payments,05d2600ebff658d51fb9f3d48a8204f8,11ecb322e6d3da1a] 1 --- [http-nio-8080-exec-3] c.l.p.PaymentService : Processed payment 68523 for account A-520 in 16 ms
2024-01-15 10:06:20.400  INFO  [lily-payments,68b509c6a186a00a2e79ace1bd375de0,eba8887388adffe1] 1 --- [http-nio-8080-exec-7] c.l.p.PaymentService : Processed payment 40888 for account A-200 in 70 ms
2024-01-15 10:06:22.100  INFO  [lily-payments,b63f815e13a15ce6d3500f9c06e0be6b,eaed44ff3830efe8] 1 --- [scheduling-1] c.l.p.PaymentService : Processed payment 36896 for account A-377 in 30 ms
2024-01-15 10:06:23.800  INFO  [lily-payments,4c0ed48fb35e3bda589b164bb498ee48,d03a748c4140ef6e] 1 --- [http-nio-8080-exec-1] c.l.p.PaymentService : Processed payment 83351 for account A-609 in 79 ms
2024-01-15 10:06:25.500  INFO  [lily-payments,d8e7bd00873ba9cc8f214a3273e6f7ce,d16c949e9aaa89b1] 1 --- [http-nio-8080-exec-7] c.l.p.PaymentService : Processed payment 98832 for account A-128 in 69 ms
2024-01-15 10:06:27.200  INFO  [lily-payments,fba9745c237ebd065b80ba4c77f12fc5,0782ece135c6b78c] 1 --- [scheduling-1] c.l.p.PaymentService : Processed payment 33353 for account A-704 in 17 ms
2024-01-15 10:06:28.900  INFO  [lily-payments,b46aa6310b8f4765fb5486a2ca0b842c,90ac2c1e08a47d79] 1 --- [http-nio-8080-exec-7] c.l.p.PaymentService : Processed payment 72703 for account A-261 in 76 ms
2024-01-15 10:06:30.600  INFO  [lily-payments,5ad3b021a77bae5790238a0c2c0e06ab,464effcb5bca7f9f] 1 --- [http-nio-8080-exec-1] c.l.p.PaymentService : Processed payment 61792 for account A-522 in 47 ms
2024-01-15 10:06:32.300  INFO  [lily-payments,0925e72588962665c392377657820797,78e622205391c3de] 1 --- [http-nio-8080-exec-3] c.l.p.PaymentService : Processed payment 12844 for account A-147 in 61 ms
2024-01-15 10:06:34.000  INFO  [lily-payments,2637da74f9e11c060cfa5ba6935ce2f2,cb2da4854f4e2db7] 1 --- [http-nio-8080-exec-7] c.l.p.PaymentService : Processed payment 82399 for account A-141 in 11 ms
2024-01-15 10:06:35.700  INFO  [lily-payments,28b67e81437f1df7ec7b3f3887e6808e,e932abdfc9803866] 1 --- [http-nio-8080-exec-3] c.l.p.PaymentService : Processed payment 78662 for account A-206 in 62 ms
2024-01-15 10:06:37.400  INFO  [lily-payments,8cec8e1f88dde0afe6c414c5f115cdf1,4a6d65f388699c25] 1 --- [http-nio-8080-exec-1] c.l.p.PaymentService : Processed payment 21517 for account A-635 in 81 ms
2024-01-15 10:06:39.100  INFO  [lily-payments,1225bc112d12ea33f68350f37bf88412,14355983cfc6af1e] 1 --- [http-nio-8080-exec-1] c.l.p.PaymentService : Processed payment 25852 for account A-839 in 55 ms
2024-01-15 10:06:40.800  INFO  [lily-payments,7585c92da49550a52c3e1f6ec67c9dce,6ef8cbfd8f7e4fde] 1 --- [http-nio-8080-exec-7] c.l.p.PaymentService : Processed payment 30562 for account A-707 in 45 ms
2024-01-15 10:06:42.500  INFO  [lily-payments,86bd1e7a96c8581b671d7167c93e4bfc,01d0210c640cd849] 1 --- [http-nio-8080-exec-1] c.l.p.PaymentService : Processed payment 26260 for account A-743 in 29 ms
2024-01-15 10:06:44.200  INFO  [lily-payments,35e5e7c9d7dbc6a8dadc818ef6ede7aa,c3677f26314c9663] 1 --- [http-nio-8080-exec-1] c.l.p.PaymentService : Processed payment 57686 for account A-353 in 77 ms
2024-01-15 10:06:45.900  INFO  [lily-payments,882a109f45fe01fab68ce5aadc1a21bf,1547908fe6af0ea6] 1 --- [scheduling-1] c.l.p.PaymentService : Processed payment 72822 for account A-321 in 66 ms
2024-01-15 10:06:47.600  INFO  [lily-payments,c0fd9c346188cc3510d0d60e0e117423,29891859d131f79c] 1 --- [http-nio-8080-exec-3] c.l.p.PaymentService : Processed payment 32253 for account A-633 in 17 ms
2024-01-15 10:06:49.300  INFO  [lily-payments,e468f1e01bf801dcdbec8fa2ea1db78d,15d21be64cfb35b8] 1 --- [scheduling-1] c.l.p.PaymentService : Processed payment 57245 for account A-562 in 55 ms
2024-01-15 10:06:51.000  INFO  [lily-payments,08fed708a43673e0126d261022e73738,b4889c4cda4fdebd] 1 --- [http-nio-8080-exec-1] c.l.p.PaymentService : Processed payment 13060 for account A-374 in 70 ms
2024-01-15 10:06:52.700  INFO  [lily-payments,acda0a4a4f80572bcb59fc7a81737450,1fdd16ecab9a3ad3] 1 --- [http-nio-8080-exec-3] c.l.p.PaymentService : Processed payment 68044 for account A-652 in 89 ms
2024-01-15 10:06:54.400  INFO  [lily-payments,176d9f9b64af49381918cf607dd159e7,056a730fe560ea1a] 1 --- [http-nio-8080-exec-7] c.l.p.PaymentService : Processed payment 24910 for account A-352 in 31 ms
2024-01-15 10:06:00.000  WARN  [lily-payments,4a94bdb595c646abf560b4ccf37b2fb2,a3547c09abe6616a] 1 --- [http-nio-8080-exec-1] c.l.p.IssuerClient : Payment declined by issuer code=61 attempt=2
2024-01-15 10:06:00.290  WARN  [lily-payments,b20f7d155b905bfeea2defb415013c92,423151667cfee79e] 1 --- [http-nio-8080-exec-7] c.l.p.IssuerClient : Payment declined by issuer code=61 attempt=3
2024-01-15 10:06:00.580  WARN  [lily-payments,49d089252063b720d055bded28bb2bc7,7d0f96d549562b87] 1 --- [scheduling-1] c.l.p.IssuerClient : Payment declined by issuer code=05 attempt=2
2024-01-15 10:06:00.870  WARN  [lily-payments,eab6ffe242e8df006af34f343238446b,3014a6d678b4915c] 1 --- [http-nio-8080-exec-7] c.l.p.IssuerClient : Payment declined by issuer code=51 attempt=3
2024-01-15 10:06:01.160  WARN  [lily-payments,1ce0ff99e9da0d83ca5c681e89487340,a23dc51d093bfe4c] 1 --- [http-nio-8080-exec-1] c.l.p.IssuerClient : Payment declined by issuer code=61 attempt=3
2024-01-15 10:06:12.000  ERROR [lily-payments,6d6b6914468be6b7c85e29751c95b6cc,484846bc0ea140c7] 1 --- [http-nio-8080-exec-1] c.l.p.PaymentService : Validation failed for card 4111 1111 1111 1111 holder jane.doe@example.com cvv=451 orderId=4029183746152839
2024-01-15 10:07:00.000  INFO  [lily-payments,3d20d84cc3b4e1015d438df08a7ea6ec,42ce96c70bf588cc] 1 --- [scheduling-1] c.l.p.PaymentService : Processed payment 74527 for account A-283 in 16 ms
2024-01-15 10:07:01.700  INFO  [lily-payments,44e6563e44e0d6a8f97d8841e0077c30,4b5f2fb7a5ce1ae4] 1 --- [http-nio-8080-exec-3] c.l.p.PaymentService : Processed payment 54272 for account A-626 in 11 ms
2024-01-15 10:07:03.400  INFO  [lily-payments,8fceeb48ed6e68f98536b22f879c7352,e876f0439d725144] 1 --- [http-nio-8080-exec-1] c.l.p.PaymentService : Processed payment 50216 for account A-911 in 62 ms
2024-01-15 10:07:05.100  INFO  [lily-payments,91d21d5e6c62e9ff5ba1642f7592764b,735ccfd6b8f446dd] 1 --- [http-nio-8080-exec-3] c.l.p.PaymentService : Processed payment 81915 for account A-728 in 60 ms
2024-01-15 10:07:06.800  INFO  [lily-payments,9a6db38b5c996f7675d560f92fd2f00f,0e3ba736c3cbf0aa] 1 --- [http-nio-8080-exec-1] c.l.p.PaymentService : Processed payment 75475 for account A-901 in 61 ms
2024-01-15 10:07:08.500  INFO  [lily-payments,cbb125671f0c592c8a28855975e08bd7,dd53d3ea0f19768c] 1 --- [http-nio-8080-exec-1] c.l.p.PaymentService : Processed payment 99679 for account A-161 in 25 ms
2024-01-15 10:07:10.200  INFO  [lily-payments,36e0839de9cc7c4ff5644fc00584873d,657736b3f98f4e49] 1 --- [http-nio-8080-exec-7] c.l.p.PaymentService : Processed payment 75590 for account A-149 in 50 ms
2024-01-15 10:07:11.900  INFO  [lily-payments,99d5249edae5eb22d7fa8820d89d8055,4bd31deb17a3788e] 1 --- [scheduling-1] c.l.p.PaymentService : Processed payment 10371 for account A-426 in 47 ms
2024-01-15 10:07:13.600  INFO  [lily-payments,15a61fbca9b2e5ff9538504b760af960,c28cae15ea3990bf] 1 --- [http-nio-8080-exec-7] c.l.p.PaymentService : Processed payment 74936 for account A-230 in 63 ms
2024-01-15 10:07:15.300  INFO  [lily-payments,7cbbca27c8bea7a497f972eebd803f90,bd2a5ff263d1f3fa] 1 --- [http-nio-8080-exec-1] c.l.p.PaymentService : Processed payment 93735 for account A-812 in 32 ms
2024-01-15 10:07:17.000  INFO  [lily-payments,843b2a961e8eb096f1d51345d5790b74,308532bf289406a1] 1 --- [http-nio-8080-exec-3] c.l.p.PaymentService : Processed payment 29329 for account A-969 in 59 ms
2024-01-15 10:07:18.700  INFO  [lily-payments,eccc0e3c34ed06022295fd365000517a,3f2acd39d9bee3b7] 1 --- [http-nio-8080-exec-3] c.l.p.PaymentService : Processed payment 96118 for account A-572 in 14 ms
2024-01-15 10:07:20.400  INFO  [lily-payments,b83a87e44364fd8e9b3a53aeb6b5a4cb,9e7865945cb4848e] 1 --- [http-nio-8080-exec-7] c.l.p.PaymentService : Processed payment 45083 for account A-578 in 32 ms
2024-01-15 10:07:22.100  INFO  [lily-payments,507efd1c2ffc5e279574fd491079fe68,86c9fd4d29e3508c] 1 --- [http-nio-8080-exec-7] c.l.p.PaymentService : Processed payment 21639 for account A-795 in 23 ms
2024-01-15 10:07:23.800  INFO  [lily-payments,b43a6f38397c06061afb5e2ae40e8355,fdea55d2e9299a7f] 1 --- [http-nio-8080-exec-1] c.l.p.PaymentService : Processed payment 37550 for account A-968 in 32 ms
2024-01-15 10:07:25.500  INFO  [lily-payments,70b444df917a6a2ac2616855ad177c32,25c6a48a8074941d] 1 --- [http-nio-8080-exec-7] c.l.p.PaymentService : Processed payment 14025 for account A-860 in 50 ms
2024-01-15 10:07:27.200  INFO  [lily-payments,ddc6d46e405fc73a70e04b1bfec89038,c4391eaccf4386d5] 1 --- [http-nio-8080-exec-3] c.l.p.PaymentService : Processed payment 25397 for account A-493 in 16 ms
2024-01-15 10:07:28.900  INFO  [lily-payments,d6d9d8b84cc6e6c275ce6a4b675b8784,5f2ed94e9b8c5851] 1 --- [http-nio-8080-exec-1] c.l.p.PaymentService : Processed payment 78772 for account A-818 in 9 ms
2024-01-15 10:07:30.600  INFO  [lily-payments,3c59271d7389d2ba2600f2e06df91182,cdb65d0478fb0adb] 1 --- [http-nio-8080-exec-1] c.l.p.PaymentService : Processed payment 26703 for account A-545 in 44 ms
2024-01-15 10:07:32.300  INFO  [lily-payments,2e8720bf6a80911d00c4fd42b0e1b7ca,6ea0e8ad993a88ee] 1 --- [http-nio-8080-exec-7] c.l.p.PaymentService : Processed payment 69796 for account A-572 in 78 ms
2024-01-15 10:07:34.000  INFO  [lily-payments,b768008f4464c110cf5c0121ff53757b,192ce9544c21f0a3] 1 --- [http-nio-8080-exec-7] c.l.p.PaymentService : Processed payment 98343 for account A-358 in 41 ms
2024-01-15 10:07:35.700  INFO  [lily-payments,050f4a6da14ae748c54e35f17737f049,69e8f11ddc8a138d] 1 --- [http-nio-8080-exec-7] c.l.p.PaymentService : Processed payment 47158 for account A-453 in 87 ms
2024-01-15 10:07:37.400  INFO  [lily-payments,6759a54e3a99ec1553298e9fb076de72,1c52c85ed8f35905] 1 --- [http-nio-8080-exec-7] c.l.p.PaymentService : Processed payment 33102 for account A-597 in 83 ms
2024-01-15 10:07:39.100  INFO  [lily-payments,ab0f946a8c0b7c3c9229f21a75129c75,48d3f3371b1d10ff] 1 --- [scheduling-1] c.l.p.PaymentService : Processed payment 56420 for account A-512 in 29 ms
2024-01-15 10:07:40.800  INFO  [lily-payments,97ac065b95aec3cc0714d07a08e7a3b3,041d5d6b2f2aa924] 1 --- [http-nio-8080-exec-3] c.l.p.PaymentService : Processed payment 61468 for account A-868 in 33 ms
2024-01-15 10:07:42.500  INFO  [lily-payments,8eec593468821b2e19028853b0cba2e4,55ed5971c5c62ece] 1 --- [http-nio-8080-exec-1] c.l.p.PaymentService : Processed payment 36450 for account A-592 in 88 ms
2024-01-15 10:07:44.200  INFO  [lily-payments,12d3cf1a6c2a5cca8a521f8893c0d2aa,e990559a2945f51a] 1 --- [http-nio-8080-exec-7] c.l.p.PaymentService : Processed payment 94291 for account A-647 in 70 ms
2024-01-15 10:07:45.900  INFO  [lily-payments,388b73fda77462f8ab6d268882add4fd,6acb4f7c68d95e1e] 1 --- [http-nio-8080-exec-1] c.l.p.PaymentService : Processed payment 83481 for account A-924 in 15 ms
2024-01-15 10:07:47.600  INFO  [lily-payments,0c063e1933af63de5ae2930c9ad1b286,2f992404d16aef1d] 1 --- [http-nio-8080-exec-3] c.l.p.PaymentService : Processed payment 70308 for account A-642 in 88 ms
2024-01-15 10:07:49.300  INFO  [lily-payments,4a5691776f3135baa7d313d8c94b527d,63d5dbedb5a8585b] 1 --- [http-nio-8080-exec-7] c.l.p.PaymentService : Processed payment 84279 for account A-708 in 23 ms
2024-01-15 10:07:51.000  INFO  [lily-payments,97945eaa382470cc745698214dfd1b9d,91e1eff9e2ed49c1] 1 --- [http-nio-8080-exec-7] c.l.p.PaymentService : Processed payment 89947 for account A-759 in 71 ms
2024-01-15 10:07:52.700  INFO  [lily-payments,25e8f4ea5158c6bd94d944b08a752a12,f6e8a4e03c337c42] 1 --- [http-nio-8080-exec-7] c.l.p.PaymentService : Processed payment 80235 for account A-662 in 47 ms
2024-01-15 10:07:00.000  WARN  [lily-payments,d4f83b7382bd2c536e4ca34b172aa543,b7d61912c9d7f14f] 1 --- [http-nio-8080-exec-7] c.l.p.IssuerClient : Payment declined by issuer code=05 attempt=3
2024-01-15 10:07:00.290  WARN  [lily-payments,8a4a45c185d733dc3b27532af2082cc8,04f3bcd94dd11216] 1 --- [scheduling-1] c.l.p.IssuerClient : Payment declined by issuer code=61 attempt=2
2024-01-15 10:07:00.580  WARN  [lily-payments,4c193d0690faea43965a6aed2b86be34,6034d2364993f4dc] 1 --- [http-nio-8080-exec-1] c.l.p.IssuerClient : Payment declined by issuer code=51 attempt=3
2024-01-15 10:07:00.870  WARN  [lily-payments,4197f322e52f5ff53702cb7bbc294a99,58149e1950bc46fb] 1 --- [http-nio-8080-exec-1] c.l.p.IssuerClient : Payment declined by issuer code=05 attempt=2
2024-01-15 10:07:01.160  WARN  [lily-payments,9fe9cc483b0befab0b2a892c1e6206bd,0973cbb99201c578] 1 --- [http-nio-8080-exec-3] c.l.p.IssuerClient : Payment declined by issuer code=61 attempt=2
2024-01-15 10:08:00.000  INFO  [lily-payments,f866a59ae970903c2c0c4edf530351d0,626d18ef66fa44b8] 1 --- [http-nio-8080-exec-7] c.l.p.PaymentService : Processed payment 28702 for account A-441 in 56 ms
2024-01-15 10:08:01.700  INFO  [lily-payments,da661fc618b0da2475fe6aa344da1940,5312ee3a4d11cee8] 1 --- [http-nio-8080-exec-3] c.l.p.PaymentService : Processed payment 90484 for account A-545 in 13 ms
2024-01-15 10:08:03.400  INFO  [lily-payments,63f06295dcd5d953a5d6642b5ff6926c,42c6cc279a5fd582] 1 --- [http-nio-8080-exec-3] c.l.p.PaymentService : Processed payment 21857 for account A-317 in 20 ms
2024-01-15 10:08:05.100  INFO  [lily-payments,6dcbddfa14a7fa81728237cc8a840685,3577cf2e658723c2] 1 --- [http-nio-8080-exec-7] c.l.p.PaymentService : Processed payment 79014 for account A-646 in 16 ms
2024-01-15 10:08:06.800  INFO  [lily-payments,d45f1e6cb0a2746ccf9667ed7ddb1456,dd99fcb93a3535ac] 1 --- [http-nio-8080-exec-7] c.l.p.PaymentService : Processed payment 16461 for account A-152 in 38 ms
2024-01-15 10:08:08.500  INFO  [lily-payments,45ea2e95cc1bc50ae6a102a719c1eab6,2197718e32ce5316] 1 --- [http-nio-8080-exec-7] c.l.p.PaymentService : Processed payment 55378 for account A-122 in 80 ms
2024-01-15 10:08:10.200  INFO  [lily-payments,3890a6f8f7cb72412ab7b9519bcb4fc3,cfc0664eaff345a9] 1 --- [http-nio-8080-exec-1] c.l.p.PaymentService : Processed payment 88450 for account A-711 in 28 ms
2024-01-15 10:08:11.900  INFO  [lily-payments,1fb84ad892335662e522845b56ebf398,9acbe85ec6391841] 1 --- [http-nio-8080-exec-3] c.l.p.PaymentService : Processed payment 39014 for account A-586 in 47 ms
2024-01-15 10:08:13.600  INFO  [lily-payments,8afe261ff35338149165ace7da453ac6,3bd643883b5d7078] 1 --- [http-nio-8080-exec-7] c.l.p.PaymentService : Processed payment 39182 for account A-740 in 30 ms
2024-01-15 10:08:15.300  INFO  [lily-payments,bb9b33d8b3590c59a439ca0d1b788a0c,d1003ab18ce41fd9] 1 --- [http-nio-8080-exec-3] c.l.p.PaymentService : Processed payment 93457 for account A-612 in 59 ms
2024-01-15 10:08:17.000  INFO  [lily-payments,8031b0e396cc35100be1b2534428692a,54a16f49e49c9f51] 1 --- [http-nio-8080-exec-1] c.l.p.PaymentService : Processed payment 19146 for account A-222 in 78 ms
2024-01-15 10:08:18.700  INFO  [lily-payments,d16eb3aa1e2434b5ed6b3ae95467d292,e8d260a756db3a8f] 1 --- [http-nio-8080-exec-3] c.l.p.PaymentService : Processed payment 35294 for account A-860 in 41 ms
2024-01-15 10:08:20.400  INFO  [lily-payments,038803fdf6b23e78d87e98b21055b990,30fee25db4ec3267] 1 --- [scheduling-1] c.l.p.PaymentService : Processed payment 10321 for account A-435 in 81 ms
2024-01-15 10:08:22.100  INFO  [lily-payments,af328ebe386614655941e9a522cc051c,a6a0cd6dd2b6ea75] 1 --- [http-nio-8080-exec-1] c.l.p.PaymentService : Processed payment 10497 for account A-610 in 18 ms
2024-01-15 10:08:23.800  INFO  [lily-payments,038d8199cbb039ff9bcb7e74728a9522,0b3a92fd7c0e44aa] 1 --- [http-nio-8080-exec-3] c.l.p.PaymentService : Processed payment 34759 for account A-188 in 24 ms
2024-01-15 10:08:25.500  INFO  [lily-payments,054cd5a66c97c4443489b002cd346f66,ea8c141b57866280] 1 --- [http-nio-8080-exec-7] c.l.p.PaymentService : Processed payment 24867 for account A-324 in 74 ms
2024-01-15 10:08:27.200  INFO  [lily-payments,462e5938f3c283e39168564e61f0dbb8,cb8495a3534898ec] 1 --- [scheduling-1] c.l.p.PaymentService : Processed payment 15183 for account A-338 in 84 ms
2024-01-15 10:08:28.900  INFO  [lily-payments,8b06960c7e5b8c7e58959ade233ba6e8,9ea0b564a093b121] 1 --- [http-nio-8080-exec-3] c.l.p.PaymentService : Processed payment 90061 for account A-102 in 69 ms
2024-01-15 10:08:30.600  INFO  [lily-payments,bdb43fb16622ac65479e4faf54a25ce2,f9669653e031c933] 1 --- [http-nio-8080-exec-1] c.l.p.PaymentService : Processed payment 53498 for account A-781 in 13 ms
2024-01-15 10:08:32.300  INFO  [lily-payments,efc9034fac55648a24562d60308efa5f,6ea0a14e2dfdfade] 1 --- [http-nio-8080-exec-7] c.l.p.PaymentService : Processed payment 18300 for account A-380 in 21 ms
2024-01-15 10:08:34.000  INFO  [lily-payments,f4d8dd345042ff9310cf1397640398cd,a00ce2a269e0c159] 1 --- [http-nio-8080-exec-1] c.l.p.PaymentService : Processed payment 43240 for account A-982 in 50 ms
2024-01-15 10:08:35.700  INFO  [lily-payments,ffe9add694329d44aaa3eb5e0134c497,30126b8912330cce] 1 --- [scheduling-1] c.l.p.PaymentService : Processed payment 58962 for account A-251 in 48 ms
2024-01-15 10:08:37.400  INFO  [lily-payments,655245e6d7c6be04713a28262dfebbf5,f98d0672c0a8039d] 1 --- [scheduling-1] c.l.p.PaymentService : Processed payment 52299 for account A-776 in 79 ms
2024-01-15 10:08:39.100  INFO  [lily-payments,adb02b9d11cc9635317a0ae2b7a5e088,e43d51639de72120] 1 --- [http-nio-8080-exec-7] c.l.p.PaymentService : Processed payment 39511 for account A-649 in 78 ms
2024-01-15 10:08:40.800  INFO  [lily-payments,dff4af274719bd5ed29b9eb8983d1e85,8c458fc30e4608af] 1 --- [http-nio-8080-exec-7] c.l.p.PaymentService : Processed payment 67843 for account A-459 in 24 ms
2024-01-15 10:08:42.500  INFO  [lily-payments,fc744c594735c9eb91b5d28c347d9cab,7963aa2a77969023] 1 --- [http-nio-8080-exec-1] c.l.p.PaymentService : Processed payment 44217 for account A-797 in 40 ms
2024-01-15 10:08:44.200  INFO  [lily-payments,660f1ccac8066089c84743b2ee2df76c,6984d44d69be6f40] 1 --- [http-nio-8080-exec-3] c.l.p.PaymentService : Processed payment 39108 for account A-582 in 63 ms
2024-01-15 10:08:45.900  INFO  [lily-payments,b964b8a25805e92ff0783919acc0927d,a11492b8cfbf57ad] 1 --- [http-nio-8080-exec-3] c.l.p.PaymentService : Processed payment 53618 for account A-427 in 28 ms
2024-01-15 10:08:00.000  WARN  [lily-payments,4bec10fb581c95e32c05dee13799e908,55f2fa18c7771694] 1 --- [http-nio-8080-exec-7] c.l.p.IssuerClient : Payment declined by issuer code=61 attempt=2
2024-01-15 10:08:00.290  WARN  [lily-payments,efe33c2560348253b99359572d6d49d8,7d58bac42ecadb1e] 1 --- [scheduling-1] c.l.p.IssuerClient : Payment declined by issuer code=61 attempt=1
2024-01-15 10:08:00.580  WARN  [lily-payments,1bee97e20d4f010c8cf113e096cfd888,d5cdb6326b634562] 1 --- [http-nio-8080-exec-7] c.l.p.IssuerClient : Payment declined by issuer code=51 attempt=2
2024-01-15 10:08:00.870  WARN  [lily-payments,c4e306cf9a87b6b35c963958a2b27a68,c0151f78dc9347da] 1 --- [http-nio-8080-exec-7] c.l.p.IssuerClient : Payment declined by issuer code=61 attempt=1
2024-01-15 10:08:01.160  WARN  [lily-payments,70ad1509973fa952aa4a94c6d77fb260,3854b7f53c455b59] 1 --- [http-nio-8080-exec-1] c.l.p.IssuerClient : Payment declined by issuer code=61 attempt=1
2024-01-15 10:08:33.000  ERROR [lily-payments,c627312d3fd4b9980f46b8f097c316ad,5ff8e30c79e10528] 1 --- [http-nio-8080-exec-7] c.l.p.PaymentService : Authorization failed for token tok_1600
java.lang.NullPointerException: Cannot invoke "com.lily.payments.model.Account.getBalance()" because "acct" is null
	at com.lily.payments.PaymentService.authorize(PaymentService.java:142)
	at com.lily.payments.api.PaymentController.submit(PaymentController.java:57)
	at org.springframework.transaction.interceptor.TransactionInterceptor.invoke(TransactionInterceptor.java:119)
	... 47 common frames omitted
Caused by: java.sql.SQLTransientConnectionException: HikariPool-1 - Connection is not available, request timed out after 30000ms
	at com.zaxxer.hikari.pool.HikariPool.createTimeoutException(HikariPool.java:696)
	at com.lily.payments.db.AccountRepository.findByToken(AccountRepository.java:88)
	... 3 more
2024-01-15 10:09:00.000  INFO  [lily-payments,91dfce325239949db1d19b7f0c50e8d9,374797babc2a7241] 1 --- [http-nio-8080-exec-3] c.l.p.PaymentService : Processed payment 87618 for account A-964 in 79 ms
2024-01-15 10:09:01.700  INFO  [lily-payments,4055de0a41d0a220817f3a0fbb6772dc,01938fcbfa9dcf3e] 1 --- [http-nio-8080-exec-7] c.l.p.PaymentService : Processed payment 16461 for account A-789 in 76 ms
2024-01-15 10:09:03.400  INFO  [lily-payments,73958bb7c5e3aa756286a73e70f7a0a9,c19c0bc1d61ff83e] 1 --- [scheduling-1] c.l.p.PaymentService : Processed payment 18992 for account A-828 in 59 ms
2024-01-15 10:09:05.100  INFO  [lily-payments,ace7917f9a77e246afaa6b84d6540778,08b3721bc0b3149d] 1 --- [http-nio-8080-exec-7] c.l.p.PaymentService : Processed payment 80230 for account A-103 in 25 ms
2024-01-15 10:09:06.800  INFO  [lily-payments,20200683f9d5487c45261112de159ede,084dff0adfefe3f4] 1 --- [scheduling-1] c.l.p.PaymentService : Processed payment 67302 for account A-418 in 55 ms
2024-01-15 10:09:08.500  INFO  [lily-payments,6086a660a4a0a219c10782973128f3cb,bf57b9a5b7388fe5] 1 --- [scheduling-1] c.l.p.PaymentService : Processed payment 19833 for account A-792 in 88 ms
2024-01-15 10:09:10.200  INFO  [lily-payments,ecbbc5a08c2d8eef5cf56f72a8086015,8db88cdda8f86451] 1 --- [http-nio-8080-exec-1] c.l.p.PaymentService : Processed payment 11932 for account A-694 in 46 ms
2024-01-15 10:09:11.900  INFO  [lily-payments,f0ef250baf4aae48f8c40b3387a06136,927058d40b496e99] 1 --- [scheduling-1] c.l.p.PaymentService : Processed payment 58279 for account A-421 in 32 ms
2024-01-15 10:09:13.600  INFO  [lily-payments,42db879e4c1549026fd68ebd6de02aa4,864eeb613e4d5832] 1 --- [http-nio-8080-exec-1] c.l.p.PaymentService : Processed payment 38529 for account A-156 in 21 ms
2024-01-15 10:09:15.300  INFO  [lily-payments,343bd516e8c40293063a64adc301a0b5,f8a7a3f9e5abf4bf] 1 --- [http-nio-8080-exec-1] c.l.p.PaymentService : Processed payment 75198 for account A-122 in 50 ms
2024-01-15 10:09:17.000  INFO  [lily-payments,48936b7faf6499abaa9a49d0e2d24165,de1f46fed7d67222] 1 --- [http-nio-8080-exec-1] c.l.p.PaymentService : Processed payment 16629 for account A-398 in 53 ms
2024-01-15 10:09:18.700  INFO  [lily-payments,72868f7765832e372e743456a5673728,b0bbde2c66244a73] 1 --- [scheduling-1] c.l.p.PaymentService : Processed payment 43124 for account A-979 in 24 ms
2024-01-15 10:09:20.400  INFO  [lily-payments,c2bc787de26dab8ebf1478fdaa27164c,4f4e665f9049f50b] 1 --- [http-nio-8080-exec-7] c.l.p.PaymentService : Processed payment 69526 for account A-447 in 61 ms
2024-01-15 10:09:22.100  INFO  [lily-payments,dbc502829441d03ace8341d9588fe4ac,114484a521e752d7] 1 --- [scheduling-1] c.l.p.PaymentService : Processed payment 64025 for account A-976 in 28 ms
2024-01-15 10:09:23.800  INFO  [lily-payments,eebff4c11889cba3d57f12479c0023a3,c94acf80d0e8c373] 1 --- [http-nio-8080-exec-3] c.l.p.PaymentService : Processed payment 89333 for account A-538 in 79 ms
2024-01-15 10:09:25.500  INFO  [lily-payments,5042bce8611bfcb4ba550fb5f33cf6d9,38156bf8d9c54519] 1 --- [http-nio-8080-exec-3] c.l.p.PaymentService : Processed payment 92798 for account A-709 in 60 ms
2024-01-15 10:09:27.200  INFO  [lily-payments,37fa83c78e8a3b716332dd8842b93189,ebb1f2fe6bedd59e] 1 --- [http-nio-8080-exec-3] c.l.p.PaymentService : Processed payment 44309 for account A-752 in 58 ms
2024-01-15 10:09:28.900  INFO  [lily-payments,1b9d480ce535d07d0daaf942bc87512f,216c20ffc86d7d32] 1 --- [http-nio-8080-exec-7] c.l.p.PaymentService : Processed payment 83359 for account A-236 in 20 ms
2024-01-15 10:09:30.600  INFO  [lily-payments,e9d5cea8dd6527d95cd0f866de5edfe9,f5eb9607d2869ce3] 1 --- [scheduling-1] c.l.p.PaymentService : Processed payment 23727 for account A-879 in 71 ms
2024-01-15 10:09:32.300  INFO  [lily-payments,acc4f2e0054fbc0ebfad0ba5df8da0a4,4838991f88e8506d] 1 --- [http-nio-8080-exec-7] c.l.p.PaymentService : Processed payment 75294 for account A-874 in 23 ms
2024-01-15 10:09:34.000  INFO  [lily-payments,54e490feafcb2393da8fc057c1380c37,72cfa3c439f7d9d9] 1 --- [http-nio-8080-exec-1] c.l.p.PaymentService : Processed payment 88362 for account A-660 in 33 ms
2024-01-15 10:09:35.700  INFO  [lily-payments,7cdff715106e6845cc9f7f8234aecbfd,9d7a3ada1b847f00] 1 --- [http-nio-8080-exec-7] c.l.p.PaymentService : Processed payment 59884 for account A-571 in 54 ms
2024-01-15 10:09:37.400  INFO  [lily-payments,fade8caf51da9a0c936790edb73a42a2,a5e6943762a4b9fd] 1 --- [http-nio-8080-exec-1] c.l.p.PaymentService : Processed payment 27965 for account A-499 in 37 ms
2024-01-15 10:09:39.100  INFO  [lily-payments,76b2a6355d68f5939657a46f8741af4e,62ba24ca917300d3] 1 --- [http-nio-8080-exec-1] c.l.p.PaymentService : Processed payment 34277 for account A-414 in 55 ms
2024-01-15 10:09:40.800  INFO  [lily-payments,aa3b74e283ba8c05c60dd9f6f6e59849,c3d062ba44eb7d4c] 1 --- [scheduling-1] c.l.p.PaymentService : Processed payment 66903 for account A-680 in 31 ms
2024-01-15 10:09:42.500  INFO  [lily-payments,9844c653431aaf841144a673633971f9,30741b5fff41bee8] 1 --- [http-nio-8080-exec-3] c.l.p.PaymentService : Processed payment 13554 for account A-495 in 71 ms
2024-01-15 10:09:44.200  INFO  [lily-payments,ea1acd123746524e180235497c6f2f13,c4db355d8fff66a1] 1 --- [scheduling-1] c.l.p.PaymentService : Processed payment 13929 for account A-128 in 81 ms
2024-01-15 10:09:45.900  INFO  [lily-payments,6999aee5d0c274496114d1ac25ac450c,7354e11754e5f302] 1 --- [http-nio-8080-exec-1] c.l.p.PaymentService : Processed payment 16019 for account A-732 in 33 ms
2024-01-15 10:09:47.600  INFO  [lily-payments,8b22ef6d7d29f18fb6af4c34dcda7d4a,934cb92766e465f7] 1 --- [scheduling-1] c.l.p.PaymentService : Processed payment 82844 for account A-305 in 16 ms
2024-01-15 10:09:49.300  INFO  [lily-payments,4d4456a14009a902abc42491a2e966fc,40be059d9a46d288] 1 --- [http-nio-8080-exec-7] c.l.p.PaymentService : Processed payment 96285 for account A-987 in 21 ms
2024-01-15 10:09:00.000  WARN  [lily-payments,ded97432b36d702f5b2f7187491f2ab4,46ad43c2e057acbf] 1 --- [http-nio-8080-exec-7] c.l.p.IssuerClient : Payment declined by issuer code=61 attempt=1
2024-01-15 10:09:00.290  WARN  [lily-payments,16ff0917eefa1024f26872014d5a3cf7,95fa56cf21363871] 1 --- [scheduling-1] c.l.p.IssuerClient : Payment declined by issuer code=05 attempt=3
2024-01-15 10:09:00.580  WARN  [lily-payments,9d4eb1610ef321f2d5e220c16e0621c5,8d6875950c443bba] 1 --- [http-nio-8080-exec-7] c.l.p.IssuerClient : Payment declined by issuer code=61 attempt=3
2024-01-15 10:09:00.870  WARN  [lily-payments,c69589cd62e07957166693998c2eb4ef,343a50db67a3c30c] 1 --- [http-nio-8080-exec-7] c.l.p.IssuerClient : Payment declined by issuer code=51 attempt=3
2024-01-15 10:09:01.160  WARN  [lily-payments,6e9e0f99acf87b0ef0daa38899e3c848,266dbe059d91ad6e] 1 --- [http-nio-8080-exec-3] c.l.p.IssuerClient : Payment declined by issuer code=61 attempt=2
2024-01-15 10:10:00.000  INFO  [lily-payments,036df3845e85f457665096c31a301d80,361c38ebcfa0027e] 1 --- [scheduling-1] c.l.p.PaymentService : Processed payment 96864 for account A-985 in 48 ms
2024-01-15 10:10:01.700  INFO  [lily-payments,2f2a495a8d5c800f6f52dbd6312af1c8,5398490133bbb141] 1 --- [http-nio-8080-exec-1] c.l.p.PaymentService : Processed payment 85400 for account A-596 in 42 ms
2024-01-15 10:10:03.400  INFO  [lily-payments,28076dfbdf4a77ecc7926ef81bfbd2d2,28b198db3ad4cd77] 1 --- [http-nio-8080-exec-7] c.l.p.PaymentService : Processed payment 58781 for account A-944 in 36 ms
2024-01-15 10:10:05.100  INFO  [lily-payments,1109658158961c7ef7e1b5428d07bdad,16f541e571392ffd] 1 --- [http-nio-8080-exec-7] c.l.p.PaymentService : Processed payment 60994 for account A-432 in 58 ms
2024-01-15 10:10:06.800  INFO  [lily-payments,b7844d1c28ed1defc8e0ac9956e5f04d,3fd4afe52427e6f3] 1 --- [scheduling-1] c.l.p.PaymentService : Processed payment 71436 for account A-221 in 90 ms
2024-01-15 10:10:08.500  INFO  [lily-payments,fd74499979b2b4ce6ecf97fd4948dea3,19b259c73dd7e620] 1 --- [http-nio-8080-exec-1] c.l.p.PaymentService : Processed payment 66129 for account A-160 in 27 ms
2024-01-15 10:10:10.200  INFO  [lily-payments,fdf04156861bec4e82df6fa11b8bec72,a01947d365473bcb] 1 --- [http-nio-8080-exec-7] c.l.p.PaymentService : Processed payment 52402 for account A-790 in 13 ms
2024-01-15 10:10:11.900  INFO  [lily-payments,80f452c3d8ed61b35587c5d2c27af565,d43a18c95eca835a] 1 --- [scheduling-1] c.l.p.PaymentService : Processed payment 47905 for account A-378 in 25 ms
2024-01-15 10:10:13.600  INFO  [lily-payments,8ed87fc4aa672d61800ce8fe98c6f1b0,dcf50bee1532d5d4] 1 --- [scheduling-1] c.l.p.PaymentService : Processed payment 10251 for account A-116 in 8 ms
2024-01-15 10:10:15.300  INFO  [lily-payments,ff76fc9d8912f27d2f72884e7f4e09c2,65cee44459bda95b] 1 --- [http-nio-8080-exec-3] c.l.p.PaymentService : Processed payment 69096 for account A-246 in 76 ms
2024-01-15 10:10:17.000  INFO  [lily-payments,108b25d660cdfaeb4d7558408e4a0cab,101140414ac2bcf5] 1 --- [http-nio-8080-exec-1] c.l.p.PaymentService : Processed payment 85845 for account A-175 in 27 ms
2024-01-15 10:10:18.700  INFO  [lily-payments,e860b1acd1aed1b47fe550d40bf1ab64,7c76a89556362f71] 1 --- [http-nio-8080-exec-3] c.l.p.PaymentService : Processed payment 28627 for account A-193 in 50 ms
2024-01-15 10:10:20.400  INFO  [lily-payments,c702d720bab7fc360c9044044f13af7c,25acea4301c4db2c] 1 --- [http-nio-8080-exec-3] c.l.p.PaymentService : Processed payment 17597 for account A-181 in 41 ms
2024-01-15 10:10:22.100  INFO  [lily-payments,a4d279c2bfcabf8ff4f3700e6878efc6,03b8b879336cc8c7] 1 --- [scheduling-1] c.l.p.PaymentService : Processed payment 40341 for account A-550 in 79 ms
2024-01-15 10:10:23.800  INFO  [lily-payments,ff5f230bc3b51989b6783771e8705bac,326a81ff0131e3a8] 1 --- [http-nio-8080-exec-7] c.l.p.PaymentService : Processed payment 29792 for account A-617 in 28 ms
2024-01-15 10:10:25.500  INFO  [lily-payments,1747c4460c718df277f463afdcb078b6,7c20ef024d4abf99] 1 --- [http-nio-8080-exec-7] c.l.p.PaymentService : Processed payment 35812 for account A-356 in 23 ms
2024-01-15 10:10:27.200  INFO  [lily-payments,417494dc364ea4d071174c2af5f61038,33c3fd648cfc5e56] 1 --- [scheduling-1] c.l.p.PaymentService : Processed payment 75360 for account A-630 in 9 ms
2024-01-15 10:10:28.900  INFO  [lily-payments,a2aae1f96ae31c2e3c4cbb28616ec141,0ecb3534b3442f69] 1 --- [scheduling-1] c.l.p.PaymentService : Processed payment 17435 for account A-952 in 49 ms
2024-01-15 10:10:30.600  INFO  [lily-payments,ac2bff40377299daa48b1f212d0ef87a,0a237e578c8dd5fb] 1 --- [http-nio-8080-exec-7] c.l.p.PaymentService : Processed payment 32001 for account A-883 in 52 ms
2024-01-15 10:10:32.300  INFO  [lily-payments,3c04a1169f1a36afd9667df8246ccd3c,3aeaa524d529885a] 1 --- [scheduling-1] c.l.p.PaymentService : Processed payment 68055 for account A-184 in 69 ms
2024-01-15 10:10:34.000  INFO  [lily-payments,0f6133d3488b12d3311b6c9c4a648930,24911c9613827b55] 1 --- [scheduling-1] c.l.p.PaymentService : Processed payment 99206 for account A-488 in 50 ms
2024-01-15 10:10:35.700  INFO  [lily-payments,eabbb8ede708ca685678bd0e242b7ea7,37f33ae4ab5782a5] 1 --- [http-nio-8080-exec-1] c.l.p.PaymentService : Processed payment 44442 for account A-439 in 56 ms
2024-01-15 10:10:37.400  INFO  [lily-payments,e145f80e8cfec3baaf0907375992bacf,c1edd109d4160c56] 1 --- [http-nio-8080-exec-1] c.l.p.PaymentService : Processed payment 87692 for account A-229 in 60 ms
2024-01-15 10:10:39.100  INFO  [lily-payments,483859a337afc92218ce84fa231ba891,3d2b2a5a3bce738f] 1 --- [http-nio-8080-exec-3] c.l.p.PaymentService : Processed payment 73569 for account A-999 in 37 ms
2024-01-15 10:10:40.800  INFO  [lily-payments,1db41d4fc049e4b222b5bd4cebb65625,a1b82b218675e4be] 1 --- [http-nio-8080-exec-7] c.l.p.PaymentService : Processed payment 26933 for account A-853 in 87 ms
2024-01-15 10:10:00.000  WARN  [lily-payments,5ebb4e7c61828012dc2d2fc2f42fcd86,36446f7129a3eafe] 1 --- [http-nio-8080-exec-1] c.l.p.IssuerClient : Payment declined by issuer code=61 attempt=2
2024-01-15 10:10:00.290  WARN  [lily-payments,52f5192b0b787371041632a0a9b5e5c1,3df94943bf065c10] 1 --- [http-nio-8080-exec-1] c.l.p.IssuerClient : Payment declined by issuer code=05 attempt=3
2024-01-15 10:10:00.580  WARN  [lily-payments,98f684ab1598db266083a63b36a5cf2e,3440e8832eb43221] 1 --- [http-nio-8080-exec-1] c.l.p.IssuerClient : Payment declined by issuer code=51 attempt=3
2024-01-15 10:10:00.870  WARN  [lily-payments,b112c9e9db725dce49d0b46ea02b4768,c5c9edc50605304b] 1 --- [http-nio-8080-exec-7] c.l.p.IssuerClient : Payment declined by issuer code=05 attempt=2
2024-01-15 10:10:01.160  WARN  [lily-payments,22cefdb69214af7a007a0f40d27e3267,375401ad874d92fa] 1 --- [http-nio-8080-exec-3] c.l.p.IssuerClient : Payment declined by issuer code=05 attempt=3
2024-01-15 10:11:00.000  INFO  [lily-payments,8cca155575cd63d46fd9375991ff938f,89f8690a82825537] 1 --- [http-nio-8080-exec-7] c.l.p.PaymentService : Processed payment 74353 for account A-298 in 41 ms
2024-01-15 10:11:01.700  INFO  [lily-payments,3c5a35e9b2b16865ffcafd146fcb19be,f80fec45128bd345] 1 --- [http-nio-8080-exec-7] c.l.p.PaymentService : Processed payment 69867 for account A-269 in 78 ms
2024-01-15 10:11:03.400  INFO  [lily-payments,7ae455ed5b2e7df129a63d3db7c4cb1f,3662abf6422c861e] 1 --- [scheduling-1] c.l.p.PaymentService : Processed payment 63536 for account A-640 in 37 ms
2024-01-15 10:11:05.100  INFO  [lily-payments,6044bf7b8e08f3050a1b3e102cfc1dd1,0050ab54b5dffa77] 1 --- [http-nio-8080-exec-1] c.l.p.PaymentService : Processed payment 85582 for account A-690 in 16 ms
2024-01-15 10:11:06.800  INFO  [lily-payments,5c02b417bc78670028140d5a61eb9945,6d8641f9ff7c1e7f] 1 --- [scheduling-1] c.l.p.PaymentService : Processed payment 68059 for account A-957 in 39 ms
2024-01-15 10:11:08.500  INFO  [lily-payments,1469d99d5124d30b44fb30b0d935b831,43805ed172e30644] 1 --- [scheduling-1] c.l.p.PaymentService : Processed payment 33632 for account A-582 in 66 ms
2024-01-15 10:11:10.200  INFO  [lily-payments,eb236110cb9132b67f31e417343d7ca8,6f0bd242066d95dd] 1 --- [http-nio-8080-exec-3] c.l.p.PaymentService : Processed payment 24859 for account A-151 in 50 ms
2024-01-15 10:11:11.900  INFO  [lily-payments,5d05ef831db7c95cf9cc7fc71a3e87e5,889a86fe6aa74a01] 1 --- [http-nio-8080-exec-7] c.l.p.PaymentService : Processed payment 32554 for account A-362 in 85 ms
2024-01-15 10:11:13.600  INFO  [lily-payments,223f47fc64f22f3d5944db777e1815cf,cf495977e65be33b] 1 --- [http-nio-8080-exec-3] c.l.p.PaymentService : Processed payment 99580 for account A-293 in 63 ms
2024-01-15 10:11:15.300  INFO  [lily-payments,8cdb605ed9149775cd65279a4032d3e8,f7385fb36a42bf79] 1 --- [http-nio-8080-exec-7] c.l.p.PaymentService : Processed payment 59834 for account A-600 in 80 ms
2024-01-15 10:11:17.000  INFO  [lily-payments,e581bddd74c3da06e8aedebda305bc78,24c7a245f219178b] 1 --- [http-nio-8080-exec-3] c.l.p.PaymentService : Processed payment 92875 for account A-898 in 9 ms
2024-01-15 10:11:18.700  INFO  [lily-payments,fb63a1abc65e74e98181fc76fc72abf1,2c98e5badfc07815] 1 --- [http-nio-8080-exec-7] c.l.p.PaymentService : Processed payment 25551 for account A-216 in 26 ms
2024-01-15 10:11:20.400  INFO  [lily-payments,a005488752886115f606076c025ca0ba,b57ad4fcdc00581a] 1 --- [http-nio-8080-exec-1] c.l.p.PaymentService : Processed payment 70554 for account A-751 in 28 ms
2024-01-15 10:11:22.100  INFO  [lily-payments,66a161cc44eedebfab12b26507ef8287,dad98049626c3939] 1 --- [scheduling-1] c.l.p.PaymentService : Processed payment 93376 for account A-592 in 61 ms
2024-01-15 10:11:23.800  INFO  [lily-payments,40550f26637234025729101b3667c8f3,b8df9462729d7e32] 1 --- [http-nio-8080-exec-1] c.l.p.PaymentService : Processed payment 96332 for account A-102 in 34 ms
2024-01-15 10:11:25.500  INFO  [lily-payments,6de46266e096a0971d8a1dc452b64e73,b29305bba8eda9ea] 1 --- [scheduling-1] c.l.p.PaymentService : Processed payment 96796 for account A-654 in 28 ms
2024-01-15 10:11:27.200  INFO  [lily-payments,7cf53e408ba0c4dede3addb2c0923288,cfbf5b0caa4b3fa4] 1 --- [http-nio-8080-exec-3] c.l.p.PaymentService : Processed payment 76235 for account A-900 in 76 ms
2024-01-15 10:11:28.900  INFO  [lily-payments,eedd01251b997c41931440bedf8e1814,a47c043e56de510b] 1 --- [http-nio-8080-exec-1] c.l.p.PaymentService : Processed payment 87373 for account A-968 in 84 ms
2024-01-15 10:11:30.600  INFO  [lily-payments,3b8aa24b9d538163569c9bbf77083239,d12e2667ee052cad] 1 --- [scheduling-1] c.l.p.PaymentService : Processed payment 70909 for account A-620 in 48 ms
2024-01-15 10:11:32.300  INFO  [lily-payments,82b07f4d6756fe92e0e55bb0c60fdcf1,2b7e62c295bf7f9c] 1 --- [scheduling-1] c.l.p.PaymentService : Processed payment 13600 for account A-394 in 14 ms
2024-01-15 10:11:34.000  INFO  [lily-payments,c93c1034ed5bb19df8b84fa7fbd1358e,a8afdeda4b6c99a4] 1 --- [http-nio-8080-exec-1] c.l.p.PaymentService : Processed payment 16411 for account A-940 in 47 ms
2024-01-15 10:11:35.700  INFO  [lily-payments,f2f51b60d9611ef6173851b545832368,3cf87832124335ab] 1 --- [scheduling-1] c.l.p.PaymentService : Processed payment 35536 for account A-683 in 30 ms
2024-01-15 10:11:37.400  INFO  [lily-payments,775c38ab6b8ddee322a5438b9d43c38c,9d33487615cdc036] 1 --- [scheduling-1] c.l.p.PaymentService : Processed payment 66373 for account A-725 in 30 ms
2024-01-15 10:11:39.100  INFO  [lily-payments,b00f34c556dae417901f57f575b6e0bb,42873fa05600d915] 1 --- [http-nio-8080-exec-1] c.l.p.PaymentService : Processed payment 39062 for account A-927 in 80 ms
2024-01-15 10:11:40.800  INFO  [lily-payments,7c7cccb497183ac8a7aa76baf8933eec,99af3f0ee70bb530] 1 --- [http-nio-8080-exec-1] c.l.p.PaymentService : Processed payment 10852 for account A-415 in 46 ms
2024-01-15 10:11:42.500  INFO  [lily-payments,0145e05c46f1f4198c9edb4a0354a907,be9fd1ad229898dd] 1 --- [scheduling-1] c.l.p.PaymentService : Processed payment 15511 for account A-361 in 36 ms
2024-01-15 10:11:44.200  INFO  [lily-payments,7089a0825275394eed430d1df60c0274,b6cd66f89117f60d] 1 --- [http-nio-8080-exec-7] c.l.p.PaymentService : Processed payment 31720 for account A-766 in 25 ms
2024-01-15 10:11:45.900  INFO  [lily-payments,9c0c055b53563c9fd61f28b60393f301,bb85ace97752a638] 1 --- [http-nio-8080-exec-7] c.l.p.PaymentService : Processed payment 35053 for account A-172 in 42 ms
2024-01-15 10:11:47.600  INFO  [lily-payments,c957ed9d739e79256a0464d05e6fe6af,63d6bf5571c4c1a8] 1 --- [http-nio-8080-exec-7] c.l.p.PaymentService : Processed payment 33560 for account A-607 in 89 ms
2024-01-15 10:11:49.300  INFO  [lily-payments,02b70ed319d3d1635262d273fb67ce0c,0498436b67f66454] 1 --- [http-nio-8080-exec-7] c.l.p.PaymentService : Processed payment 62884 for account A-717 in 48 ms
2024-01-15 10:11:51.000  INFO  [lily-payments,0bf97e083f35325c2d7490d15a089838,6be236c3e032fcc4] 1 --- [scheduling-1] c.l.p.PaymentService : Processed payment 18008 for account A-451 in 38 ms
2024-01-15 10:11:52.700  INFO  [lily-payments,4e11f9ab630af470f8343659fbdb6127,fef195af7ca64863] 1 --- [http-nio-8080-exec-3] c.l.p.PaymentService : Processed payment 77994 for account A-668 in 66 ms
2024-01-15 10:11:54.400  INFO  [lily-payments,f7631a321701012b8a927588004e7e6e,48677c11040ae29d] 1 --- [http-nio-8080-exec-3] c.l.p.PaymentService : Processed payment 68173 for account A-385 in 88 ms
2024-01-15 10:11:56.100  INFO  [lily-payments,1c503e4d5005bf45623f0d4e708cdc55,f6fa6798203fd250] 1 --- [http-nio-8080-exec-1] c.l.p.PaymentService : Processed payment 80810 for account A-921 in 83 ms
2024-01-15 10:11:00.000  WARN  [lily-payments,86b31b5ed9b280eae77c4e315edf2da1,3bec0fc243c72faa] 1 --- [http-nio-8080-exec-7] c.l.p.IssuerClient : Payment declined by issuer code=51 attempt=1
2024-01-15 10:11:00.290  WARN  [lily-payments,c240d73ce7b54d4a2a96b364e2382a55,2c41ed4ffe11412f] 1 --- [http-nio-8080-exec-7] c.l.p.IssuerClient : Payment declined by issuer code=05 attempt=1
2024-01-15 10:11:00.580  WARN  [lily-payments,af3d606c6c912f4ca5597821f911e6d5,91ae6552c03a0ede] 1 --- [http-nio-8080-exec-3] c.l.p.IssuerClient : Payment declined by issuer code=51 attempt=1
2024-01-15 10:11:00.870  WARN  [lily-payments,e4db09a2622440d60d79adfb69ed2e05,66040dc955ea7422] 1 --- [http-nio-8080-exec-3] c.l.p.IssuerClient : Payment declined by issuer code=61 attempt=2
2024-01-15 10:11:01.160  WARN  [lily-payments,03c39a5f3f1c7ce433dbfb8374f23459,b50defcd601da6cb] 1 --- [http-nio-8080-exec-1] c.l.p.IssuerClient : Payment declined by issuer code=51 attempt=3
2024-01-15 10:12:00.000  INFO  [lily-payments,274b789fb9145a0daf608fd2f492918e,28ea92ec6997023a] 1 --- [http-nio-8080-exec-3] c.l.p.PaymentService : Processed payment 88148 for account A-768 in 81 ms
2024-01-15 10:12:01.700  INFO  [lily-payments,5ddcfb34e432a1cb1d7896239d3610ff,af3cbc730b1b0dc9] 1 --- [http-nio-8080-exec-7] c.l.p.PaymentService : Processed payment 77994 for account A-645 in 58 ms
2024-01-15 10:12:03.400  INFO  [lily-payments,4e49c74b90ae9549bf1f5ac152cfb395,f2416323a241cfd8] 1 --- [http-nio-8080-exec-7] c.l.p.PaymentService : Processed payment 47707 for account A-718 in 20 ms
2024-01-15 10:12:05.100  INFO  [lily-payments,6f94161cf216f1e3ba9f9ca239c91625,4aa7c20910f80b49] 1 --- [http-nio-8080-exec-1] c.l.p.PaymentService : Processed payment 20639 for account A-512 in 45 ms
2024-01-15 10:12:06.800  INFO  [lily-payments,c8bd106c83c05e9697966a77540c256a,b19f52e2bd853ccb] 1 --- [http-nio-8080-exec-7] c.l.p.PaymentService : Processed payment 99454 for account A-237 in 71 ms
2024-01-15 10:12:08.500  INFO  [lily-payments,0260aa6a13ffda1889bb0e707f43e753,485b8c01b15db85c] 1 --- [http-nio-8080-exec-3] c.l.p.PaymentService : Processed payment 14279 for account A-983 in 66 ms
2024-01-15 10:12:10.200  INFO  [lily-payments,acbb9ddc1da7eda107f42c6049acceae,a54d25226dd0e5c5] 1 --- [scheduling-1] c.l.p.PaymentService : Processed payment 73001 for account A-885 in 28 ms
2024-01-15 10:12:11.900  INFO  [lily-payments,63af0f2c790ec9f68db18cac7ca4d086,ea520da73a6d248a] 1 --- [http-nio-8080-exec-7] c.l.p.PaymentService : Processed payment 67865 for account A-524 in 70 ms
2024-01-15 10:12:13.600  INFO  [lily-payments,c86bf1c47d329d53414b7d36a07c69f9,680f0ab5c4b9c4a2] 1 --- [scheduling-1] c.l.p.PaymentService : Processed payment 38634 for account A-595 in 9 ms
2024-01-15 10:12:15.300  INFO  [lily-payments,e8e86d29d7a6a253e6cedec6dd6a9cb9,1549d1f9d804dc40] 1 --- [http-nio-8080-exec-3] c.l.p.PaymentService : Processed payment 48680 for account A-896 in 69 ms
2024-01-15 10:12:17.000  INFO  [lily-payments,56a1408fed9e72fcbd7839192858a9ec,3210ca8b03f10018] 1 --- [http-nio-8080-exec-3] c.l.p.PaymentService : Processed payment 84659 for account A-744 in 86 ms
2024-01-15 10:12:18.700  INFO  [lily-payments,7198698951b2b51a5d167d793c2435ce,27427e99fee83664] 1 --- [http-nio-8080-exec-7] c.l.p.PaymentService : Processed payment 36677 for account A-860 in 49 ms
2024-01-15 10:12:20.400  INFO  [lily-payments,adeb305c84ba37a782734c0de70b7b32,6d19731695310c2d] 1 --- [http-nio-8080-exec-1] c.l.p.PaymentService : Processed payment 62051 for account A-294 in 40 ms
2024-01-15 10:12:22.100  INFO  [lily-payments,6a9e778003db1fc8a75eccdb5a5c3510,d9b8bc385def70f5] 1 --- [scheduling-1] c.l.p.PaymentService : Processed payment 74371 for account A-583 in 76 ms
2024-01-15 10:12:23.800  INFO  [lily-payments,134ec1875bef7b7043a0960b72d9aa06,83edc1a7a59d1912] 1 --- [http-nio-8080-exec-1] c.l.p.PaymentService : Processed payment 67632 for account A-663 in 14 ms
2024-01-15 10:12:25.500  INFO  [lily-payments,b72b4cd3ced1e2aa35b7566125c03fcf,83eab34112cc3a05] 1 --- [scheduling-1] c.l.p.PaymentService : Processed payment 83872 for account A-743 in 31 ms
2024-01-15 10:12:27.200  INFO  [lily-payments,f6341c5011c770b49235d5635b8457ad,597ac203de824dc2] 1 --- [http-nio-8080-exec-7] c.l.p.PaymentService : Processed payment 86280 for account A-940 in 72 ms
2024-01-15 10:12:28.900  INFO  [lily-payments,3e236520251142c44dab5be6fa293bfd,16b70d76be21a4d7] 1 --- [http-nio-8080-exec-3] c.l.p.PaymentService : Processed payment 77617 for account A-431 in 86 ms
2024-01-15 10:12:30.600  INFO  [lily-payments,948f271a975598b13eef708d3cd17ea0,72c3f501b6054250] 1 --- [http-nio-8080-exec-3] c.l.p.PaymentService : Processed payment 23731 for account A-928 in 36 ms
2024-01-15 10:12:32.300  INFO  [lily-payments,01793427631e06aecf5e23aecee9e50a,663e62b048053303] 1 --- [http-nio-8080-exec-3] c.l.p.PaymentService : Processed payment 86457 for account A-511 in 64 ms
2024-01-15 10:12:34.000  INFO  [lily-payments,b86f65cdaf7618f1555c842bdc48f352,f9057f6ab2f42969] 1 --- [scheduling-1] c.l.p.PaymentService : Processed payment 33967 for account A-853 in 65 ms
2024-01-15 10:12:35.700  INFO  [lily-payments,390c922ecb96843ad9169fdae3d8b223,f4cd247f21f7b5cd] 1 --- [http-nio-8080-exec-1] c.l.p.PaymentService : Processed payment 41273 for account A-464 in 64 ms
2024-01-15 10:12:37.400  INFO  [lily-payments,a90a6761fcc0939d936168657be81cbd,d38348076e90300c] 1 --- [http-nio-8080-exec-3] c.l.p.PaymentService : Processed payment 15405 for account A-459 in 39 ms
2024-01-15 10:12:39.100  INFO  [lily-payments,11d594460ea8cde970c2fe45bbed0538,5dee64865fb41877] 1 --- [scheduling-1] c.l.p.PaymentService : Processed payment 31400 for account A-883 in 88 ms
2024-01-15 10:12:40.800  INFO  [lily-payments,83c9962440cf12481130c533c4189828,bd157a30be5836a0] 1 --- [http-nio-8080-exec-1] c.l.p.PaymentService : Processed payment 92415 for account A-203 in 35 ms
2024-01-15 10:12:00.000  WARN  [lily-payments,80a06a2242b7201aeb787671b8d6c80a,ad23587e4826c917] 1 --- [http-nio-8080-exec-1] c.l.p.IssuerClient : Payment declined by issuer code=51 attempt=2
2024-01-15 10:12:00.290  WARN  [lily-payments,19d70d8bdfeb95232f76dd7c322b5729,19b779be9d77852a] 1 --- [http-nio-8080-exec-3] c.l.p.IssuerClient : Payment declined by issuer code=61 attempt=1
2024-01-15 10:12:00.580  WARN  [lily-payments,1b2515dd6c236c79d1c7006ee402e75d,234c06647e97f6dc] 1 --- [http-nio-8080-exec-1] c.l.p.IssuerClient : Payment declined by issuer code=61 attempt=3
2024-01-15 10:12:00.870  WARN  [lily-payments,fac10defb6ca7fa2f5a8d4aedf84a88f,7b8591294acb85c9] 1 --- [http-nio-8080-exec-7] c.l.p.IssuerClient : Payment declined by issuer code=61 attempt=2
2024-01-15 10:12:01.160  WARN  [lily-payments,d37ce7a21eabb313caaec82240faed63,64d4ba0ad42156ba] 1 --- [http-nio-8080-exec-1] c.l.p.IssuerClient : Payment declined by issuer code=51 attempt=1
2024-01-15 10:13:00.000  INFO  [lily-payments,d51b4bef3bbdc77afc1cff773565cbd1,8be31b411ba45ed4] 1 --- [http-nio-8080-exec-3] c.l.p.PaymentService : Processed payment 96562 for account A-190 in 13 ms
2024-01-15 10:13:01.700  INFO  [lily-payments,adb7c0c2f2b9ebe7fb7f05cf1c7b20ac,cc2af6ae745ed4a2] 1 --- [http-nio-8080-exec-1] c.l.p.PaymentService : Processed payment 16317 for account A-223 in 74 ms
2024-01-15 10:13:03.400  INFO  [lily-payments,6226e4629b62304b59b1c406922fce16,15be3f85494f625c] 1 --- [scheduling-1] c.l.p.PaymentService : Processed payment 34637 for account A-855 in 55 ms
2024-01-15 10:13:05.100  INFO  [lily-payments,f49abc020bbf9e0bed88dce67c3ee175,a83b4416cacc465b] 1 --- [scheduling-1] c.l.p.PaymentService : Processed payment 84644 for account A-582 in 48 ms
2024-01-15 10:13:06.800  INFO  [lily-payments,585297a0f4a389a3dd049072a97965b8,7a3121eb5ff6755a] 1 --- [http-nio-8080-exec-7] c.l.p.PaymentService : Processed payment 28250 for account A-761 in 64 ms
2024-01-15 10:13:08.500  INFO  [lily-payments,8ba5bc6e09f17b9ce8bf41cec7c38f82,6d179b0379aa040c] 1 --- [scheduling-1] c.l.p.PaymentService : Processed payment 56979 for account A-915 in 47 ms
2024-01-15 10:13:10.200  INFO  [lily-payments,1fbf6ce0aea3c0bba647300c4b771afe,c3d2f93b30aaa799] 1 --- [http-nio-8080-exec-7] c.l.p.PaymentService : Processed payment 44744 for account A-546 in 18 ms
2024-01-15 10:13:11.900  INFO  [lily-payments,0abba36a68574927799322fb8f3e41a3,51023283b8f92d87] 1 --- [http-nio-8080-exec-3] c.l.p.PaymentService : Processed payment 73617 for account A-814 in 87 ms
2024-01-15 10:13:13.600  INFO  [lily-payments,a8743f4a9294e9f687fd2ca51406e591,450c53b74a1420cb] 1 --- [http-nio-8080-exec-1] c.l.p.PaymentService : Processed payment 36551 for account A-111 in 90 ms
2024-01-15 10:13:15.300  INFO  [lily-payments,2482c2109ee6174d31bdd73f0b48d0a1,4687f6189c6147eb] 1 --- [http-nio-8080-exec-1] c.l.p.PaymentService : Processed payment 57511 for account A-220 in 34 ms
2024-01-15 10:13:17.000  INFO  [lily-payments,c597e51c9815a09295a7728f4dc59705,741323bd9b8b6281] 1 --- [scheduling-1] c.l.p.PaymentService : Processed payment 83766 for account A-883 in 71 ms
2024-01-15 10:13:18.700  INFO  [lily-payments,cafdef35176aca360af0cc0520771f94,e134bb1ec57f1a3e] 1 --- [http-nio-8080-exec-3] c.l.p.PaymentService : Processed payment 36144 for account A-989 in 88 ms
2024-01-15 10:13:20.400  INFO  [lily-payments,34b4cd43914bae2f0ff9ff4b3fb3018c,6efb4e37343fb7e2] 1 --- [http-nio-8080-exec-7] c.l.p.PaymentService : Processed payment 95156 for account A-683 in 24 ms
2024-01-15 10:13:22.100  INFO  [lily-payments,d34a3b9511671793b5e703960a220407,0fc22ac3e1c27cfb] 1 --- [http-nio-8080-exec-3] c.l.p.PaymentService : Processed payment 91438 for account A-440 in 59 ms
2024-01-15 10:13:23.800  INFO  [lily-payments,813b1899b486a6f3e4a0072e73b1d0a9,fdbf70c15dba9a68] 1 --- [http-nio-8080-exec-7] c.l.p.PaymentService : Processed payment 57374 for account A-349 in 46 ms
2024-01-15 10:13:25.500  INFO  [lily-payments,0ee13f26b4b4526c037cc23bb4a865e9,274a2a972ffc15ce] 1 --- [http-nio-8080-exec-7] c.l.p.PaymentService : Processed payment 63573 for account A-629 in 12 ms
2024-01-15 10:13:27.200  INFO  [lily-payments,8e375249e0e805cc37f05e5533bb258f,82a88bcbf0b275c0] 1 --- [http-nio-8080-exec-7] c.l.p.PaymentService : Processed payment 16476 for account A-154 in 17 ms
2024-01-15 10:13:28.900  INFO  [lily-payments,ae72866a507d8991d04119343dd52542,1e1616010057d672] 1 --- [http-nio-8080-exec-3] c.l.p.PaymentService : Processed payment 60354 for account A-985 in 59 ms
2024-01-15 10:13:30.600  INFO  [lily-payments,91b99cbde9d41e22676239a791192316,5d2f7a86817798ab] 1 --- [scheduling-1] c.l.p.PaymentService : Processed payment 95411 for account A-270 in 88 ms
2024-01-15 10:13:32.300  INFO  [lily-payments,51adb4b2caba7b885d90414415bf3e15,8ed185df53bc1b56] 1 --- [http-nio-8080-exec-1] c.l.p.PaymentService : Processed payment 28102 for account A-488 in 55 ms
2024-01-15 10:13:34.000  INFO  [lily-payments,a4691365d108634265933d70625e0df4,c3a87b1b1ed28b56] 1 --- [http-nio-8080-exec-7] c.l.p.PaymentService : Processed payment 29107 for account A-211 in 49 ms
2024-01-15 10:13:35.700  INFO  [lily-payments,4b9ff2778aff60de0f23fb2d12484385,f701dc5317fa0a56] 1 --- [http-nio-8080-exec-3] c.l.p.PaymentService : Processed payment 14717 for account A-204 in 41 ms
2024-01-15 10:13:37.400  INFO  [lily-payments,682300780d63fc02ad1284bf39e32d7d,21ab92abf4335f52] 1 --- [http-nio-8080-exec-7] c.l.p.PaymentService : Processed payment 93648 for account A-460 in 12 ms
2024-01-15 10:13:39.100  INFO  [lily-payments,22c651ba059d0e34c334c2539161ec08,42e598cc34e89c2b] 1 --- [http-nio-8080-exec-1] c.l.p.PaymentService : Processed payment 82612 for account A-934 in 60 ms
2024-01-15 10:13:40.800  INFO  [lily-payments,98c1de6626f61b6d1c1bfc0dbc4334b6,0af23c49fe379e7a] 1 --- [http-nio-8080-exec-7] c.l.p.PaymentService : Processed payment 12544 for account A-305 in 21 ms
2024-01-15 10:13:42.500  INFO  [lily-payments,a7e1a2fc0e323358e047c4d7ef092852,b56bb989700e1eea] 1 --- [http-nio-8080-exec-1] c.l.p.PaymentService : Processed payment 82959 for account A-242 in 87 ms
2024-01-15 10:13:44.200  INFO  [lily-payments,767668c98c14a9a483e073fb1bcdc16f,b68f02785f54d20f] 1 --- [scheduling-1] c.l.p.PaymentService : Processed payment 98398 for account A-736 in 81 ms
2024-01-15 10:13:45.900  INFO  [lily-payments,77384322f683e0bf003607bfdcad1126,496ea7e12f6d6424] 1 --- [http-nio-8080-exec-7] c.l.p.PaymentService : Processed payment 52133 for account A-823 in 61 ms
2024-01-15 10:13:47.600  INFO  [lily-payments,0867c7d0faa52cfc2bb360f7fdfcf427,18da40768dafab12] 1 --- [scheduling-1] c.l.p.PaymentService : Processed payment 67189 for account A-937 in 72 ms
2024-01-15 10:13:49.300  INFO  [lily-payments,8ca791f9b712bf7bbc6e550d61b66784,bbcea0b84eea91b3] 1 --- [scheduling-1] c.l.p.PaymentService : Processed payment 42892 for account A-141 in 39 ms
2024-01-15 10:13:00.000  WARN  [lily-payments,0acfc0b3907d271748c2e27b7969078b,b7952750fcaab274] 1 --- [http-nio-8080-exec-1] c.l.p.IssuerClient : Payment declined by issuer code=61 attempt=1
2024-01-15 10:13:00.290  WARN  [lily-payments,f7e94ee9c3fd2df2972a1efaa2703d76,e0b86ef6ab87bdcd] 1 --- [http-nio-8080-exec-1] c.l.p.IssuerClient : Payment declined by issuer code=51 attempt=3
2024-01-15 10:13:00.580  WARN  [lily-payments,10b1baedd459c96e5cb060b0a1c3f63c,fa00593cb83afeea] 1 --- [scheduling-1] c.l.p.IssuerClient : Payment declined by issuer code=05 attempt=2
2024-01-15 10:13:00.870  WARN  [lily-payments,ce04938a969f97a2a1b93f1415bb1cbe,cba32b8400346553] 1 --- [scheduling-1] c.l.p.IssuerClient : Payment declined by issuer code=61 attempt=1
2024-01-15 10:13:01.160  WARN  [lily-payments,f860ff4680fcb388a8e4975afda4394c,1ecdebc2eafd3f6f] 1 --- [http-nio-8080-exec-3] c.l.p.IssuerClient : Payment declined by issuer code=51 attempt=1
2024-01-15 10:14:00.000  INFO  [lily-payments,3403a68d9523014d8d130dbf3b524ea4,5a86a87618a3381d] 1 --- [http-nio-8080-exec-3] c.l.p.PaymentService : Processed payment 91458 for account A-413 in 56 ms
2024-01-15 10:14:01.700  INFO  [lily-payments,849182a887e9bfac87a3817de11cc4f9,83ef5586e49a6fa0] 1 --- [http-nio-8080-exec-3] c.l.p.PaymentService : Processed payment 67619 for account A-615 in 76 ms
2024-01-15 10:14:03.400  INFO  [lily-payments,2c81e72a5279dbe39aaeada93daf32d7,40ef9c046d860024] 1 --- [http-nio-8080-exec-7] c.l.p.PaymentService : Processed payment 44427 for account A-573 in 84 ms
2024-01-15 10:14:05.100  INFO  [lily-payments,e39deebfcd39de1483a87636f52a2fdd,1342e4764ea9c144] 1 --- [http-nio-8080-exec-3] c.l.p.PaymentService : Processed payment 24927 for account A-595 in 39 ms
2024-01-15 10:14:06.800  INFO  [lily-payments,6dcae55d2078b4a4c4746dabdfe7ea14,262af7e4955b33da] 1 --- [http-nio-8080-exec-1] c.l.p.PaymentService : Processed payment 34636 for account A-694 in 46 ms
2024-01-15 10:14:08.500  INFO  [lily-payments,6d46b5a79fd81f24e3e1ed13901635a4,9c740c46653a6c0e] 1 --- [http-nio-8080-exec-7] c.l.p.PaymentService : Processed payment 39709 for account A-634 in 63 ms
2024-01-15 10:14:10.200  INFO  [lily-payments,72c140ad24a31509c89073c790c10962,a33d2a242f9fd1f3] 1 --- [http-nio-8080-exec-3] c.l.p.PaymentService : Processed payment 35252 for account A-261 in 86 ms
2024-01-15 10:14:11.900  INFO  [lily-payments,ac8b4a9fbfb15d79c49876a8fe94db1e,cd4d106a7fc35be0] 1 --- [http-nio-8080-exec-3] c.l.p.PaymentService : Processed payment 87088 for account A-295 in 17 ms
2024-01-15 10:14:13.600  INFO  [lily-payments,e73f96a65ac53756ec1c134b845285ae,0fb474dbfd700604] 1 --- [http-nio-8080-exec-1] c.l.p.PaymentService : Processed payment 81173 for account A-658 in 41 ms
2024-01-15 10:14:15.300  INFO  [lily-payments,e7e1cd6ad8ac9ac75d1ae6f92d0b7bc8,27b37c7396efe010] 1 --- [scheduling-1] c.l.p.PaymentService : Processed payment 45347 for account A-207 in 28 ms
2024-01-15 10:14:17.000  INFO  [lily-payments,80e7ee5d7ffd4df07a1b950d461d3bc5,5308dfcd7dfc1c30] 1 --- [http-nio-8080-exec-1] c.l.p.PaymentService : Processed payment 35379 for account A-291 in 26 ms
2024-01-15 10:14:18.700  INFO  [lily-payments,9d8d98a98b6f1d3355c2c38734fb8618,402ca0a3f6183f85] 1 --- [http-nio-8080-exec-3] c.l.p.PaymentService : Processed payment 69465 for account A-297 in 14 ms
2024-01-15 10:14:20.400  INFO  [lily-payments,a4938507df267e2ab57dff559b638e73,e3b2d32f4f6e12d1] 1 --- [scheduling-1] c.l.p.PaymentService : Processed payment 77942 for account A-285 in 41 ms
2024-01-15 10:14:22.100  INFO  [lily-payments,7529b41b65a5896a81112aeea0e36ef3,c5440b5ea58a3841] 1 --- [http-nio-8080-exec-7] c.l.p.PaymentService : Processed payment 86671 for account A-968 in 19 ms
2024-01-15 10:14:23.800  INFO  [lily-payments,6fbac6b68c164a5290cbf1831819f549,de7cc634593b4695] 1 --- [http-nio-8080-exec-7] c.l.p.PaymentService : Processed payment 20284 for account A-278 in 30 ms
2024-01-15 10:14:25.500  INFO  [lily-payments,bcfb4bf5beaa94f2e842869516b31f5e,3c14d4ab46eba7c1] 1 --- [http-nio-8080-exec-3] c.l.p.PaymentService : Processed payment 73984 for account A-269 in 10 ms
2024-01-15 10:14:27.200  INFO  [lily-payments,515166c2ca2b6b8b72e7b4a29304823a,43d97c4084f0a3f6] 1 --- [http-nio-8080-exec-3] c.l.p.PaymentService : Processed payment 77750 for account A-540 in 47 ms
2024-01-15 10:14:28.900  INFO  [lily-payments,471b5ffa6615957edd93afd68bc75b19,ebd5c850f446f8e8] 1 --- [scheduling-1] c.l.p.PaymentService : Processed payment 78563 for account A-115 in 68 ms
2024-01-15 10:14:30.600  INFO  [lily-payments,4c086614999b2bf94e8c5406c5b93fb3,1f4c2156664028a8] 1 --- [http-nio-8080-exec-3] c.l.p.PaymentService : Processed payment 18781 for account A-413 in 52 ms
2024-01-15 10:14:32.300  INFO  [lily-payments,26043f27064fe013b17d5c9b7831c747,5699d62f5e58ddab] 1 --- [http-nio-8080-exec-1] c.l.p.PaymentService : Processed payment 84461 for account A-951 in 24 ms
2024-01-15 10:14:34.000  INFO  [lily-payments,611c5a3515bdb812c06299491490c4d4,11e80260c139f409] 1 --- [http-nio-8080-exec-3] c.l.p.PaymentService : Processed payment 92638 for account A-280 in 25 ms
2024-01-15 10:14:35.700  INFO  [lily-payments,37a7988c349f528bf8f0b32d0052231b,6cd8dcd7a543f4f3] 1 --- [scheduling-1] c.l.p.PaymentService : Processed payment 48975 for account A-149 in 49 ms
2024-01-15 10:14:37.400  INFO  [lily-payments,bf02b0cb14ef20f1e84c76194ab9a8ae,346885ebb3586072] 1 --- [http-nio-8080-exec-7] c.l.p.PaymentService : Processed payment 61023 for account A-719 in 47 ms
2024-01-15 10:14:39.100  INFO  [lily-payments,128268b167ec610b84559257be32e2ef,aab28becb9760fac] 1 --- [scheduling-1] c.l.p.PaymentService : Processed payment 41480 for account A-348 in 52 ms
2024-01-15 10:14:40.800  INFO  [lily-payments,9c511cab86183b87aeed02adc401b2aa,e3ed07c01ecc27f4] 1 --- [http-nio-8080-exec-7] c.l.p.PaymentService : Processed payment 56126 for account A-184 in 76 ms
2024-01-15 10:14:42.500  INFO  [lily-payments,e6791b0e7eecc031a80434aaa930c2be,66e391e2a7c15bd6] 1 --- [http-nio-8080-exec-3] c.l.p.PaymentService : Processed payment 92926 for account A-115 in 26 ms
2024-01-15 10:14:00.000  WARN  [lily-payments,66db9bcee434ccb189483a84b414d689,397f522dbc269f3b] 1 --- [http-nio-8080-exec-1] c.l.p.IssuerClient : Payment declined by issuer code=51 attempt=3
2024-01-15 10:14:00.290  WARN  [lily-payments,4b72f6a9971f6b8dddbf36b225cab8ca,2cc2e6dc753d62a4] 1 --- [scheduling-1] c.l.p.IssuerClient : Payment declined by issuer code=05 attempt=3
2024-01-15 10:14:00.580  WARN  [lily-payments,d80ae6934bee334f688ae568b3d7264b,f084c8326c7abcec] 1 --- [http-nio-8080-exec-7] c.l.p.IssuerClient : Payment declined by issuer code=51 attempt=3
2024-01-15 10:14:00.870  WARN  [lily-payments,f3f2f0ece78acc1326ded694bb84622d,e996b525ad818118] 1 --- [scheduling-1] c.l.p.IssuerClient : Payment declined by issuer code=51 attempt=1
2024-01-15 10:14:01.160  WARN  [lily-payments,d5624ebfab7d5635c3e79ade2c046301,cad8b0b7d6dee52a] 1 --- [http-nio-8080-exec-3] c.l.p.IssuerClient : Payment declined by issuer code=05 attempt=2
2024-01-15 10:14:33.000  ERROR [lily-payments,2a4916cfa8ca50d39af14fdaa3981470,2dcc33464b9e5917] 1 --- [http-nio-8080-exec-7] c.l.p.PaymentService : Authorization failed for token tok_1642
java.lang.NullPointerException: Cannot invoke "com.lily.payments.model.Account.getBalance()" because "acct" is null
	at com.lily.payments.PaymentService.authorize(PaymentService.java:142)
	at com.lily.payments.stream.SettlementConsumer.onMessage(SettlementConsumer.java:31)
	at org.springframework.transaction.interceptor.TransactionInterceptor.invoke(TransactionInterceptor.java:119)
	... 47 common frames omitted
Caused by: java.sql.SQLTransientConnectionException: HikariPool-1 - Connection is not available, request timed out after 30000ms
	at com.zaxxer.hikari.pool.HikariPool.createTimeoutException(HikariPool.java:696)
	at com.lily.payments.db.AccountRepository.findByToken(AccountRepository.java:88)
	... 3 more
2024-01-15 10:15:00.000  INFO  [lily-payments,dd01e4c101df265ea516b0ad276bed86,cc566b2b6fa127d4] 1 --- [http-nio-8080-exec-3] c.l.p.PaymentService : Processed payment 49151 for account A-104 in 74 ms
2024-01-15 10:15:01.700  INFO  [lily-payments,023cef6bbbba25f59c01c071114a4aa0,6c705fbb8239a8c9] 1 --- [http-nio-8080-exec-3] c.l.p.PaymentService : Processed payment 55380 for account A-291 in 90 ms
2024-01-15 10:15:03.400  INFO  [lily-payments,bfd4ff3e5684f01960889f82c544cbfd,ff84986c549eb35e] 1 --- [http-nio-8080-exec-3] c.l.p.PaymentService : Processed payment 45345 for account A-310 in 73 ms
2024-01-15 10:15:05.100  INFO  [lily-payments,db5d763c6e4c3fd078ecd9846b2830e5,0581735261560c38] 1 --- [http-nio-8080-exec-1] c.l.p.PaymentService : Processed payment 27513 for account A-172 in 85 ms
2024-01-15 10:15:06.800  INFO  [lily-payments,d17ea2e1b40441dac3fc177affa7efd7,d8944b9df90171e6] 1 --- [http-nio-8080-exec-7] c.l.p.PaymentService : Processed payment 23158 for account A-771 in 31 ms
2024-01-15 10:15:08.500  INFO  [lily-payments,691c965c3449f5db6dd2d653774984f7,63a999cd47184e4e] 1 --- [http-nio-8080-exec-7] c.l.p.PaymentService : Processed payment 39790 for account A-204 in 51 ms
2024-01-15 10:15:10.200  INFO  [lily-payments,0bb7c3c54503bcca80b63704899005e0,c1602137c0c724b2] 1 --- [http-nio-8080-exec-3] c.l.p.PaymentService : Processed payment 84586 for account A-567 in 64 ms
2024-01-15 10:15:11.900  INFO  [lily-payments,270c7b14600052ad29a5a4d918512f9d,2551c2b4779c7375] 1 --- [http-nio-8080-exec-7] c.l.p.PaymentService : Processed payment 95129 for account A-171 in 59 ms
2024-01-15 10:15:13.600  INFO  [lily-payments,532a341d1716341d016854783087f0dd,ed2ae034fb2d70df] 1 --- [http-nio-8080-exec-3] c.l.p.PaymentService : Processed payment 28742 for account A-998 in 36 ms
2024-01-15 10:15:15.300  INFO  [lily-payments,8278e2773db5b3660cc490172313ab80,6c542f1d6960b255] 1 --- [scheduling-1] c.l.p.PaymentService : Processed payment 98803 for account A-684 in 65 ms
2024-01-15 10:15:17.000  INFO  [lily-payments,acc4c5cd573af460e88feb81065b49fd,f69a80f04a95bb14] 1 --- [scheduling-1] c.l.p.PaymentService : Processed payment 61955 for account A-186 in 49 ms
2024-01-15 10:15:18.700  INFO  [lily-payments,d8e0790904c9ba08be26b56d00253910,16961f8288dc5de2] 1 --- [http-nio-8080-exec-1] c.l.p.PaymentService : Processed payment 56120 for account A-639 in 9 ms
2024-01-15 10:15:20.400  INFO  [lily-payments,f5b92e527095a7714fc2ca4882b3c3c1,ec33da75acdec8dc] 1 --- [http-nio-8080-exec-1] c.l.p.PaymentService : Processed payment 72789 for account A-634 in 28 ms
2024-01-15 10:15:22.100  INFO  [lily-payments,d0e5cd655dfc0740892614dbe3247cae,36011cfddf219e2c] 1 --- [http-nio-8080-exec-7] c.l.p.PaymentService : Processed payment 82900 for account A-530 in 42 ms
2024-01-15 10:15:23.800  INFO  [lily-payments,9f3163f66ae1ad6676323fbb8ab7bd87,a2e75c3f2113e116] 1 --- [http-nio-8080-exec-7] c.l.p.PaymentService : Processed payment 51202 for account A-763 in 51 ms
2024-01-15 10:15:25.500  INFO  [lily-payments,34cc94f32970879e63cbff2090caef31,78afd49043c72f81] 1 --- [scheduling-1] c.l.p.PaymentService : Processed payment 83233 for account A-516 in 89 ms
2024-01-15 10:15:27.200  INFO  [lily-payments,b4b3164b57d2edc73db1ac4dfbd8ce86,7b1ea60bff6a64e6] 1 --- [http-nio-8080-exec-7] c.l.p.PaymentService : Processed payment 48354 for account A-855 in 57 ms
2024-01-15 10:15:28.900  INFO  [lily-payments,97b620c0ed6a40e0d381cf27f2db095f,1ab4026416e060f8] 1 --- [http-nio-8080-exec-7] c.l.p.PaymentService : Processed payment 55177 for account A-939 in 83 ms
2024-01-15 10:15:30.600  INFO  [lily-payments,34f817bf903108ec729932128603d4ba,8290965ab54718d3] 1 --- [http-nio-8080-exec-3] c.l.p.PaymentService : Processed payment 96250 for account A-544 in 82 ms
2024-01-15 10:15:32.300  INFO  [lily-payments,393c95b9cc15e0b5f79c21837507f724,15c4a092d0fc3949] 1 --- [http-nio-8080-exec-7] c.l.p.PaymentService : Processed payment 19837 for account A-710 in 57 ms
2024-01-15 10:15:34.000  INFO  [lily-payments,b3bf54e81550c6a2274703b1cfd80344,8fb00d5f43463809] 1 --- [http-nio-8080-exec-1] c.l.p.PaymentService : Processed payment 55916 for account A-749 in 90 ms
2024-01-15 10:15:35.700  INFO  [lily-payments,cc99aafba2e1a954af3eb2300b09eaa6,5f69fd2ede5891b5] 1 --- [http-nio-8080-exec-1] c.l.p.PaymentService : Processed payment 62213 for account A-939 in 80 ms
2024-01-15 10:15:37.400  INFO  [lily-payments,9d7842accff77f5b8955bf2ff4ec4c08,ed477d8963f31764] 1 --- [scheduling-1] c.l.p.PaymentService : Processed payment 55746 for account A-405 in 9 ms
2024-01-15 10:15:39.100  INFO  [lily-payments,0be92975ba8b00f93bba747fb6379eaa,a8b5014c0181dc76] 1 --- [scheduling-1] c.l.p.PaymentService : Processed payment 85852 for account A-909 in 10 ms
2024-01-15 10:15:40.800  INFO  [lily-payments,b61cac3f77fb34dfa62e2741c3dd8747,f76dd11476f86e41] 1 --- [http-nio-8080-exec-3] c.l.p.PaymentService : Processed payment 32025 for account A-326 in 11 ms
2024-01-15 10:15:42.500  INFO  [lily-payments,c8ba9e958fd9e5ddc7645ee2ff33aeff,3750e6712b61b909] 1 --- [scheduling-1] c.l.p.PaymentService : Processed payment 20164 for account A-763 in 71 ms
2024-01-15 10:15:00.000  WARN  [lily-payments,e4081a2785dfb75412cb7b339e3c826c,89b1b537744b3bc9] 1 --- [http-nio-8080-exec-1] c.l.p.IssuerClient : Payment declined by issuer code=51 attempt=3
2024-01-15 10:15:00.290  WARN  [lily-payments,d1e5e31da994b0d027a9433f0fe3d38c,5f129ba225899258] 1 --- [scheduling-1] c.l.p.IssuerClient : Payment declined by issuer code=61 attempt=1
2024-01-15 10:15:00.580  WARN  [lily-payments,d01d94dd144f36db7bcef0b7638f979c,450b6c3604512c25] 1 --- [http-nio-8080-exec-3] c.l.p.IssuerClient : Payment declined by issuer code=51 attempt=2
2024-01-15 10:15:00.870  WARN  [lily-payments,bfae0e0e1127f8ce2841344b9822327f,cbe440870f006e4c] 1 --- [scheduling-1] c.l.p.IssuerClient : Payment declined by issuer code=61 attempt=1
2024-01-15 10:15:01.160  WARN  [lily-payments,04bda22a5c673bd1b9f5db25d2395ece,7398fc4410c5ea51] 1 --- [http-nio-8080-exec-7] c.l.p.IssuerClient : Payment declined by issuer code=05 attempt=1
2024-01-15 10:16:00.000  INFO  [lily-payments,d5462d780e5ae56ab00c324a08092f32,ee1430eab4e8d4cf] 1 --- [http-nio-8080-exec-3] c.l.p.PaymentService : Processed payment 10150 for account A-782 in 15 ms
2024-01-15 10:16:01.700  INFO  [lily-payments,19768cb14e74578a67b2df164cccc218,7660b0156bfecbf4] 1 --- [http-nio-8080-exec-7] c.l.p.PaymentService : Processed payment 51769 for account A-817 in 18 ms
2024-01-15 10:16:03.400  INFO  [lily-payments,6987443138b89901d11d0b85d27d1a03,d25fd72902db4e2f] 1 --- [http-nio-8080-exec-1] c.l.p.PaymentService : Processed payment 24615 for account A-925 in 17 ms
2024-01-15 10:16:05.100  INFO  [lily-payments,e92613cadf2dc6c01b3d7a53ca1103eb,e9eca1a1a0535a45] 1 --- [http-nio-8080-exec-7] c.l.p.PaymentService : Processed payment 24629 for account A-748 in 89 ms
2024-01-15 10:16:06.800  INFO  [lily-payments,7d3c9d68098262b9238ee12e790956ea,3b7da928c934e740] 1 --- [scheduling-1] c.l.p.PaymentService : Processed payment 45590 for account A-508 in 36 ms
2024-01-15 10:16:08.500  INFO  [lily-payments,af07ab91b24c78250f0c1038afc3c205,8140b729802eb1c2] 1 --- [http-nio-8080-exec-3] c.l.p.PaymentService : Processed payment 70419 for account A-664 in 17 ms
2024-01-15 10:16:10.200  INFO  [lily-payments,3b5c1bef23a888db13edc80a8d412def,3847fc1fb585e167] 1 --- [http-nio-8080-exec-3] c.l.p.PaymentService : Processed payment 56067 for account A-731 in 45 ms
2024-01-15 10:16:11.900  INFO  [lily-payments,e62baeb67fcd65675cccdf1e445ea573,f741e1bb3ff63a22] 1 --- [http-nio-8080-exec-7] c.l.p.PaymentService : Processed payment 66134 for account A-251 in 37 ms
2024-01-15 10:16:13.600  INFO  [lily-payments,bfbcc860f977469a054648401753f91f,4247a9411b334ed6] 1 --- [http-nio-8080-exec-7] c.l.p.PaymentService : Processed payment 40325 for account A-522 in 36 ms
2024-01-15 10:16:15.300  INFO  [lily-payments,2a741a09339defbb5d273c1f289d9999,97da0423270e3f05] 1 --- [http-nio-8080-exec-3] c.l.p.PaymentService : Processed payment 59105 for account A-506 in 58 ms
2024-01-15 10:16:17.000  INFO  [lily-payments,01a0fba94d08a4a7531b7514abc55c76,ed9bb06da884c096] 1 --- [scheduling-1] c.l.p.PaymentService : Processed payment 95655 for account A-460 in 36 ms
2024-01-15 10:16:18.700  INFO  [lily-payments,0b449eb34bc8cd847e63ba0617274059,ebb14c8f4daab3e0] 1 --- [http-nio-8080-exec-3] c.l.p.PaymentService : Processed payment 25384 for account A-779 in 27 ms
2024-01-15 10:16:20.400  INFO  [lily-payments,da5607c2e222994289dcabe5f518f2b2,bf61f4234800f9d8] 1 --- [http-nio-8080-exec-3] c.l.p.PaymentService : Processed payment 13694 for account A-483 in 36 ms
2024-01-15 10:16:22.100  INFO  [lily-payments,4ae5541ad066f0a74dda204bc5a9a728,2723b6ec3925b23a] 1 --- [http-nio-8080-exec-7] c.l.p.PaymentService : Processed payment 94584 for account A-810 in 11 ms
2024-01-15 10:16:23.800  INFO  [lily-payments,af5f7eda8606ee5aa8aa113ed9f7b763,0818331a7542859c] 1 --- [scheduling-1] c.l.p.PaymentService : Processed payment 87789 for account A-350 in 77 ms
2024-01-15 10:16:25.500  INFO  [lily-payments,8a3846f8d0b3a52bfb88549b506ffbd7,e4c6c2248c0567bc] 1 --- [http-nio-8080-exec-1] c.l.p.PaymentService : Processed payment 12698 for account A-146 in 72 ms
2024-01-15 10:16:27.200  INFO  [lily-payments,029bc0a34007d7b51d46b8e6ecc2e85b,0e3aeaf918bdda17] 1 --- [http-nio-8080-exec-3] c.l.p.PaymentService : Processed payment 94956 for account A-444 in 10 ms
2024-01-15 10:16:28.900  INFO  [lily-payments,fd3d21a9e41f936201c6d38fc2d862e5,cbbf7e0db3703d58] 1 --- [http-nio-8080-exec-1] c.l.p.PaymentService : Processed payment 75390 for account A-472 in 79 ms
2024-01-15 10:16:30.600  INFO  [lily-payments,9492b7a650fd7580be99c1875184fd4c,c04cd56fcfcd290a] 1 --- [http-nio-8080-exec-3] c.l.p.PaymentService : Processed payment 32996 for account A-366 in 58 ms
2024-01-15 10:16:32.300  INFO  [lily-payments,373455c07b82710a4e8eb5e9ca731fd4,40bfe43368cc9fa0] 1 --- [http-nio-8080-exec-1] c.l.p.PaymentService : Processed payment 10936 for account A-175 in 88 ms
2024-01-15 10:16:34.000  INFO  [lily-payments,887c647d6430af6d31c630cd6ffbf6de,9737e9d9faae9a4a] 1 --- [http-nio-8080-exec-1] c.l.p.PaymentService : Processed payment 59502 for account A-594 in 64 ms
2024-01-15 10:16:35.700  INFO  [lily-payments,5cf7fcbc9bab2ccdb0e13265d13d5c84,32100e23ae24925f] 1 --- [http-nio-8080-exec-7] c.l.p.PaymentService : Processed payment 44609 for account A-505 in 13 ms
2024-01-15 10:16:37.400  INFO  [lily-payments,3dce46419cc417497ad06a06fb7fa69e,b897549285024832] 1 --- [http-nio-8080-exec-1] c.l.p.PaymentService : Processed payment 85980 for account A-608 in 52 ms
2024-01-15 10:16:39.100  INFO  [lily-payments,fbaad72c23de02b3439ba51063a4252a,193fc6a328ffa9cd] 1 --- [http-nio-8080-exec-1] c.l.p.PaymentService : Processed payment 63360 for account A-664 in 40 ms
2024-01-15 10:16:40.800  INFO  [lily-payments,f9e246fc0f34163531600ad8864d1277,fdd804117cb93258] 1 --- [http-nio-8080-exec-7] c.l.p.PaymentService : Processed payment 69166 for account A-666 in 77 ms
2024-01-15 10:16:42.500  INFO  [lily-payments,f0c679a9fd2217455086a85e719f9c67,a03ad0d013d2a564] 1 --- [http-nio-8080-exec-3] c.l.p.PaymentService : Processed payment 44664 for account A-502 in 28 ms
2024-01-15 10:16:44.200  INFO  [lily-payments,f4f41e60952e5ef056fd6ecbd6d21ec2,029157c92973f5e6] 1 --- [http-nio-8080-exec-1] c.l.p.PaymentService : Processed payment 14736 for account A-915 in 27 ms
2024-01-15 10:16:45.900  INFO  [lily-payments,d27582ea23426ef0b7e49f92f95c4932,9ccdcf9721984ae1] 1 --- [http-nio-8080-exec-7] c.l.p.PaymentService : Processed payment 47188 for account A-612 in 52 ms
2024-01-15 10:16:00.000  WARN  [lily-payments,5344772eca8b702a7b3982503a47d151,138bf23b714f1494] 1 --- [http-nio-8080-exec-1] c.l.p.IssuerClient : Payment declined by issuer code=51 attempt=3
2024-01-15 10:16:00.290  WARN  [lily-payments,1f7dc6c1f1b0ef86af296c210f805a41,7f56762016729dec] 1 --- [scheduling-1] c.l.p.IssuerClient : Payment declined by issuer code=51 attempt=2
2024-01-15 10:16:00.580  WARN  [lily-payments,3ce556f702463308234906ee31a76691,a2598b4bce903430] 1 --- [http-nio-8080-exec-3] c.l.p.IssuerClient : Payment declined by issuer code=61 attempt=1
2024-01-15 10:16:00.870  WARN  [lily-payments,bc0c879288cff57fd376ae3bfa311b76,ba63daea97da5507] 1 --- [http-nio-8080-exec-7] c.l.p.IssuerClient : Payment declined by issuer code=61 attempt=1
2024-01-15 10:16:01.160  WARN  [lily-payments,01c6ffc176dbb13cb64f4f55d2d1ffc9,92cba6979eb15788] 1 --- [http-nio-8080-exec-1] c.l.p.IssuerClient : Payment declined by issuer code=61 attempt=3
2024-01-15 10:17:00.000  INFO  [lily-payments,b24824413ac504792ea8f79d2e0d8010,1ffee7927f834677] 1 --- [http-nio-8080-exec-1] c.l.p.PaymentService : Processed payment 49528 for account A-127 in 79 ms
2024-01-15 10:17:01.700  INFO  [lily-payments,c7c13a65e04e450de349bf643628f839,af57e8a9d1a331ab] 1 --- [http-nio-8080-exec-7] c.l.p.PaymentService : Processed payment 73789 for account A-325 in 38 ms
2024-01-15 10:17:03.400  INFO  [lily-payments,76940fc16f36c6a6fa90b136d99d5e36,5c7897e70423207e] 1 --- [http-nio-8080-exec-3] c.l.p.PaymentService : Processed payment 80867 for account A-118 in 51 ms
2024-01-15 10:17:05.100  INFO  [lily-payments,1ef6bf30f4a4470a39252bebcf86b5d1,4760fc33cef47915] 1 --- [scheduling-1] c.l.p.PaymentService : Processed payment 64321 for account A-385 in 80 ms
2024-01-15 10:17:06.800  INFO  [lily-payments,ba81d420f8be846092a7a12dc01b4445,92892e2498ea7126] 1 --- [http-nio-8080-exec-7] c.l.p.PaymentService : Processed payment 16840 for account A-702 in 9 ms
2024-01-15 10:17:08.500  INFO  [lily-payments,eedbc337ee86ccc971cd6a77fc231d3a,8bfdad427503c9a8] 1 --- [http-nio-8080-exec-3] c.l.p.PaymentService : Processed payment 89618 for account A-689 in 74 ms
2024-01-15 10:17:10.200  INFO  [lily-payments,de7f4fb46aa2fe09301794f62bd9e1db,65c8d1e4b5242a42] 1 --- [http-nio-8080-exec-7] c.l.p.PaymentService : Processed payment 75337 for account A-153 in 40 ms
2024-01-15 10:17:11.900  INFO  [lily-payments,5d83e6ebb7ed25050102b8e89bf7b2b7,c77d5c2eefd48d30] 1 --- [scheduling-1] c.l.p.PaymentService : Processed payment 77086 for account A-439 in 34 ms
2024-01-15 10:17:13.600  INFO  [lily-payments,c2ae3acb69a40ba984fd26182bcbbadf,cec3f6d35f563b7d] 1 --- [scheduling-1] c.l.p.PaymentService : Processed payment 16027 for account A-137 in 70 ms
2024-01-15 10:17:15.300  INFO  [lily-payments,c2572936979ed7e412f0bc7c6f4bc101,eaa61b2565cb407b] 1 --- [http-nio-8080-exec-3] c.l.p.PaymentService : Processed payment 59733 for account A-894 in 27 ms
2024-01-15 10:17:17.000  INFO  [lily-payments,f9163079b07d7ac87abe6aaa913b3271,499ea824a7a22837] 1 --- [http-nio-8080-exec-1] c.l.p.PaymentService : Processed payment 30737 for account A-208 in 78 ms
2024-01-15 10:17:18.700  INFO  [lily-payments,7bf438a90be5545e9b3e12ac755db159,777f2744b395abeb] 1 --- [http-nio-8080-exec-3] c.l.p.PaymentService : Processed payment 35924 for account A-224 in 30 ms
2024-01-15 10:17:20.400  INFO  [lily-payments,197b9b5e63a52139614fac7cff7390f2,1fddbb96c5d7e11c] 1 --- [http-nio-8080-exec-7] c.l.p.PaymentService : Processed payment 12489 for account A-521 in 45 ms
2024-01-15 10:17:22.100  INFO  [lily-payments,d92413c7a9b943c146ec3a066d679be9,3bb3196200216c5a] 1 --- [http-nio-8080-exec-3] c.l.p.PaymentService : Processed payment 41731 for account A-744 in 23 ms
2024-01-15 10:17:23.800  INFO  [lily-payments,7420120b9506d6b0c1f87f9cdbb27955,8e66f7d8e26fa240] 1 --- [http-nio-8080-exec-3] c.l.p.PaymentService : Processed payment 24631 for account A-871 in 51 ms
2024-01-15 10:17:25.500  INFO  [lily-payments,52b95c9a0981761c130c9dc7d78f4cee,55e9f7bc0e9913d8] 1 --- [scheduling-1] c.l.p.PaymentService : Processed payment 74880 for account A-735 in 62 ms
2024-01-15 10:17:27.200  INFO  [lily-payments,e617655d112dc3282cdeed826006b28f,5e3888ac55754ce0] 1 --- [scheduling-1] c.l.p.PaymentService : Processed payment 37982 for account A-912 in 46 ms
2024-01-15 10:17:28.900  INFO  [lily-payments,7439e1cb3793bd53af2c247e5e455708,9d676d300927f842] 1 --- [http-nio-8080-exec-3] c.l.p.PaymentService : Processed payment 78913 for account A-921 in 78 ms
2024-01-15 10:17:30.600  INFO  [lily-payments,13bab1ac176dd468c95362a0fb5aa715,3a2af24233d543f5] 1 --- [http-nio-8080-exec-1] c.l.p.PaymentService : Processed payment 51551 for account A-151 in 47 ms
2024-01-15 10:17:32.300  INFO  [lily-payments,ba2eb8236be16d42bf6137e92df2736c,5b6f86df65c059d4] 1 --- [scheduling-1] c.l.p.PaymentService : Processed payment 25114 for account A-232 in 20 ms
2024-01-15 10:17:34.000  INFO  [lily-payments,fb4e11d972e5e597ee64090db4297b46,513a9b0779ffff56] 1 --- [scheduling-1] c.l.p.PaymentService : Processed payment 42143 for account A-291 in 68 ms
2024-01-15 10:17:35.700  INFO  [lily-payments,18fa0c730425202afb04c4fcf2a44fec,feca5b558e67908a] 1 --- [http-nio-8080-exec-3] c.l.p.PaymentService : Processed payment 76889 for account A-625 in 26 ms
2024-01-15 10:17:37.400  INFO  [lily-payments,5a4bf6b068809927c4383146d7a2e441,72917370933995c8] 1 --- [http-nio-8080-exec-1] c.l.p.PaymentService : Processed payment 78403 for account A-839 in 65 ms
2024-01-15 10:17:39.100  INFO  [lily-payments,0bb919a2e560c234cecd90c95a1b3257,1bb2e368b119a5c2] 1 --- [http-nio-8080-exec-1] c.l.p.PaymentService : Processed payment 59870 for account A-990 in 69 ms
2024-01-15 10:17:40.800  INFO  [lily-payments,71673930e8acf52a1c2e7e95ca29ac95,9e1304ddc28e0a8d] 1 --- [http-nio-8080-exec-7] c.l.p.PaymentService : Processed payment 89451 for account A-198 in 15 ms
2024-01-15 10:17:42.500  INFO  [lily-payments,466af75e2e9059339590ca6957632768,533372ffa893c101] 1 --- [http-nio-8080-exec-7] c.l.p.PaymentService : Processed payment 64869 for account A-415 in 28 ms
2024-01-15 10:17:44.200  INFO  [lily-payments,782b88bc4c0737a25ec51ca26f305bf3,4a7bf5719d1de864] 1 --- [http-nio-8080-exec-1] c.l.p.PaymentService : Processed payment 19818 for account A-564 in 17 ms
2024-01-15 10:17:00.000  WARN  [lily-payments,a7df389f943a3a8ebe74cce19f197aba,43804e8de22aa2ab] 1 --- [http-nio-8080-exec-7] c.l.p.IssuerClient : Payment declined by issuer code=61 attempt=2
2024-01-15 10:17:00.290  WARN  [lily-payments,cd6374af2b0702770ae9ee5672de3ad9,d90fb343837c012d] 1 --- [http-nio-8080-exec-7] c.l.p.IssuerClient : Payment declined by issuer code=61 attempt=3
2024-01-15 10:17:00.580  WARN  [lily-payments,a6b4b1dfe3c0aac03213ce09a7ec34f2,bb5581f4bd265f80] 1 --- [http-nio-8080-exec-7] c.l.p.IssuerClient : Payment declined by issuer code=61 attempt=2
2024-01-15 10:17:00.870  WARN  [lily-payments,7f74197e62a532b11995bfe2e9f40e6d,3f08753ebb5d189b] 1 --- [scheduling-1] c.l.p.IssuerClient : Payment declined by issuer code=61 attempt=1
2024-01-15 10:17:01.160  WARN  [lily-payments,c8dd21d5bedf796fd25f1bdbbe9d5141,790979fb7faa2eec] 1 --- [http-nio-8080-exec-7] c.l.p.IssuerClient : Payment declined by issuer code=61 attempt=1
2024-01-15 10:18:00.000  INFO  [lily-payments,f260ea903a483ce44748590d69af2c26,050925edde2e0042] 1 --- [http-nio-8080-exec-3] c.l.p.PaymentService : Processed payment 39665 for account A-198 in 44 ms
2024-01-15 10:18:01.700  INFO  [lily-payments,e83a10439ee7130ab7a8ecbbce5b98a1,195cec80942c568d] 1 --- [http-nio-8080-exec-3] c.l.p.PaymentService : Processed payment 77200 for account A-127 in 31 ms
2024-01-15 10:18:03.400  INFO  [lily-payments,671579168abce2592382a6d0b79dfc86,07035946b9dc2e9d] 1 --- [http-nio-8080-exec-3] c.l.p.PaymentService : Processed payment 61620 for account A-507 in 27 ms
2024-01-15 10:18:05.100  INFO  [lily-payments,9896110a058532ddaa4fb06907e8a1fe,7e31a78d04b2b0f3] 1 --- [scheduling-1] c.l.p.PaymentService : Processed payment 61675 for account A-876 in 10 ms
2024-01-15 10:18:06.800  INFO  [lily-payments,50115318370439fffe16b29f6658cd35,6c9eba98198a01ae] 1 --- [http-nio-8080-exec-1] c.l.p.PaymentService : Processed payment 67320 for account A-494 in 22 ms
2024-01-15 10:18:08.500  INFO  [lily-payments,07733286a41b8269d10e83725d314617,dcf565d422b9c07a] 1 --- [scheduling-1] c.l.p.PaymentService : Processed payment 11500 for account A-825 in 35 ms
2024-01-15 10:18:10.200  INFO  [lily-payments,d66b382884414380f3c3f4fec4a4af69,7f1ff90ca07d4dc0] 1 --- [scheduling-1] c.l.p.PaymentService : Processed payment 12073 for account A-544 in 8 ms
2024-01-15 10:18:11.900  INFO  [lily-payments,a8440d9c0605fa5734c2162aee41f4db,1d87b25fb09de0cb] 1 --- [http-nio-8080-exec-7] c.l.p.PaymentService : Processed payment 87229 for account A-784 in 41 ms
2024-01-15 10:18:13.600  INFO  [lily-payments,bd96728e104db8672deecc4f61435cfd,262adec356153b52] 1 --- [http-nio-8080-exec-3] c.l.p.PaymentService : Processed payment 81850 for account A-976 in 36 ms
2024-01-15 10:18:15.300  INFO  [lily-payments,d69d802c00e075d3656c74f641194c05,cb513a0fb4e7d5fb] 1 --- [http-nio-8080-exec-1] c.l.p.PaymentService : Processed payment 92769 for account A-374 in 40 ms
2024-01-15 10:18:17.000  INFO  [lily-payments,8752cc885d788134fdbfdd11bef55243,b6386c8d425c0cfe] 1 --- [http-nio-8080-exec-7] c.l.p.PaymentService : Processed payment 98504 for account A-747 in 46 ms
2024-01-15 10:18:18.700  INFO  [lily-payments,3d823c06c6f886dd84f616fcf7114cdf,d101d357e6af4c0a] 1 --- [http-nio-8080-exec-3] c.l.p.PaymentService : Processed payment 37969 for account A-499 in 64 ms
2024-01-15 10:18:20.400  INFO  [lily-payments,30fef9ce46e4e68937456d6fb0a02d0a,feb11d28286ae169] 1 --- [scheduling-1] c.l.p.PaymentService : Processed payment 35393 for account A-671 in 84 ms
2024-01-15 10:18:22.100  INFO  [lily-payments,bee1cd456f0afeac2bbe39edcc48cb12,d261113c31755479] 1 --- [http-nio-8080-exec-3] c.l.p.PaymentService : Processed payment 29220 for account A-261 in 41 ms
2024-01-15 10:18:23.800  INFO  [lily-payments,00558e10288ac94ec9de6ef53ef6eb12,47f9d7b836ce39d1] 1 --- [http-nio-8080-exec-3] c.l.p.PaymentService : Processed payment 57046 for account A-856 in 48 ms
2024-01-15 10:18:25.500  INFO  [lily-payments,6613fd73e46b3ff7ecea069a8e023be1,49c01c3692e7f88d] 1 --- [http-nio-8080-exec-1] c.l.p.PaymentService : Processed payment 57783 for account A-883 in 52 ms
2024-01-15 10:18:27.200  INFO  [lily-payments,5aae58ba1581374622e055122d25c00d,672b217dccd60bd8] 1 --- [scheduling-1] c.l.p.PaymentService : Processed payment 59091 for account A-612 in 16 ms
2024-01-15 10:18:28.900  INFO  [lily-payments,4c247ee5d6ea46919dfab0542e4f736e,2deb5593972a9792] 1 --- [http-nio-8080-exec-7] c.l.p.PaymentService : Processed payment 95243 for account A-473 in 84 ms
2024-01-15 10:18:30.600  INFO  [lily-payments,4e2114ab12e8b3900db098d3d0860ab5,15bc9e2f47b2d7ed] 1 --- [http-nio-8080-exec-7] c.l.p.PaymentService : Processed payment 37206 for account A-470 in 25 ms
2024-01-15 10:18:32.300  INFO  [lily-payments,8048424e43b839544483afb78c6ebb78,01613658f098236f] 1 --- [http-nio-8080-exec-1] c.l.p.PaymentService : Processed payment 26232 for account A-551 in 65 ms
2024-01-15 10:18:34.000  INFO  [lily-payments,dcfb14b76a25b438505d42dd0bfe4476,fa29ac93e5d72ca5] 1 --- [http-nio-8080-exec-3] c.l.p.PaymentService : Processed payment 96722 for account A-296 in 90 ms
2024-01-15 10:18:35.700  INFO  [lily-payments,f92e6fa6856f07c759bf3b18f4489366,bbf9652cc5971502] 1 --- [http-nio-8080-exec-7] c.l.p.PaymentService : Processed payment 93026 for account A-549 in 54 ms
2024-01-15 10:18:37.400  INFO  [lily-payments,6d2cfb02a4a1b3824c219009e86ec6a2,44afb906cb13681f] 1 --- [http-nio-8080-exec-3] c.l.p.PaymentService : Processed payment 57089 for account A-883 in 46 ms
2024-01-15 10:18:39.100  INFO  [lily-payments,4ed5aa02fe2c3027c4713dea8f73afc7,04c822ef4485cade] 1 --- [http-nio-8080-exec-7] c.l.p.PaymentService : Processed payment 42449 for account A-429 in 60 ms
2024-01-15 10:18:40.800  INFO  [lily-payments,ec810d9936f5969fae37ed2d74929a08,05cde1e7422694b3] 1 --- [http-nio-8080-exec-7] c.l.p.PaymentService : Processed payment 76954 for account A-628 in 41 ms
2024-01-15 10:18:42.500  INFO  [lily-payments,67cf84f522f2556af77d66165d2a2c15,408c04daf8302ca4] 1 --- [http-nio-8080-exec-7] c.l.p.PaymentService : Processed payment 75554 for account A-715 in 60 ms
2024-01-15 10:18:44.200  INFO  [lily-payments,d3bfc45d5c0541f82d51977ed64f74fc,b1f59f1d48cf5972] 1 --- [http-nio-8080-exec-7] c.l.p.PaymentService : Processed payment 74350 for account A-884 in 74 ms
2024-01-15 10:18:45.900  INFO  [lily-payments,eb38a635d7bdd1ed169fffaa39f4ee5f,23e010da77cf824b] 1 --- [http-nio-8080-exec-1] c.l.p.PaymentService : Processed payment 73759 for account A-453 in 67 ms
2024-01-15 10:18:47.600  INFO  [lily-payments,d286b0f6e4265c62addac15ed8fb2466,b1c83690894a7905] 1 --- [http-nio-8080-exec-7] c.l.p.PaymentService : Processed payment 30298 for account A-939 in 23 ms
2024-01-15 10:18:49.300  INFO  [lily-payments,27bf5d17bfcd95801b908016b08ccbae,1cb97e46b729699d] 1 --- [http-nio-8080-exec-7] c.l.p.PaymentService : Processed payment 33896 for account A-633 in 56 ms
2024-01-15 10:18:51.000  INFO  [lily-payments,53211c589d81314e3fcdc21f7f7bcfe0,72341c051680b299] 1 --- [http-nio-8080-exec-1] c.l.p.PaymentService : Processed payment 75724 for account A-760 in 38 ms
2024-01-15 10:18:52.700  INFO  [lily-payments,b6f60593f3a81b7b5746067f049701ce,1a8cbfe478467ec3] 1 --- [http-nio-8080-exec-1] c.l.p.PaymentService : Processed payment 56533 for account A-596 in 43 ms
2024-01-15 10:18:54.400  INFO  [lily-payments,f2e91fd2fca039c87822ebd84862c4bc,d8a61bcb8b0692ae] 1 --- [scheduling-1] c.l.p.PaymentService : Processed payment 68759 for account A-933 in 31 ms
2024-01-15 10:18:56.100  INFO  [lily-payments,72b802eb39220d2e634e6ce8e67132f0,1f0a424b2069799b] 1 --- [scheduling-1] c.l.p.PaymentService : Processed payment 62651 for account A-695 in 67 ms
2024-01-15 10:18:00.000  WARN  [lily-payments,ea92895cc5536572ac1e2e9ef959bde0,950617d18ed8c89e] 1 --- [http-nio-8080-exec-1] c.l.p.IssuerClient : Payment declined by issuer code=61 attempt=3
2024-01-15 10:18:00.290  WARN  [lily-payments,a931a10b7043b830891b00fd1774f694,220752405bc9dd09] 1 --- [http-nio-8080-exec-3] c.l.p.IssuerClient : Payment declined by issuer code=61 attempt=1
2024-01-15 10:18:00.580  WARN  [lily-payments,504e87f7e106746bf187ea6899b7f169,e7db80caed1c86ff] 1 --- [http-nio-8080-exec-1] c.l.p.IssuerClient : Payment declined by issuer code=05 attempt=1
2024-01-15 10:18:00.870  WARN  [lily-payments,4bad0e42fd6ebcee559fb7e2a864f340,e8efb1498c040e8a] 1 --- [http-nio-8080-exec-7] c.l.p.IssuerClient : Payment declined by issuer code=05 attempt=2
2024-01-15 10:18:01.160  WARN  [lily-payments,701fdfa39688e08fa5caf1e7647a62ca,7f80af90b70dfd0a] 1 --- [http-nio-8080-exec-7] c.l.p.IssuerClient : Payment declined by issuer code=05 attempt=2
2024-01-15 10:19:00.000  INFO  [lily-payments,dbe4b066ec822f5b9874dc621f443c48,8ad497b4718140cb] 1 --- [http-nio-8080-exec-3] c.l.p.PaymentService : Processed payment 34416 for account A-373 in 57 ms
2024-01-15 10:19:01.700  INFO  [lily-payments,53484525ea281d84dfd01e6edbf6af52,90743f8c15307335] 1 --- [http-nio-8080-exec-7] c.l.p.PaymentService : Processed payment 98000 for account A-305 in 23 ms
2024-01-15 10:19:03.400  INFO  [lily-payments,048c32fc220663c7b4998a618583697d,12ba0f2a3f1a72ef] 1 --- [http-nio-8080-exec-1] c.l.p.PaymentService : Processed payment 69442 for account A-812 in 21 ms
2024-01-15 10:19:05.100  INFO  [lily-payments,cb52fc8c90904f6fc4d297741d34142d,858c4f45eef7e7ab] 1 --- [scheduling-1] c.l.p.PaymentService : Processed payment 51647 for account A-527 in 57 ms
2024-01-15 10:19:06.800  INFO  [lily-payments,511c5ab639202b02f6c181737cfde83d,e9fd5f31eee69abf] 1 --- [http-nio-8080-exec-7] c.l.p.PaymentService : Processed payment 97491 for account A-969 in 47 ms
2024-01-15 10:19:08.500  INFO  [lily-payments,36ab9c66d01f801c3f8907ed9c8d9e98,01e6bdf3921887a0] 1 --- [http-nio-8080-exec-3] c.l.p.PaymentService : Processed payment 34226 for account A-422 in 11 ms
2024-01-15 10:19:10.200  INFO  [lily-payments,29e2f34fdb5195f67c294dd3d3d71c25,70aa484dad612a71] 1 --- [http-nio-8080-exec-1] c.l.p.PaymentService : Processed payment 10945 for account A-761 in 24 ms
2024-01-15 10:19:11.900  INFO  [lily-payments,6fa4a50593f073e1f6f6ec695caaa3f4,629bce1cfdade2d6] 1 --- [http-nio-8080-exec-1] c.l.p.PaymentService : Processed payment 39499 for account A-851 in 64 ms
2024-01-15 10:19:13.600  INFO  [lily-payments,1bac8269b2f89bd992f70b47efe0de9f,b8ecab48c3185fb5] 1 --- [http-nio-8080-exec-7] c.l.p.PaymentService : Processed payment 73689 for account A-627 in 27 ms
2024-01-15 10:19:15.300  INFO  [lily-payments,a354554d9d22afd556ef487d3f3e25a0,d68935997a2af15f] 1 --- [scheduling-1] c.l.p.PaymentService : Processed payment 64786 for account A-641 in 45 ms
2024-01-15 10:19:17.000  INFO  [lily-payments,dd05ff94c421a8662f52f40e45159c12,e116a25986970ea3] 1 --- [http-nio-8080-exec-1] c.l.p.PaymentService : Processed payment 34203 for account A-841 in 48 ms
2024-01-15 10:19:18.700  INFO  [lily-payments,9caf7bd832f748701a9ef9d40040c3c1,1cb1a7d14b3a75b1] 1 --- [http-nio-8080-exec-3] c.l.p.PaymentService : Processed payment 47205 for account A-546 in 20 ms
2024-01-15 10:19:20.400  INFO  [lily-payments,9f71a977f30068f18a479ebc87a11e5c,12eced9ef9f8ca68] 1 --- [http-nio-8080-exec-7] c.l.p.PaymentService : Processed payment 33460 for account A-432 in 67 ms
2024-01-15 10:19:22.100  INFO  [lily-payments,bebc57e301624172d003db4bed10ccd1,975e5911a4f5aca2] 1 --- [http-nio-8080-exec-7] c.l.p.PaymentService : Processed payment 97956 for account A-622 in 80 ms
2024-01-15 10:19:23.800  INFO  [lily-payments,25b1b4eac3349694261ff7186c5676bd,aa91b267f2670a40] 1 --- [http-nio-8080-exec-7] c.l.p.PaymentService : Processed payment 51450 for account A-328 in 26 ms
2024-01-15 10:19:25.500  INFO  [lily-payments,5ea9184909949f5c0f25a492fbbfa4e2,61042ed283ce6f53] 1 --- [http-nio-8080-exec-7] c.l.p.PaymentService : Processed payment 77908 for account A-991 in 11 ms
2024-01-15 10:19:27.200  INFO  [lily-payments,4cf3bce3a9235f5dd44f8100b3193660,aef6aa078c5e5546] 1 --- [http-nio-8080-exec-7] c.l.p.PaymentService : Processed payment 67055 for account A-431 in 43 ms
2024-01-15 10:19:28.900  INFO  [lily-payments,b704b97ee1102e90c1ecf247e2d8be23,b7b69b0a251e5e09] 1 --- [http-nio-8080-exec-7] c.l.p.PaymentService : Processed payment 60458 for account A-267 in 20 ms
2024-01-15 10:19:30.600  INFO  [lily-payments,1c0263c83f7b83cc5d4eb51ee87102ad,9f9750acea91fd92] 1 --- [http-nio-8080-exec-1] c.l.p.PaymentService : Processed payment 72096 for account A-992 in 20 ms
2024-01-15 10:19:32.300  INFO  [lily-payments,c9bc9cc558f7caca1b5c9de5f880b431,2d3270600f15772e] 1 --- [scheduling-1] c.l.p.PaymentService : Processed payment 22937 for account A-459 in 27 ms
2024-01-15 10:19:34.000  INFO  [lily-payments,97acd45d340dd49f04876f223e056437,d03f91d48539e5a9] 1 --- [scheduling-1] c.l.p.PaymentService : Processed payment 59887 for account A-902 in 28 ms
2024-01-15 10:19:35.700  INFO  [lily-payments,62951bd35d5cfd679ba32007b60d5b04,0d5e70af5d6fe70c] 1 --- [http-nio-8080-exec-3] c.l.p.PaymentService : Processed payment 87331 for account A-731 in 42 ms
2024-01-15 10:19:37.400  INFO  [lily-payments,c2b389925b9a04a9c7617810682e4567,8a01333017394739] 1 --- [http-nio-8080-exec-1] c.l.p.PaymentService : Processed payment 38140 for account A-280 in 65 ms
2024-01-15 10:19:39.100  INFO  [lily-payments,26d2ba251fd049f1037ba645fb774da5,6e55d56217034724] 1 --- [http-nio-8080-exec-3] c.l.p.PaymentService : Processed payment 80911 for account A-599 in 43 ms
2024-01-15 10:19:40.800  INFO  [lily-payments,b0c9b5b39e9c6b5d842c52327f38d81f,f8d2757f9f4d0915] 1 --- [scheduling-1] c.l.p.PaymentService : Processed payment 87938 for account A-736 in 90 ms
2024-01-15 10:19:42.500  INFO  [lily-payments,c55ce0820eb32d7ce39feaee0927016d,ebcb9e710a182073] 1 --- [http-nio-8080-exec-3] c.l.p.PaymentService : Processed payment 79247 for account A-708 in 15 ms
2024-01-15 10:19:00.000  WARN  [lily-payments,0dc5ae84e2772199150ddc64e873818d,0211f9c8f11aa406] 1 --- [http-nio-8080-exec-7] c.l.p.IssuerClient : Payment declined by issuer code=51 attempt=3
2024-01-15 10:19:00.290  WARN  [lily-payments,2d45338e4802e0d070eac4ad6966853e,e1192c098cf12da4] 1 --- [http-nio-8080-exec-3] c.l.p.IssuerClient : Payment declined by issuer code=51 attempt=2
2024-01-15 10:19:00.580  WARN  [lily-payments,b4b974a028363ce0282ec6ec08131b83,fc9eaa42b7f73e44] 1 --- [http-nio-8080-exec-7] c.l.p.IssuerClient : Payment declined by issuer code=61 attempt=2
2024-01-15 10:19:00.870  WARN  [lily-payments,8f474b0cd5aef29531d09f7b63704d1f,65bb538b34e6f4f4] 1 --- [http-nio-8080-exec-1] c.l.p.IssuerClient : Payment declined by issuer code=61 attempt=1
2024-01-15 10:19:01.160  WARN  [lily-payments,dc1758e5dbc5663c2752bbe628ad3b2d,bb67771c8f26644c] 1 --- [http-nio-8080-exec-1] c.l.p.IssuerClient : Payment declined by issuer code=51 attempt=3
2024-01-15 10:20:00.000  INFO  [lily-payments,8af2cfc40423e8e08ee5268e7c58460b,d340f757b2393749] 1 --- [http-nio-8080-exec-7] c.l.p.PaymentService : Processed payment 17397 for account A-926 in 57 ms
2024-01-15 10:20:01.700  INFO  [lily-payments,bf54aec123a91fa529d0724c5f6ea23d,1a762ca265df495b] 1 --- [http-nio-8080-exec-1] c.l.p.PaymentService : Processed payment 46984 for account A-645 in 87 ms
2024-01-15 10:20:03.400  INFO  [lily-payments,7cccae12b5f8789549a271afeae5517c,927e53278a49965d] 1 --- [http-nio-8080-exec-3] c.l.p.PaymentService : Processed payment 62022 for account A-275 in 44 ms
2024-01-15 10:20:05.100  INFO  [lily-payments,ad7aad4b8a3a658142f6dc751f405964,9061e1f56abed584] 1 --- [scheduling-1] c.l.p.PaymentService : Processed payment 76371 for account A-950 in 49 ms
2024-01-15 10:20:06.800  INFO  [lily-payments,639eb2820b12e38703eb3169a385d914,fa783a6daee3f456] 1 --- [http-nio-8080-exec-7] c.l.p.PaymentService : Processed payment 68487 for account A-743 in 13 ms
2024-01-15 10:20:08.500  INFO  [lily-payments,bcd0df384654d18ac2fb741a80201f27,e2397099a89c47ac] 1 --- [http-nio-8080-exec-1] c.l.p.PaymentService : Processed payment 34322 for account A-769 in 17 ms
2024-01-15 10:20:10.200  INFO  [lily-payments,a31adbc7795ba8e3cb71c65529268c72,f6f606172d2d0ad9] 1 --- [http-nio-8080-exec-1] c.l.p.PaymentService : Processed payment 71152 for account A-545 in 21 ms
2024-01-15 10:20:11.900  INFO  [lily-payments,976be9417da1496b7c856736ddb67de7,2b880b5c3256119c] 1 --- [scheduling-1] c.l.p.PaymentService : Processed payment 88004 for account A-150 in 54 ms
2024-01-15 10:20:13.600  INFO  [lily-payments,616098df0b40e5ec0625791647cef952,b7ef741d7158997d] 1 --- [http-nio-8080-exec-7] c.l.p.PaymentService : Processed payment 33806 for account A-400 in 58 ms
2024-01-15 10:20:15.300  INFO  [lily-payments,d28ed482fc89a9303d6299b8d05c721e,401315af77094b5d] 1 --- [http-nio-8080-exec-3] c.l.p.PaymentService : Processed payment 28864 for account A-831 in 82 ms
2024-01-15 10:20:17.000  INFO  [lily-payments,74c7ad23a99ac9e7e6550d3edf49fb27,c7d8da567b95af36] 1 --- [http-nio-8080-exec-7] c.l.p.PaymentService : Processed payment 39367 for account A-326 in 35 ms
2024-01-15 10:20:18.700  INFO  [lily-payments,7858aa01dea8bd24008e38bea8297d1e,b287933601af0362] 1 --- [http-nio-8080-exec-7] c.l.p.PaymentService : Processed payment 54510 for account A-652 in 46 ms
2024-01-15 10:20:20.400  INFO  [lily-payments,db0da2bf530712bba294ff3cf57638d1,362360baa6502634] 1 --- [http-nio-8080-exec-1] c.l.p.PaymentService : Processed payment 53198 for account A-498 in 20 ms
2024-01-15 10:20:22.100  INFO  [lily-payments,3d5d9a787e69aea5b58d3a3550f6490c,cec3819dd7994666] 1 --- [http-nio-8080-exec-7] c.l.p.PaymentService : Processed payment 28109 for account A-686 in 88 ms
2024-01-15 10:20:23.800  INFO  [lily-payments,8f37ebb9d9642570bcbd9c7c381b2db6,ff6f6823e5d61865] 1 --- [http-nio-8080-exec-3] c.l.p.PaymentService : Processed payment 47999 for account A-747 in 33 ms
2024-01-15 10:20:25.500  INFO  [lily-payments,91f5246c376031ee0cd95f64b811af50,0d79b7aaad5570b2] 1 --- [http-nio-8080-exec-7] c.l.p.PaymentService : Processed payment 85593 for account A-804 in 21 ms
2024-01-15 10:20:27.200  INFO  [lily-payments,73996db897fbb2eafeeef701248b7578,73e75a974609d5e8] 1 --- [http-nio-8080-exec-3] c.l.p.PaymentService : Processed payment 93162 for account A-633 in 89 ms
2024-01-15 10:20:28.900  INFO  [lily-payments,7ec8f9954d2d5fe4e221bb5bd62babbc,babdcf81b85c09f2] 1 --- [http-nio-8080-exec-3] c.l.p.PaymentService : Processed payment 38632 for account A-280 in 40 ms
2024-01-15 10:20:30.600  INFO  [lily-payments,4a6c30dfa4ef922fff494528c8e5fbfb,a477aa15d70eff17] 1 --- [http-nio-8080-exec-7] c.l.p.PaymentService : Processed payment 27834 for account A-202 in 13 ms
2024-01-15 10:20:32.300  INFO  [lily-payments,22a1aab11fda5e7e237dcdbd37d657fa,3d1704a458690545] 1 --- [http-nio-8080-exec-3] c.l.p.PaymentService : Processed payment 29882 for account A-842 in 23 ms
2024-01-15 10:20:34.000  INFO  [lily-payments,3f26d5d296b765667a52560e2d573ffe,232afe2b1076c8cd] 1 --- [http-nio-8080-exec-3] c.l.p.PaymentService : Processed payment 48504 for account A-664 in 44 ms
2024-01-15 10:20:35.700  INFO  [lily-payments,9c7752eccde8e161c6c63c06ffa66062,835012e7552aea82] 1 --- [scheduling-1] c.l.p.PaymentService : Processed payment 70239 for account A-455 in 69 ms
2024-01-15 10:20:37.400  INFO  [lily-payments,f06b364470fa320aef23442e5c3e0f23,85b4fe97735b6448] 1 --- [scheduling-1] c.l.p.PaymentService : Processed payment 83660 for account A-225 in 72 ms
2024-01-15 10:20:39.100  INFO  [lily-payments,e2f7783a9ccf799ed447427a0f624820,dbe1f719fa039022] 1 --- [http-nio-8080-exec-3] c.l.p.PaymentService : Processed payment 64085 for account A-928 in 61 ms
2024-01-15 10:20:40.800  INFO  [lily-payments,80735d7faca8b5b568187e1117e4e00f,d06173f7b73ba183] 1 --- [http-nio-8080-exec-1] c.l.p.PaymentService : Processed payment 84655 for account A-870 in 29 ms
2024-01-15 10:20:42.500  INFO  [lily-payments,f33a11634ff18b9ad67bba54e3575049,d309fa557d3f80f8] 1 --- [http-nio-8080-exec-1] c.l.p.PaymentService : Processed payment 46657 for account A-564 in 57 ms
2024-01-15 10:20:00.000  WARN  [lily-payments,faaf3d065015972098d707c44310081f,74922255cac71e36] 1 --- [http-nio-8080-exec-1] c.l.p.IssuerClient : Payment declined by issuer code=05 attempt=2
2024-01-15 10:20:00.290  WARN  [lily-payments,33c4203a62eda9a07b53e42109a49020,b4a73eabe6d00aba] 1 --- [scheduling-1] c.l.p.IssuerClient : Payment declined by issuer code=51 attempt=2
2024-01-15 10:20:00.580  WARN  [lily-payments,f16f2874fa77fea1f0d657be6e25e4a6,a877ba51acb326ab] 1 --- [http-nio-8080-exec-7] c.l.p.IssuerClient : Payment declined by issuer code=61 attempt=1
2024-01-15 10:20:00.870  WARN  [lily-payments,dd29498cfce36dcafd0b351353d0d2cf,a3b58093ce85153a] 1 --- [http-nio-8080-exec-1] c.l.p.IssuerClient : Payment declined by issuer code=05 attempt=2
2024-01-15 10:20:01.160  WARN  [lily-payments,48c48767409442f833bc8ed4c4896cd3,fa6677397ad1bc32] 1 --- [scheduling-1] c.l.p.IssuerClient : Payment declined by issuer code=51 attempt=2
2024-01-15 10:20:33.000  ERROR [lily-payments,951f16a98073a2f593da05335bd8dd1c,d355a2b188b29696] 1 --- [http-nio-8080-exec-1] c.l.p.PaymentService : Authorization failed for token tok_9154
java.lang.NullPointerException: Cannot invoke "com.lily.payments.model.Account.getBalance()" because "acct" is null
	at com.lily.payments.PaymentService.authorize(PaymentService.java:142)
	at com.lily.payments.batch.NightlyReconJob.run(NightlyReconJob.java:214)
	at org.springframework.transaction.interceptor.TransactionInterceptor.invoke(TransactionInterceptor.java:119)
	... 47 common frames omitted
Caused by: java.sql.SQLTransientConnectionException: HikariPool-1 - Connection is not available, request timed out after 30000ms
	at com.zaxxer.hikari.pool.HikariPool.createTimeoutException(HikariPool.java:696)
	at com.lily.payments.db.AccountRepository.findByToken(AccountRepository.java:88)
	... 3 more
2024-01-15 10:21:00.000  INFO  [lily-payments,70439c357d841f5afa0c32d338d0f55a,9122d99dd036aedc] 1 --- [scheduling-1] c.l.p.PaymentService : Processed payment 45014 for account A-689 in 47 ms
2024-01-15 10:21:01.700  INFO  [lily-payments,97b3a97aec823a8e2d527e5bb27b66a8,fe22eff4ed3db828] 1 --- [scheduling-1] c.l.p.PaymentService : Processed payment 61954 for account A-784 in 9 ms
2024-01-15 10:21:03.400  INFO  [lily-payments,a1c7b8371d18e73670bf40f08a9d0aac,eb6c427c2528d566] 1 --- [http-nio-8080-exec-3] c.l.p.PaymentService : Processed payment 44281 for account A-545 in 33 ms
2024-01-15 10:21:05.100  INFO  [lily-payments,39a16a405a67daf2069890794c169996,1e35883f418d56de] 1 --- [http-nio-8080-exec-1] c.l.p.PaymentService : Processed payment 60824 for account A-663 in 28 ms
2024-01-15 10:21:06.800  INFO  [lily-payments,79baefa00c23dc75a656d2a79b4b23ee,8ec2395147de2d76] 1 --- [http-nio-8080-exec-1] c.l.p.PaymentService : Processed payment 64701 for account A-747 in 11 ms
2024-01-15 10:21:08.500  INFO  [lily-payments,7563f6d698af7762ecf6ad386881cbb5,2185be2d6f9eaad9] 1 --- [http-nio-8080-exec-3] c.l.p.PaymentService : Processed payment 43235 for account A-477 in 67 ms
2024-01-15 10:21:10.200  INFO  [lily-payments,940eb5b263ef85fc7dd616441d06527d,d5adc68994eaafda] 1 --- [scheduling-1] c.l.p.PaymentService : Processed payment 34282 for account A-320 in 40 ms
2024-01-15 10:21:11.900  INFO  [lily-payments,15ca5843fd7871ee4392452501c9a988,97bc2656e303567e] 1 --- [http-nio-8080-exec-3] c.l.p.PaymentService : Processed payment 74393 for account A-459 in 62 ms
2024-01-15 10:21:13.600  INFO  [lily-payments,4a65ea9a89460e6a8c87fd9c77ac830e,249f4bb33d3c3d7e] 1 --- [http-nio-8080-exec-1] c.l.p.PaymentService : Processed payment 11790 for account A-644 in 67 ms
2024-01-15 10:21:15.300  INFO  [lily-payments,3c8b909ef2c32f048ee181d469fb69ac,ae2527886cc927c4] 1 --- [scheduling-1] c.l.p.PaymentService : Processed payment 20821 for account A-619 in 52 ms
2024-01-15 10:21:17.000  INFO  [lily-payments,b1fb139a4229c87b5be21079f197e6f0,7e0fac94b6deb5ea] 1 --- [http-nio-8080-exec-3] c.l.p.PaymentService : Processed payment 12227 for account A-934 in 63 ms
2024-01-15 10:21:18.700  INFO  [lily-payments,ea1595248381d338932f587d38ba8be5,a357d29885ed7eb0] 1 --- [scheduling-1] c.l.p.PaymentService : Processed payment 12448 for account A-578 in 51 ms
2024-01-15 10:21:20.400  INFO  [lily-payments,d7f7f13647630b9d21328be41c82e4f2,270dff2e1be0d5e6] 1 --- [http-nio-8080-exec-7] c.l.p.PaymentService : Processed payment 57849 for account A-565 in 77 ms
2024-01-15 10:21:22.100  INFO  [lily-payments,a1a8757bd1e05d4e3bfbc0b554931f3c,3d20142eacea4a0f] 1 --- [http-nio-8080-exec-1] c.l.p.PaymentService : Processed payment 33537 for account A-463 in 9 ms
2024-01-15 10:21:23.800  INFO  [lily-payments,68479d3d4eb33ae64b3ef34a554fd6a0,b0f3035919ce519b] 1 --- [http-nio-8080-exec-7] c.l.p.PaymentService : Processed payment 45523 for account A-670 in 14 ms
2024-01-15 10:21:25.500  INFO  [lily-payments,47b0ee2c1003b7dfdaebfcba17d4b20b,8b187c7f67aae225] 1 --- [http-nio-8080-exec-7] c.l.p.PaymentService : Processed payment 30187 for account A-620 in 70 ms
2024-01-15 10:21:27.200  INFO  [lily-payments,432663e79f35c42b91dda570f54f3381,838656739038f835] 1 --- [http-nio-8080-exec-3] c.l.p.PaymentService : Processed payment 34459 for account A-813 in 37 ms
2024-01-15 10:21:28.900  INFO  [lily-payments,fa2f756e396a2c7073fc29351f29ca7a,93a07523524089a5] 1 --- [scheduling-1] c.l.p.PaymentService : Processed payment 83410 for account A-248 in 67 ms
2024-01-15 10:21:30.600  INFO  [lily-payments,9c628fb43d3d4f1f95a81f528784b8b5,f5b7b1c249dfe871] 1 --- [http-nio-8080-exec-7] c.l.p.PaymentService : Processed payment 35613 for account A-716 in 49 ms
2024-01-15 10:21:32.300  INFO  [lily-payments,b60787f7a28e1ba8b0bd2467c20c36e6,86b69031518242a9] 1 --- [http-nio-8080-exec-3] c.l.p.PaymentService : Processed payment 57416 for account A-710 in 81 ms
2024-01-15 10:21:34.000  INFO  [lily-payments,067d0f7860806acf345c3fb9e680ceb2,61b22120627c1d1b] 1 --- [http-nio-8080-exec-3] c.l.p.PaymentService : Processed payment 46756 for account A-213 in 16 ms
2024-01-15 10:21:35.700  INFO  [lily-payments,bdf31fcc7d47b78ad3c0fa75241fc89c,83edd23f55b93aee] 1 --- [scheduling-1] c.l.p.PaymentService : Processed payment 24548 for account A-186 in 68 ms
2024-01-15 10:21:37.400  INFO  [lily-payments,e04a54139932ce90e8401920602c1553,0413880a80dda6ef] 1 --- [scheduling-1] c.l.p.PaymentService : Processed payment 76640 for account A-830 in 74 ms
2024-01-15 10:21:39.100  INFO  [lily-payments,91cec8313ba0d00856d5fad4ee38e3cf,2a921d1b40237eb6] 1 --- [scheduling-1] c.l.p.PaymentService : Processed payment 77490 for account A-662 in 8 ms
2024-01-15 10:21:40.800  INFO  [lily-payments,516cbb8b743dc651c3b4c6d8e8decc11,74f5f8f4d416d495] 1 --- [scheduling-1] c.l.p.PaymentService : Processed payment 33310 for account A-454 in 42 ms
2024-01-15 10:21:42.500  INFO  [lily-payments,ffc4a26d59ee729792842d6cf6167a27,e08eea729d7760ab] 1 --- [http-nio-8080-exec-3] c.l.p.PaymentService : Processed payment 62831 for account A-815 in 84 ms
2024-01-15 10:21:44.200  INFO  [lily-payments,8eb0dd3c7a0001e344a6f7621842d081,1362943f9ae53be8] 1 --- [scheduling-1] c.l.p.PaymentService : Processed payment 43329 for account A-684 in 57 ms
2024-01-15 10:21:45.900  INFO  [lily-payments,1d67b4a30fce58bca688a9d6a9c0b102,c2ad2f71f3442942] 1 --- [http-nio-8080-exec-7] c.l.p.PaymentService : Processed payment 10375 for account A-988 in 32 ms
2024-01-15 10:21:47.600  INFO  [lily-payments,795c3620975270bad0950b856bb63859,7d37659d27c3ca68] 1 --- [http-nio-8080-exec-1] c.l.p.PaymentService : Processed payment 25824 for account A-868 in 27 ms
2024-01-15 10:21:49.300  INFO  [lily-payments,b0323ff54172df5b471a0972d7c5e296,5cba44a32598868e] 1 --- [http-nio-8080-exec-7] c.l.p.PaymentService : Processed payment 75328 for account A-647 in 30 ms
2024-01-15 10:21:51.000  INFO  [lily-payments,f75a8374010ce0eba708a18d4391929f,54acc31862766e81] 1 --- [http-nio-8080-exec-3] c.l.p.PaymentService : Processed payment 60803 for account A-686 in 58 ms
2024-01-15 10:21:52.700  INFO  [lily-payments,d7be38383e1358576178672dd70e3371,e4bc7150ac2da84b] 1 --- [http-nio-8080-exec-1] c.l.p.PaymentService : Processed payment 12669 for account A-797 in 45 ms
2024-01-15 10:21:54.400  INFO  [lily-payments,1f29f226ff9120ae2f4be70f31b7cbc5,b7a10a16a01e7290] 1 --- [http-nio-8080-exec-7] c.l.p.PaymentService : Processed payment 25885 for account A-968 in 32 ms
2024-01-15 10:21:56.100  INFO  [lily-payments,63b2205b015fec67163384b36ef1571f,411e7dabb6c9ed26] 1 --- [http-nio-8080-exec-1] c.l.p.PaymentService : Processed payment 64506 for account A-934 in 89 ms
2024-01-15 10:21:57.800  INFO  [lily-payments,a29737df3d31032983da3e10dba72eea,22320efbeea89759] 1 --- [http-nio-8080-exec-1] c.l.p.PaymentService : Processed payment 78443 for account A-826 in 82 ms
2024-01-15 10:21:00.000  WARN  [lily-payments,538db0f85b084d7daf98776f766500e9,be6938d8db24218f] 1 --- [http-nio-8080-exec-1] c.l.p.IssuerClient : Payment declined by issuer code=51 attempt=1
2024-01-15 10:21:00.290  WARN  [lily-payments,1e9aecc4a0652086f56ac33722720258,c5f0664af2f1aad4] 1 --- [http-nio-8080-exec-7] c.l.p.IssuerClient : Payment declined by issuer code=61 attempt=3
2024-01-15 10:21:00.580  WARN  [lily-payments,8abaa3bd0fb3f0a7f8cdb5f99e7ca092,ddf88dea1f5d616a] 1 --- [http-nio-8080-exec-1] c.l.p.IssuerClient : Payment declined by issuer code=61 attempt=2
2024-01-15 10:21:00.870  WARN  [lily-payments,6662a43c58793b85c619be06ac7818ee,5bc4ddb3dad6f555] 1 --- [http-nio-8080-exec-1] c.l.p.IssuerClient : Payment declined by issuer code=51 attempt=2
2024-01-15 10:21:01.160  WARN  [lily-payments,21016e5a002fb63150f018f9d67ebab8,8addf93b0c50e971] 1 --- [http-nio-8080-exec-1] c.l.p.IssuerClient : Payment declined by issuer code=61 attempt=1
2024-01-15 10:22:00.000  INFO  [lily-payments,cbc12fa6312e16344411b780f87b7672,9f44ceefb5e887b9] 1 --- [http-nio-8080-exec-3] c.l.p.PaymentService : Processed payment 24624 for account A-100 in 58 ms
2024-01-15 10:22:01.700  INFO  [lily-payments,bf8a6e40909767f97248dd00207b20a2,186ddffbe6ae8f1b] 1 --- [http-nio-8080-exec-1] c.l.p.PaymentService : Processed payment 43898 for account A-767 in 58 ms
2024-01-15 10:22:03.400  INFO  [lily-payments,7b6911079f833291c58ef1115b80c3dd,b5d5a8bebd78a37b] 1 --- [http-nio-8080-exec-7] c.l.p.PaymentService : Processed payment 43068 for account A-170 in 11 ms
2024-01-15 10:22:05.100  INFO  [lily-payments,dbf4cd90f20b4a0a7f76a3ee874dd2ef,a33623cc8c9b1b9d] 1 --- [scheduling-1] c.l.p.PaymentService : Processed payment 44654 for account A-416 in 21 ms
2024-01-15 10:22:06.800  INFO  [lily-payments,6677eb59d9fb8c089f4d658d1b571346,c9ca3bcd1be50db1] 1 --- [http-nio-8080-exec-3] c.l.p.PaymentService : Processed payment 11580 for account A-579 in 50 ms
2024-01-15 10:22:08.500  INFO  [lily-payments,a52b7ca690270e734c795f3c07acd6ab,acdef6d6be11c6b4] 1 --- [http-nio-8080-exec-7] c.l.p.PaymentService : Processed payment 88029 for account A-358 in 89 ms
2024-01-15 10:22:10.200  INFO  [lily-payments,cb65f2d2021cdcdb501dc1c1b1659867,6617c8531f55189d] 1 --- [http-nio-8080-exec-1] c.l.p.PaymentService : Processed payment 36728 for account A-362 in 9 ms
2024-01-15 10:22:11.900  INFO  [lily-payments,3ce6347c1a22a58907f0926281cab546,1ea49a51a1396a75] 1 --- [scheduling-1] c.l.p.PaymentService : Processed payment 82623 for account A-600 in 31 ms
2024-01-15 10:22:13.600  INFO  [lily-payments,0e377abac2953c051e3c57013043dba9,5da92ad0f0468419] 1 --- [http-nio-8080-exec-7] c.l.p.PaymentService : Processed payment 51401 for account A-332 in 58 ms
2024-01-15 10:22:15.300  INFO  [lily-payments,bc38698d9d2b01c2afe13247b41aedae,cf8ef90d89570473] 1 --- [http-nio-8080-exec-1] c.l.p.PaymentService : Processed payment 13634 for account A-158 in 30 ms
2024-01-15 10:22:17.000  INFO  [lily-payments,38184e0a3f5b5706c6ebd25f04410eda,64ae1a4040717c50] 1 --- [scheduling-1] c.l.p.PaymentService : Processed payment 98286 for account A-356 in 72 ms
2024-01-15 10:22:18.700  INFO  [lily-payments,1d3bec7f682029f42a370ee2032482d4,ab602f641286b106] 1 --- [http-nio-8080-exec-1] c.l.p.PaymentService : Processed payment 60317 for account A-278 in 15 ms
2024-01-15 10:22:20.400  INFO  [lily-payments,f6d79ff0a783885764615de052b390c6,c6d7ae32e250d81b] 1 --- [http-nio-8080-exec-3] c.l.p.PaymentService : Processed payment 12292 for account A-781 in 31 ms
2024-01-15 10:22:22.100  INFO  [lily-payments,9a1b5470fa2c239d8d12cdec963c4bbb,d73ec414c972f0d2] 1 --- [http-nio-8080-exec-7] c.l.p.PaymentService : Processed payment 87584 for account A-927 in 84 ms
2024-01-15 10:22:23.800  INFO  [lily-payments,68f8fbe21174ef0c9d159d2c13c8f346,9b6d4f2af88c56e3] 1 --- [http-nio-8080-exec-3] c.l.p.PaymentService : Processed payment 98352 for account A-783 in 55 ms
2024-01-15 10:22:25.500  INFO  [lily-payments,f476d818da4d3eca00b00ea4d0b7a403,9c4a9f89ac179438] 1 --- [http-nio-8080-exec-7] c.l.p.PaymentService : Processed payment 80910 for account A-860 in 78 ms
2024-01-15 10:22:27.200  INFO  [lily-payments,dbea4a90705329a1434a1b4414ec9fb0,4d2de665a02da386] 1 --- [http-nio-8080-exec-3] c.l.p.PaymentService : Processed payment 98437 for account A-817 in 79 ms
2024-01-15 10:22:28.900  INFO  [lily-payments,3d9a391e232233a2be876d4dfe0e9e83,2b4a95aa3632bd0b] 1 --- [http-nio-8080-exec-1] c.l.p.PaymentService : Processed payment 59395 for account A-339 in 34 ms
2024-01-15 10:22:30.600  INFO  [lily-payments,855e467a3b8dd86044ced48b5af7074b,2aedd230e38b1aac] 1 --- [http-nio-8080-exec-3] c.l.p.PaymentService : Processed payment 18041 for account A-968 in 38 ms
2024-01-15 10:22:32.300  INFO  [lily-payments,8984774a0c1ae459b6afaa22a4d2a4da,4e9d6f173971d5ca] 1 --- [http-nio-8080-exec-1] c.l.p.PaymentService : Processed payment 24956 for account A-782 in 65 ms
2024-01-15 10:22:34.000  INFO  [lily-payments,b17015adb76192e01860a82eefd44f7e,82a500e3edeb41a4] 1 --- [http-nio-8080-exec-3] c.l.p.PaymentService : Processed payment 69290 for account A-942 in 56 ms
2024-01-15 10:22:35.700  INFO  [lily-payments,3859fd6f13a22a13a0b5c32a314d045d,84aaccc9a478d950] 1 --- [http-nio-8080-exec-1] c.l.p.PaymentService : Processed payment 26009 for account A-389 in 40 ms
2024-01-15 10:22:37.400  INFO  [lily-payments,f4f8e0764e58166ebc7f0ea6e3ee3981,3235c4bc518358b2] 1 --- [http-nio-8080-exec-7] c.l.p.PaymentService : Processed payment 39814 for account A-176 in 42 ms
2024-01-15 10:22:39.100  INFO  [lily-payments,85f1ef8dccb2a9487c780673f6a6b024,27ea1e864e8b9f40] 1 --- [http-nio-8080-exec-1] c.l.p.PaymentService : Processed payment 33681 for account A-422 in 40 ms
2024-01-15 10:22:40.800  INFO  [lily-payments,f7a5f335e39e0420cdb1e58b5a6b8a98,a5a3aa087ac43a16] 1 --- [http-nio-8080-exec-3] c.l.p.PaymentService : Processed payment 50410 for account A-739 in 80 ms
2024-01-15 10:22:42.500  INFO  [lily-payments,2cbf81ec83bb85a93d9dd80de73dd9b4,6b534a7823a54a7b] 1 --- [http-nio-8080-exec-1] c.l.p.PaymentService : Processed payment 46080 for account A-465 in 26 ms
2024-01-15 10:22:44.200  INFO  [lily-payments,e121e0ae4d2477244fd1b5b797763412,45fe8189b3682595] 1 --- [http-nio-8080-exec-1] c.l.p.PaymentService : Processed payment 30198 for account A-170 in 42 ms
2024-01-15 10:22:45.900  INFO  [lily-payments,ce0638e2f20bd0a3cc3a12c4289ad1a4,1488dc7e031db044] 1 --- [http-nio-8080-exec-3] c.l.p.PaymentService : Processed payment 14235 for account A-834 in 67 ms
2024-01-15 10:22:00.000  WARN  [lily-payments,752d354f4776b3eb701977ab459151e2,b3864efcd85e763b] 1 --- [http-nio-8080-exec-1] c.l.p.IssuerClient : Payment declined by issuer code=61 attempt=3
2024-01-15 10:22:00.290  WARN  [lily-payments,7920774628e3ecac6ee7c68812e75bd0,914a7e1d5dac4628] 1 --- [http-nio-8080-exec-1] c.l.p.IssuerClient : Payment declined by issuer code=61 attempt=2
2024-01-15 10:22:00.580  WARN  [lily-payments,132dc52287f458b9eda3552d4cca62af,507737a307f89137] 1 --- [http-nio-8080-exec-3] c.l.p.IssuerClient : Payment declined by issuer code=51 attempt=1
2024-01-15 10:22:00.870  WARN  [lily-payments,b7b184c58dd4bf235708d53c63d88b15,2e530ab852c228d3] 1 --- [scheduling-1] c.l.p.IssuerClient : Payment declined by issuer code=51 attempt=2
2024-01-15 10:22:01.160  WARN  [lily-payments,8a0dad479d08e60384c2db37afbb1d4d,5cecfde298552a67] 1 --- [http-nio-8080-exec-3] c.l.p.IssuerClient : Payment declined by issuer code=61 attempt=2
2024-01-15 10:23:00.000  INFO  [lily-payments,e5cf59512ab7b2b0468912f0bdb15cd2,bc14dea04df756e3] 1 --- [http-nio-8080-exec-7] c.l.p.PaymentService : Processed payment 45141 for account A-999 in 41 ms
2024-01-15 10:23:01.700  INFO  [lily-payments,b5ed00391cb81bbbbce8586521981aa3,b443ba3d5d4812a2] 1 --- [http-nio-8080-exec-7] c.l.p.PaymentService : Processed payment 42762 for account A-248 in 60 ms
2024-01-15 10:23:03.400  INFO  [lily-payments,30223e9c3f609a0d43fd2b248198d68c,5de282f6145912d3] 1 --- [http-nio-8080-exec-7] c.l.p.PaymentService : Processed payment 63639 for account A-982 in 56 ms
2024-01-15 10:23:05.100  INFO  [lily-payments,1b9fc47077cea40741563bbef2eca290,4036093c4c0e184a] 1 --- [http-nio-8080-exec-1] c.l.p.PaymentService : Processed payment 25271 for account A-337 in 47 ms
2024-01-15 10:23:06.800  INFO  [lily-payments,6c989e46fe64f53eafef3b7e9dd3fd76,5c874aed6a81ca8d] 1 --- [http-nio-8080-exec-1] c.l.p.PaymentService : Processed payment 22712 for account A-162 in 44 ms
2024-01-15 10:23:08.500  INFO  [lily-payments,12412786b585e62d0c508f007b914e4e,a0958c07445611b7] 1 --- [http-nio-8080-exec-7] c.l.p.PaymentService : Processed payment 38088 for account A-582 in 75 ms
2024-01-15 10:23:10.200  INFO  [lily-payments,e2dace47ad72ae86f83e73e304c326c8,f4979b728ae6925d] 1 --- [http-nio-8080-exec-3] c.l.p.PaymentService : Processed payment 84303 for account A-780 in 42 ms
2024-01-15 10:23:11.900  INFO  [lily-payments,2920f14e4172da56dc8dec040bbae370,da00055bd61680ad] 1 --- [http-nio-8080-exec-7] c.l.p.PaymentService : Processed payment 51353 for account A-629 in 40 ms
2024-01-15 10:23:13.600  INFO  [lily-payments,639b6f491b0cb98411c59d0d49e06e00,c954323254d520fe] 1 --- [http-nio-8080-exec-7] c.l.p.PaymentService : Processed payment 38461 for account A-781 in 90 ms
2024-01-15 10:23:15.300  INFO  [lily-payments,77e89a2f4a1d1560141cc594ab049dfd,bc15b5cc02645faf] 1 --- [scheduling-1] c.l.p.PaymentService : Processed payment 71982 for account A-965 in 61 ms
2024-01-15 10:23:17.000  INFO  [lily-payments,37970c2286600b1f90fdec8a5ccbaf64,72f4cefcd83d6f2e] 1 --- [http-nio-8080-exec-7] c.l.p.PaymentService : Processed payment 70290 for account A-613 in 70 ms
2024-01-15 10:23:18.700  INFO  [lily-payments,76c6e155dcd39ff3b256b3d43f46d756,c1da3c83d74761e3] 1 --- [http-nio-8080-exec-1] c.l.p.PaymentService : Processed payment 92677 for account A-727 in 76 ms
2024-01-15 10:23:20.400  INFO  [lily-payments,49a6ebfe6f7dbdaae6720f3a8f14e14f,30640cde2b48984f] 1 --- [scheduling-1] c.l.p.PaymentService : Processed payment 46607 for account A-530 in 76 ms
2024-01-15 10:23:22.100  INFO  [lily-payments,cd61a7494e9f461ba3c9e56fef301932,13286a552a18a1dc] 1 --- [http-nio-8080-exec-1] c.l.p.PaymentService : Processed payment 78525 for account A-443 in 63 ms
2024-01-15 10:23:23.800  INFO  [lily-payments,470fa734df8d83f2068a0e39a33ba5c5,2a6babc7ce0d752f] 1 --- [http-nio-8080-exec-3] c.l.p.PaymentService : Processed payment 95254 for account A-604 in 50 ms
2024-01-15 10:23:25.500  INFO  [lily-payments,3555356b037b63768641bcc2ea1763fe,092ec868188303ac] 1 --- [scheduling-1] c.l.p.PaymentService : Processed payment 96026 for account A-179 in 64 ms
2024-01-15 10:23:27.200  INFO  [lily-payments,888b8f256976ea229f7e60db93c3ed80,5a24424d459e3964] 1 --- [http-nio-8080-exec-3] c.l.p.PaymentService : Processed payment 19457 for account A-302 in 24 ms
2024-01-15 10:23:28.900  INFO  [lily-payments,bfde06acebb05fd2e9703b2449164d39,5f74ae040937aded] 1 --- [http-nio-8080-exec-7] c.l.p.PaymentService : Processed payment 58183 for account A-538 in 51 ms
2024-01-15 10:23:30.600  INFO  [lily-payments,0b8ed6dbad7af0572a5dd0cbccc0291d,5c90e3449221c77f] 1 --- [scheduling-1] c.l.p.PaymentService : Processed payment 39016 for account A-771 in 26 ms
2024-01-15 10:23:32.300  INFO  [lily-payments,e91cd1ef67e0c93f45b188bd4814b9b6,b2d822db41316701] 1 --- [http-nio-8080-exec-1] c.l.p.PaymentService : Processed payment 13327 for account A-552 in 82 ms
2024-01-15 10:23:34.000  INFO  [lily-payments,507fb84916d097cd0f77a41975ed0ce8,4f5387a1384b65c1] 1 --- [scheduling-1] c.l.p.PaymentService : Processed payment 52190 for account A-443 in 33 ms
2024-01-15 10:23:35.700  INFO  [lily-payments,64330bb814f7fe628feffabb94ae2cf2,11f6b29788d6a28e] 1 --- [scheduling-1] c.l.p.PaymentService : Processed payment 94845 for account A-823 in 30 ms
2024-01-15 10:23:37.400  INFO  [lily-payments,a4e8f4ead3d8c2f8dcd6532772b62446,9b8023a360b3edd1] 1 --- [scheduling-1] c.l.p.PaymentService : Processed payment 16794 for account A-360 in 46 ms
2024-01-15 10:23:39.100  INFO  [lily-payments,57d4b92cca9391e47dcd533b4398ecfe,4d49c4374e0c44bf] 1 --- [http-nio-8080-exec-3] c.l.p.PaymentService : Processed payment 48852 for account A-738 in 43 ms
2024-01-15 10:23:40.800  INFO  [lily-payments,8a333ac3518251bb0700aa81b93f258a,70d672e6ac7fa377] 1 --- [http-nio-8080-exec-3] c.l.p.PaymentService : Processed payment 66234 for account A-989 in 34 ms
2024-01-15 10:23:42.500  INFO  [lily-payments,d5cbb865cdb7f91d9bcda8d9bf10a8e3,47f31b4f7eb024ae] 1 --- [http-nio-8080-exec-3] c.l.p.PaymentService : Processed payment 57087 for account A-465 in 28 ms
2024-01-15 10:23:44.200  INFO  [lily-payments,4cdfb7b6287a8aeb2a94eece29fb296d,e4f4f2e8ef1ca556] 1 --- [http-nio-8080-exec-7] c.l.p.PaymentService : Processed payment 98886 for account A-216 in 10 ms
2024-01-15 10:23:45.900  INFO  [lily-payments,356d4fee1133c85190d7c53d71d9ec64,3e9d8e18643ba2b1] 1 --- [http-nio-8080-exec-1] c.l.p.PaymentService : Processed payment 41373 for account A-549 in 39 ms
2024-01-15 10:23:47.600  INFO  [lily-payments,22b53f81f8089ef4c6613a4a2abc7557,841a0aade6d057a8] 1 --- [scheduling-1] c.l.p.PaymentService : Processed payment 86276 for account A-111 in 71 ms
2024-01-15 10:23:49.300  INFO  [lily-payments,bbae8875da9340874d4c497787bc3ecf,521ddc88927900f8] 1 --- [scheduling-1] c.l.p.PaymentService : Processed payment 78863 for account A-527 in 18 ms
2024-01-15 10:23:51.000  INFO  [lily-payments,71b8d9c310c8d0276afd02ed21ccbe15,497d19de6a619f0c] 1 --- [http-nio-8080-exec-1] c.l.p.PaymentService : Processed payment 98272 for account A-678 in 76 ms
2024-01-15 10:23:52.700  INFO  [lily-payments,0f662d9fc984ecd10f2279e27d852137,4f745e8e398ec81a] 1 --- [http-nio-8080-exec-7] c.l.p.PaymentService : Processed payment 20105 for account A-836 in 57 ms
2024-01-15 10:23:54.400  INFO  [lily-payments,a28a8cab819a5299e6aa5d2684611911,46a0853a999f15e7] 1 --- [http-nio-8080-exec-7] c.l.p.PaymentService : Processed payment 29689 for account A-946 in 59 ms
2024-01-15 10:23:56.100  INFO  [lily-payments,86fa84295b5773431867969cc1d1a62b,5f23260345865568] 1 --- [http-nio-8080-exec-1] c.l.p.PaymentService : Processed payment 10642 for account A-453 in 79 ms
2024-01-15 10:23:00.000  WARN  [lily-payments,40aef025d0a208bb58f10070e90d8f95,25d34d5d7fec4f8d] 1 --- [scheduling-1] c.l.p.IssuerClient : Payment declined by issuer code=05 attempt=1
2024-01-15 10:23:00.290  WARN  [lily-payments,2ae40cbded8d57f4f0e7feedcea56204,97931232750656db] 1 --- [http-nio-8080-exec-1] c.l.p.IssuerClient : Payment declined by issuer code=05 attempt=3
2024-01-15 10:23:00.580  WARN  [lily-payments,bc7cfb8e555b4459ff5ad7339890f1df,5dc3718ef8f56021] 1 --- [http-nio-8080-exec-3] c.l.p.IssuerClient : Payment declined by issuer code=05 attempt=2
2024-01-15 10:23:00.870  WARN  [lily-payments,8513bd1da084009a008496bfafd5f164,b45bb27a252ca438] 1 --- [scheduling-1] c.l.p.IssuerClient : Payment declined by issuer code=51 attempt=1
2024-01-15 10:23:01.160  WARN  [lily-payments,5dc8398fd32e90a95fb4385f941d032e,3930c05713352b4c] 1 --- [http-nio-8080-exec-1] c.l.p.IssuerClient : Payment declined by issuer code=05 attempt=3
2024-01-15 10:24:00.000  INFO  [lily-payments,2319090dbcb3a2f2a29c6b61c1bc5fed,67acc740d7474a76] 1 --- [http-nio-8080-exec-1] c.l.p.PaymentService : Processed payment 33045 for account A-421 in 74 ms
2024-01-15 10:24:01.700  INFO  [lily-payments,a91c72e5193ca8ccaf778c27589432f6,c02c63b026c01bb2] 1 --- [http-nio-8080-exec-7] c.l.p.PaymentService : Processed payment 64331 for account A-723 in 42 ms
2024-01-15 10:24:03.400  INFO  [lily-payments,6e7048578ccfacedbf0c031899eec1a5,2481bd1d1c1a668b] 1 --- [scheduling-1] c.l.p.PaymentService : Processed payment 11824 for account A-785 in 41 ms
2024-01-15 10:24:05.100  INFO  [lily-payments,2c42c06837b99ceeeb564aaf40f92fa3,d4c9cb38a29ecdb7] 1 --- [http-nio-8080-exec-1] c.l.p.PaymentService : Processed payment 68715 for account A-564 in 45 ms
2024-01-15 10:24:06.800  INFO  [lily-payments,fb93338c92cbde65034dde63ffa8e1a2,b8355f5ffd6cc433] 1 --- [http-nio-8080-exec-1] c.l.p.PaymentService : Processed payment 91484 for account A-899 in 59 ms
2024-01-15 10:24:08.500  INFO  [lily-payments,f0b8ffcc35c9fd0c8d0cc51cd2ac4856,10a7687dbc8f3448] 1 --- [scheduling-1] c.l.p.PaymentService : Processed payment 11398 for account A-427 in 69 ms
2024-01-15 10:24:10.200  INFO  [lily-payments,e1d2d54a851e3309008dcdefee045103,4fa23e4c53b2a9d9] 1 --- [http-nio-8080-exec-1] c.l.p.PaymentService : Processed payment 80072 for account A-316 in 12 ms
2024-01-15 10:24:11.900  INFO  [lily-payments,3ed4f83fb1f661274fe4081a5d842bf5,615015857ba6339b] 1 --- [http-nio-8080-exec-1] c.l.p.PaymentService : Processed payment 39327 for account A-703 in 84 ms
2024-01-15 10:24:13.600  INFO  [lily-payments,b2d7f1a3cc0e36da118dfad665751e93,9b7c3d9b6efd5e0a] 1 --- [scheduling-1] c.l.p.PaymentService : Processed payment 80136 for account A-624 in 42 ms
2024-01-15 10:24:15.300  INFO  [lily-payments,946dddcfc6c81bac0e239f0dcd08ea02,9cdaf9998232c5ac] 1 --- [http-nio-8080-exec-3] c.l.p.PaymentService : Processed payment 41257 for account A-209 in 11 ms
2024-01-15 10:24:17.000  INFO  [lily-payments,8f1977a0c27165cfdd4047fb2237549d,44dc36525c9acc05] 1 --- [scheduling-1] c.l.p.PaymentService : Processed payment 24378 for account A-611 in 77 ms
2024-01-15 10:24:18.700  INFO  [lily-payments,879181106b106a0a2eed60f8792c642e,b80fd1a15bccecba] 1 --- [http-nio-8080-exec-7] c.l.p.PaymentService : Processed payment 25561 for account A-814 in 49 ms
2024-01-15 10:24:20.400  INFO  [lily-payments,91648466ab7233d30cec06f50a639cac,95eafbca79ef0d0e] 1 --- [scheduling-1] c.l.p.PaymentService : Processed payment 32779 for account A-374 in 55 ms
2024-01-15 10:24:22.100  INFO  [lily-payments,83fe0b936adcf6444e0263dfe2cd37d7,9e1392f1ade1ae4d] 1 --- [http-nio-8080-exec-3] c.l.p.PaymentService : Processed payment 61334 for account A-222 in 21 ms
2024-01-15 10:24:23.800  INFO  [lily-payments,d3c6e563223d723d24453a425e9e4aa2,b84ee8896bfa239b] 1 --- [http-nio-8080-exec-3] c.l.p.PaymentService : Processed payment 71017 for account A-218 in 77 ms
2024-01-15 10:24:25.500  INFO  [lily-payments,c3c5634c025d556909be6e8e5765e913,b1f04eae725d2d77] 1 --- [scheduling-1] c.l.p.PaymentService : Processed payment 29812 for account A-870 in 54 ms
2024-01-15 10:24:27.200  INFO  [lily-payments,9c7d2298676e938e6da41895dc1eae72,2bbed776da498691] 1 --- [http-nio-8080-exec-7] c.l.p.PaymentService : Processed payment 97271 for account A-535 in 62 ms
2024-01-15 10:24:28.900  INFO  [lily-payments,0ea88f12b52a07da32dad784de815468,77d39bb03ba0f73b] 1 --- [http-nio-8080-exec-1] c.l.p.PaymentService : Processed payment 90710 for account A-338 in 36 ms
2024-01-15 10:24:30.600  INFO  [lily-payments,7e75a135a72125eb4d225df1c120beb4,3c6a58c31fd872c4] 1 --- [http-nio-8080-exec-7] c.l.p.PaymentService : Processed payment 53127 for account A-140 in 26 ms
2024-01-15 10:24:32.300  INFO  [lily-payments,d0c31f5021a52919fa0f5193106f12ef,1854f806cc847b75] 1 --- [http-nio-8080-exec-1] c.l.p.PaymentService : Processed payment 74182 for account A-989 in 19 ms
2024-01-15 10:24:34.000  INFO  [lily-payments,6045d70eb9ed673aa24d1a92b6cccb57,3ecc280e7af5c8f4] 1 --- [http-nio-8080-exec-3] c.l.p.PaymentService : Processed payment 84780 for account A-857 in 34 ms
2024-01-15 10:24:35.700  INFO  [lily-payments,228c3b3fcbb92a43f53a42b1c5a7e862,16252488d688582f] 1 --- [http-nio-8080-exec-7] c.l.p.PaymentService : Processed payment 62719 for account A-456 in 12 ms
2024-01-15 10:24:37.400  INFO  [lily-payments,3371c9a8bf9754ff95da3f12810d6000,1e8b34845a154544] 1 --- [http-nio-8080-exec-7] c.l.p.PaymentService : Processed payment 75246 for account A-707 in 44 ms
2024-01-15 10:24:39.100  INFO  [lily-payments,9be8ec0700683481e45edcac1d792bf9,dab47926a62fb031] 1 --- [http-nio-8080-exec-1] c.l.p.PaymentService : Processed payment 99462 for account A-887 in 63 ms
2024-01-15 10:24:40.800  INFO  [lily-payments,d7ac37a94b1fdf6a407be194c12775ce,893a28077178ee35] 1 --- [http-nio-8080-exec-3] c.l.p.PaymentService : Processed payment 39622 for account A-814 in 9 ms
2024-01-15 10:24:00.000  WARN  [lily-payments,c1008c47ee78ec3e3e8e643be13838ac,f6b7a4cfeb99e22c] 1 --- [http-nio-8080-exec-7] c.l.p.IssuerClient : Payment declined by issuer code=51 attempt=2
2024-01-15 10:24:00.290  WARN  [lily-payments,3eb7047397a1c433e0e80ea44152deb1,73b2eedd7168bc97] 1 --- [http-nio-8080-exec-3] c.l.p.IssuerClient : Payment declined by issuer code=05 attempt=1
2024-01-15 10:24:00.580  WARN  [lily-payments,59b4107f6020c701f5b298bff67fc0f1,9c16b95fe6909d14] 1 --- [http-nio-8080-exec-1] c.l.p.IssuerClient : Payment declined by issuer code=61 attempt=3
2024-01-15 10:24:00.870  WARN  [lily-payments,c894638cfce327ac4a0eab551b440a8b,2ef112cf6e80c80a] 1 --- [scheduling-1] c.l.p.IssuerClient : Payment declined by issuer code=61 attempt=2
2024-01-15 10:24:01.160  WARN  [lily-payments,a369d68eb8911c9c3569012658b2910e,5e18fe5a2d380a54] 1 --- [http-nio-8080-exec-3] c.l.p.IssuerClient : Payment declined by issuer code=05 attempt=2
2024-01-15 10:25:00.000  INFO  [lily-payments,ddf8d180e0cf3f48bc7c50169ea00f01,5a01a7d63c828846] 1 --- [http-nio-8080-exec-7] c.l.p.PaymentService : Processed payment 59051 for account A-371 in 30 ms
2024-01-15 10:25:01.700  INFO  [lily-payments,9330afef926db43538cd6da857ed81a9,b671fe051cd4c361] 1 --- [http-nio-8080-exec-7] c.l.p.PaymentService : Processed payment 41252 for account A-889 in 74 ms
2024-01-15 10:25:03.400  INFO  [lily-payments,e98af523d313e6000dfe33bb8267bc97,e1ac400910e4d0aa] 1 --- [http-nio-8080-exec-7] c.l.p.PaymentService : Processed payment 24209 for account A-554 in 74 ms
2024-01-15 10:25:05.100  INFO  [lily-payments,2b14c8cac63f84bb9d9f44b506e34701,54cbdaebfdfc46b5] 1 --- [scheduling-1] c.l.p.PaymentService : Processed payment 49931 for account A-779 in 56 ms
2024-01-15 10:25:06.800  INFO  [lily-payments,8277b0cf8a621fe9fc1eff5483d2d3a8,92a153aca36e2803] 1 --- [http-nio-8080-exec-7] c.l.p.PaymentService : Processed payment 44742 for account A-365 in 34 ms
2024-01-15 10:25:08.500  INFO  [lily-payments,1c3978ca8f8f5d38a573cdcc5c6facd5,600e014386533b6b] 1 --- [http-nio-8080-exec-7] c.l.p.PaymentService : Processed payment 67599 for account A-650 in 23 ms
2024-01-15 10:25:10.200  INFO  [lily-payments,1085def2ecd782778cb0cac71d9f7e50,1e193054aa8dc712] 1 --- [http-nio-8080-exec-1] c.l.p.PaymentService : Processed payment 53953 for account A-686 in 67 ms
2024-01-15 10:25:11.900  INFO  [lily-payments,5be4da74e04ed20979d2edc61978fb59,f0cb970283264ddf] 1 --- [http-nio-8080-exec-1] c.l.p.PaymentService : Processed payment 15216 for account A-329 in 46 ms
2024-01-15 10:25:13.600  INFO  [lily-payments,3f8a022abe79b520f9f6899b8256cfd8,1ced0424dccfac7b] 1 --- [scheduling-1] c.l.p.PaymentService : Processed payment 27545 for account A-353 in 85 ms
2024-01-15 10:25:15.300  INFO  [lily-payments,f78b23f818a6d44b9400a2c1d3a5e093,164af16097caa1b8] 1 --- [scheduling-1] c.l.p.PaymentService : Processed payment 53313 for account A-526 in 34 ms
2024-01-15 10:25:17.000  INFO  [lily-payments,19d6b49aacfdeed998d81b0ed7719597,c6687da501db5b0c] 1 --- [scheduling-1] c.l.p.PaymentService : Processed payment 53642 for account A-473 in 68 ms
2024-01-15 10:25:18.700  INFO  [lily-payments,a8f936647889df4cfcd1a84f31480947,9b39001a3d3ee941] 1 --- [scheduling-1] c.l.p.PaymentService : Processed payment 55540 for account A-833 in 78 ms
2024-01-15 10:25:20.400  INFO  [lily-payments,e6989faf3cf19da5a005a5ed43d2658a,a15d723d14ea387a] 1 --- [http-nio-8080-exec-3] c.l.p.PaymentService : Processed payment 74735 for account A-389 in 22 ms
2024-01-15 10:25:22.100  INFO  [lily-payments,d0ff15e03b39b3ef789484cef20766d6,1868bb4df5c368cb] 1 --- [http-nio-8080-exec-7] c.l.p.PaymentService : Processed payment 49474 for account A-891 in 72 ms
2024-01-15 10:25:23.800  INFO  [lily-payments,5648484a4ef3327a85b8653717637c66,d7b5303483c6d8d4] 1 --- [scheduling-1] c.l.p.PaymentService : Processed payment 20552 for account A-602 in 77 ms
2024-01-15 10:25:25.500  INFO  [lily-payments,341c3666a52cf0c077f8ba8065bb458e,40426814b082ad4c] 1 --- [scheduling-1] c.l.p.PaymentService : Processed payment 14937 for account A-365 in 32 ms
2024-01-15 10:25:27.200  INFO  [lily-payments,eeadf474bb2b8b5722d9fa032c48d369,e65c3d3019bb9585] 1 --- [http-nio-8080-exec-3] c.l.p.PaymentService : Processed payment 54216 for account A-544 in 43 ms
2024-01-15 10:25:28.900  INFO  [lily-payments,5b06a6a6922c2da51796757828493b86,e4cd1b044cf43c72] 1 --- [http-nio-8080-exec-3] c.l.p.PaymentService : Processed payment 70673 for account A-734 in 66 ms
2024-01-15 10:25:30.600  INFO  [lily-payments,30201ccacd999d9b7b1c8344fd29830e,54e2c9bb82767216] 1 --- [http-nio-8080-exec-7] c.l.p.PaymentService : Processed payment 53524 for account A-857 in 68 ms
2024-01-15 10:25:32.300  INFO  [lily-payments,e37eb39d019375629bf6048ad1d2a0e0,e7bd0cc224a01638] 1 --- [http-nio-8080-exec-7] c.l.p.PaymentService : Processed payment 69203 for account A-781 in 76 ms
2024-01-15 10:25:34.000  INFO  [lily-payments,332baec7bec6e1c15d073a9e2fe3aa66,a58502a2d230eee9] 1 --- [http-nio-8080-exec-7] c.l.p.PaymentService : Processed payment 91929 for account A-376 in 75 ms
2024-01-15 10:25:35.700  INFO  [lily-payments,927d78f852c2f00c0d12d3db06794aae,568226bad5f01f6c] 1 --- [http-nio-8080-exec-3] c.l.p.PaymentService : Processed payment 35434 for account A-859 in 64 ms
2024-01-15 10:25:37.400  INFO  [lily-payments,f0639bc887465437688ecc1f45c6e552,1590e5e018d79dfd] 1 --- [scheduling-1] c.l.p.PaymentService : Processed payment 13796 for account A-470 in 56 ms
2024-01-15 10:25:39.100  INFO  [lily-payments,b5d12f5b623322d0f3a62d18c6394e6c,316487ef71a78571] 1 --- [scheduling-1] c.l.p.PaymentService : Processed payment 87579 for account A-854 in 76 ms
2024-01-15 10:25:40.800  INFO  [lily-payments,f2290e74edf677001c0cb1be83df8542,77802f8a6e4d525a] 1 --- [http-nio-8080-exec-7] c.l.p.PaymentService : Processed payment 26050 for account A-289 in 47 ms
2024-01-15 10:25:00.000  WARN  [lily-payments,75ca28520a025ef415e483de0c074865,3014a65fd46137bf] 1 --- [scheduling-1] c.l.p.IssuerClient : Payment declined by issuer code=51 attempt=1
2024-01-15 10:25:00.290  WARN  [lily-payments,e20b42b5f28a3b51293a8d30ce9114ab,ea80e5f03d4a00f5] 1 --- [http-nio-8080-exec-3] c.l.p.IssuerClient : Payment declined by issuer code=05 attempt=3
2024-01-15 10:25:00.580  WARN  [lily-payments,e9331d5b3a834559f6a3d9249898f07f,181c36a7d7d85d8f] 1 --- [http-nio-8080-exec-3] c.l.p.IssuerClient : Payment declined by issuer code=05 attempt=1
2024-01-15 10:25:00.870  WARN  [lily-payments,693331a665352c8d95047c17fda07a7a,27bcb7e88f1bfc5f] 1 --- [scheduling-1] c.l.p.IssuerClient : Payment declined by issuer code=51 attempt=1
2024-01-15 10:25:01.160  WARN  [lily-payments,5012c9c3f66321d21accf0bef596802b,061b41a6c5957082] 1 --- [http-nio-8080-exec-3] c.l.p.IssuerClient : Payment declined by issuer code=05 attempt=1
2024-01-15 10:26:00.000  INFO  [lily-payments,f21d9dbd60ac5bff0691c19378da5008,649516d5f581a9e9] 1 --- [http-nio-8080-exec-7] c.l.p.PaymentService : Processed payment 19621 for account A-497 in 59 ms
2024-01-15 10:26:01.700  INFO  [lily-payments,2fc93f4a24d8ae960dd76384f9a1feac,ee2b7c3bbb763708] 1 --- [http-nio-8080-exec-7] c.l.p.PaymentService : Processed payment 20339 for account A-521 in 66 ms
2024-01-15 10:26:03.400  INFO  [lily-payments,52bf24ea34e09934d9d3a9fd637adac8,8064f9d539d481cb] 1 --- [http-nio-8080-exec-1] c.l.p.PaymentService : Processed payment 60915 for account A-968 in 54 ms
2024-01-15 10:26:05.100  INFO  [lily-payments,9bf9b67ff1e101fe5480553d83c19a56,487f2c7402aa61cb] 1 --- [scheduling-1] c.l.p.PaymentService : Processed payment 39776 for account A-188 in 30 ms
2024-01-15 10:26:06.800  INFO  [lily-payments,3c4db722328fe3f6e2d921f79d5e2405,5679c522b1154860] 1 --- [scheduling-1] c.l.p.PaymentService : Processed payment 10232 for account A-912 in 36 ms
2024-01-15 10:26:08.500  INFO  [lily-payments,43b0825a18d961277e6aad9aa6de3424,361e2c30e2cf8d1f] 1 --- [http-nio-8080-exec-1] c.l.p.PaymentService : Processed payment 63521 for account A-574 in 37 ms
2024-01-15 10:26:10.200  INFO  [lily-payments,b4e18bcca7ea15d10b7959f37d2cba3a,ba9dd6f0cc25f1dd] 1 --- [http-nio-8080-exec-1] c.l.p.PaymentService : Processed payment 90573 for account A-576 in 77 ms
2024-01-15 10:26:11.900  INFO  [lily-payments,d6f2ec47585ab2dc32609abb817ac96e,b4e633c335aa4855] 1 --- [http-nio-8080-exec-7] c.l.p.PaymentService : Processed payment 92384 for account A-942 in 25 ms
2024-01-15 10:26:13.600  INFO  [lily-payments,e09d41c6282cfe8924d9a8f52b0e35d2,b142b037b476c860] 1 --- [http-nio-8080-exec-1] c.l.p.PaymentService : Processed payment 11625 for account A-308 in 60 ms
2024-01-15 10:26:15.300  INFO  [lily-payments,ce73158af4762b0837c4e551f622ad86,309649fb4ecc4999] 1 --- [http-nio-8080-exec-1] c.l.p.PaymentService : Processed payment 39293 for account A-638 in 88 ms
2024-01-15 10:26:17.000  INFO  [lily-payments,a8a82f120dc7d92cfbc6dae020ef7d52,2f585b16f3412827] 1 --- [http-nio-8080-exec-7] c.l.p.PaymentService : Processed payment 30408 for account A-500 in 16 ms
2024-01-15 10:26:18.700  INFO  [lily-payments,24c3fb99e1248dcb593615249874fa8e,c44c734a7cf4833d] 1 --- [http-nio-8080-exec-1] c.l.p.PaymentService : Processed payment 23901 for account A-269 in 45 ms
2024-01-15 10:26:20.400  INFO  [lily-payments,fb6564a2acfb2cb1f0d82dc43d8307c0,efb821a2530c24bb] 1 --- [scheduling-1] c.l.p.PaymentService : Processed payment 52753 for account A-290 in 53 ms
2024-01-15 10:26:22.100  INFO  [lily-payments,2bc026d378350a25f1640b4b44a85f82,563319be86eb0803] 1 --- [http-nio-8080-exec-7] c.l.p.PaymentService : Processed payment 17348 for account A-221 in 48 ms
2024-01-15 10:26:23.800  INFO  [lily-payments,b474456c780350f27012290faa1c9d1e,612445281da47514] 1 --- [http-nio-8080-exec-3] c.l.p.PaymentService : Processed payment 61144 for account A-251 in 74 ms
2024-01-15 10:26:25.500  INFO  [lily-payments,4e78ecb86ea798be6b545fb8c9d1914d,7c6ffb496d7afb90] 1 --- [scheduling-1] c.l.p.PaymentService : Processed payment 32701 for account A-284 in 55 ms
2024-01-15 10:26:27.200  INFO  [lily-payments,b48c53be8d7f86263c06c8f99d733986,ecd17ae6ffec5d94] 1 --- [http-nio-8080-exec-3] c.l.p.PaymentService : Processed payment 16739 for account A-187 in 72 ms
2024-01-15 10:26:28.900  INFO  [lily-payments,4568fa586e4f7073ef6741703449f016,b01acd5092017158] 1 --- [http-nio-8080-exec-7] c.l.p.PaymentService : Processed payment 50280 for account A-919 in 79 ms
2024-01-15 10:26:30.600  INFO  [lily-payments,0a4bef4cc4297eeec98875ac48de68c7,abb03e6dd8b48407] 1 --- [http-nio-8080-exec-7] c.l.p.PaymentService : Processed payment 83312 for account A-590 in 87 ms
2024-01-15 10:26:32.300  INFO  [lily-payments,0a9cf25d4dbb4da5a4a4ad234c3b84c6,5a80dfcac644449d] 1 --- [http-nio-8080-exec-1] c.l.p.PaymentService : Processed payment 34312 for account A-490 in 75 ms
2024-01-15 10:26:34.000  INFO  [lily-payments,e53d97cfefeac598911ecf181cdba362,c1c6be9dfc5b9a29] 1 --- [http-nio-8080-exec-1] c.l.p.PaymentService : Processed payment 31433 for account A-650 in 66 ms
2024-01-15 10:26:35.700  INFO  [lily-payments,a359872c98b21d891ec7db10f760d464,d4c2186ecb0b0ad9] 1 --- [http-nio-8080-exec-7] c.l.p.PaymentService : Processed payment 66756 for account A-706 in 11 ms
2024-01-15 10:26:37.400  INFO  [lily-payments,4b3105c51472abfa0b38f2e726f5b0a3,c4497e6059e32a26] 1 --- [scheduling-1] c.l.p.PaymentService : Processed payment 59071 for account A-366 in 54 ms
2024-01-15 10:26:39.100  INFO  [lily-payments,d598065a7e113f68fa4f6238fa186877,5b62872a52847495] 1 --- [http-nio-8080-exec-1] c.l.p.PaymentService : Processed payment 59108 for account A-825 in 41 ms
2024-01-15 10:26:40.800  INFO  [lily-payments,458e175e706404b210438bfbec70686b,ba9e932c51b2b6a6] 1 --- [http-nio-8080-exec-1] c.l.p.PaymentService : Processed payment 98265 for account A-616 in 18 ms
2024-01-15 10:26:00.000  WARN  [lily-payments,4184c948e863ba96616e50bfadf5ceea,c94f0d2bb29e78b1] 1 --- [http-nio-8080-exec-7] c.l.p.IssuerClient : Payment declined by issuer code=05 attempt=2
2024-01-15 10:26:00.290  WARN  [lily-payments,e01521b0b286a564ea7a0d0513b8c838,a7db5ab7631330e9] 1 --- [http-nio-8080-exec-7] c.l.p.IssuerClient : Payment declined by issuer code=51 attempt=2
2024-01-15 10:26:00.580  WARN  [lily-payments,da7b7d6b6ff28ca5bad1d5bd348dfe95,b8673d5337abc653] 1 --- [http-nio-8080-exec-7] c.l.p.IssuerClient : Payment declined by issuer code=05 attempt=2
2024-01-15 10:26:00.870  WARN  [lily-payments,e237c179fc9cd8a509e5b571c09ae70e,1e2eae45e9ce8a45] 1 --- [scheduling-1] c.l.p.IssuerClient : Payment declined by issuer code=61 attempt=3
2024-01-15 10:26:01.160  WARN  [lily-payments,918f621ef24b04925599e8e0212052bf,c53114759b2d62f2] 1 --- [http-nio-8080-exec-7] c.l.p.IssuerClient : Payment declined by issuer code=51 attempt=3
2024-01-15 10:26:01.450  WARN  [lily-payments,53f2519307447094fe36425849f89edd,2f578cacabe81e3a] 1 --- [scheduling-1] c.l.p.IssuerClient : Payment declined by issuer code=61 attempt=3
2024-01-15 10:26:01.740  WARN  [lily-payments,3e1f59e3fae8210fac1d470c182e9ad6,73125db2de4aa18c] 1 --- [http-nio-8080-exec-7] c.l.p.IssuerClient : Payment declined by issuer code=61 attempt=1
2024-01-15 10:26:02.030  WARN  [lily-payments,010665cfba6080d5b3597de38d85502e,997d9f82530a9b99] 1 --- [http-nio-8080-exec-3] c.l.p.IssuerClient : Payment declined by issuer code=05 attempt=1
2024-01-15 10:26:02.320  WARN  [lily-payments,b506af37c6a5e1fa6da1b54836212d07,7a4eec4ffd3ec88a] 1 --- [scheduling-1] c.l.p.IssuerClient : Payment declined by issuer code=05 attempt=1
2024-01-15 10:26:02.610  WARN  [lily-payments,f691e41b4a764114ed2f43a5206298a7,87ae9e64f39e5d2e] 1 --- [http-nio-8080-exec-3] c.l.p.IssuerClient : Payment declined by issuer code=61 attempt=2
2024-01-15 10:26:02.900  WARN  [lily-payments,61b671a0f38b80610a8e605a768e48d8,75d7317810490176] 1 --- [scheduling-1] c.l.p.IssuerClient : Payment declined by issuer code=61 attempt=3
2024-01-15 10:26:03.190  WARN  [lily-payments,6a12712592e57d812905b5b14c6e4220,ec19d770187a2665] 1 --- [http-nio-8080-exec-1] c.l.p.IssuerClient : Payment declined by issuer code=51 attempt=2
2024-01-15 10:26:03.480  WARN  [lily-payments,36b766b4c5d2d5312cef90f151062a60,3b46191cc7f7b289] 1 --- [http-nio-8080-exec-7] c.l.p.IssuerClient : Payment declined by issuer code=05 attempt=2
2024-01-15 10:26:03.770  WARN  [lily-payments,b02888f1ac03d753ab9b5800be6871e2,6453d5d849f78cc6] 1 --- [scheduling-1] c.l.p.IssuerClient : Payment declined by issuer code=51 attempt=1
2024-01-15 10:26:04.060  WARN  [lily-payments,66711cb62c8986bf99b11cd2a39991c7,3b9b3755f424380e] 1 --- [http-nio-8080-exec-1] c.l.p.IssuerClient : Payment declined by issuer code=61 attempt=1
2024-01-15 10:26:04.350  WARN  [lily-payments,02d1420d3ca057594e3e036198b3c97d,400a9c9c9d4e0864] 1 --- [http-nio-8080-exec-7] c.l.p.IssuerClient : Payment declined by issuer code=05 attempt=3
2024-01-15 10:26:04.640  WARN  [lily-payments,be42d5cd64d4976d5a6e825a6879d550,8ec3a48dbc7f3654] 1 --- [http-nio-8080-exec-7] c.l.p.IssuerClient : Payment declined by issuer code=61 attempt=3
2024-01-15 10:26:04.930  WARN  [lily-payments,712abf536ec3387eb84d8410bbf9fa76,601cd0a3ca2c9e93] 1 --- [http-nio-8080-exec-7] c.l.p.IssuerClient : Payment declined by issuer code=51 attempt=1
2024-01-15 10:26:05.220  WARN  [lily-payments,145fb3a0caa279cba3114129102aa695,200a9d58cf26ff39] 1 --- [http-nio-8080-exec-7] c.l.p.IssuerClient : Payment declined by issuer code=51 attempt=3
2024-01-15 10:26:05.510  WARN  [lily-payments,1d83b8ee0daf203f0a2a761496f45c19,b28e831b63ab6bc2] 1 --- [scheduling-1] c.l.p.IssuerClient : Payment declined by issuer code=61 attempt=1
2024-01-15 10:26:05.800  WARN  [lily-payments,61b5868ed19225a96b473d0d94d7660b,f9ed15a336e1481e] 1 --- [http-nio-8080-exec-7] c.l.p.IssuerClient : Payment declined by issuer code=05 attempt=2
2024-01-15 10:26:06.090  WARN  [lily-payments,b093a11e175fec0bb812a38d316f3050,fb2dc4be5930daa3] 1 --- [http-nio-8080-exec-7] c.l.p.IssuerClient : Payment declined by issuer code=61 attempt=1
2024-01-15 10:26:06.380  WARN  [lily-payments,87f7658d7b373fdfa17342a055cf8d1d,fe901c846161cd67] 1 --- [http-nio-8080-exec-1] c.l.p.IssuerClient : Payment declined by issuer code=05 attempt=2
2024-01-15 10:26:06.670  WARN  [lily-payments,ecd29623a07091798ed32f5a6dbd5645,488528622a1953e8] 1 --- [http-nio-8080-exec-1] c.l.p.IssuerClient : Payment declined by issuer code=61 attempt=1
2024-01-15 10:26:06.960  WARN  [lily-payments,c0dbf6756f57e54fac3880faeb04adde,f86b415cace4172a] 1 --- [http-nio-8080-exec-7] c.l.p.IssuerClient : Payment declined by issuer code=05 attempt=2
2024-01-15 10:26:07.250  WARN  [lily-payments,fcbc42a4a638d3dd6e8457e813b0a808,bc0e0691f136132c] 1 --- [http-nio-8080-exec-7] c.l.p.IssuerClient : Payment declined by issuer code=05 attempt=2
2024-01-15 10:26:07.540  WARN  [lily-payments,5b1ea0c1c47b94e7849378c594a6cb76,9461bfca21f79170] 1 --- [http-nio-8080-exec-7] c.l.p.IssuerClient : Payment declined by issuer code=05 attempt=2
2024-01-15 10:26:07.830  WARN  [lily-payments,615146f3b056ec99f73e094c33eb7ffd,6d7cabf3d0d2e73f] 1 --- [scheduling-1] c.l.p.IssuerClient : Payment declined by issuer code=51 attempt=3
2024-01-15 10:26:08.120  WARN  [lily-payments,daa32de5a5e4f9f1713aa00ef6b87148,6b51dabbf3852421] 1 --- [scheduling-1] c.l.p.IssuerClient : Payment declined by issuer code=51 attempt=1
2024-01-15 10:26:08.410  WARN  [lily-payments,219524f0354b5948d256d2df223d75c4,205f93233c3f3a22] 1 --- [http-nio-8080-exec-1] c.l.p.IssuerClient : Payment declined by issuer code=51 attempt=2
2024-01-15 10:26:08.700  WARN  [lily-payments,f70031624a2ab01e7e4a033d4f76518c,c002987100e7b2d3] 1 --- [http-nio-8080-exec-3] c.l.p.IssuerClient : Payment declined by issuer code=61 attempt=1
2024-01-15 10:26:08.990  WARN  [lily-payments,2346135938c05f60f91d79b8f175012f,7f66c0480dff842c] 1 --- [scheduling-1] c.l.p.IssuerClient : Payment declined by issuer code=51 attempt=1
2024-01-15 10:26:09.280  WARN  [lily-payments,bdbd7517ec12de0b4d958aa3b719dc8e,3d5c827fb78e66ca] 1 --- [http-nio-8080-exec-3] c.l.p.IssuerClient : Payment declined by issuer code=61 attempt=3
2024-01-15 10:26:09.570  WARN  [lily-payments,7f9402d3c0b90074b9d8972562fc2c33,312388f663ef9349] 1 --- [scheduling-1] c.l.p.IssuerClient : Payment declined by issuer code=51 attempt=2
2024-01-15 10:26:09.860  WARN  [lily-payments,1484dc63c273c090888155f17d36802d,37ce56164d34f9ad] 1 --- [http-nio-8080-exec-7] c.l.p.IssuerClient : Payment declined by issuer code=61 attempt=1
2024-01-15 10:26:10.150  WARN  [lily-payments,c9f1cafc159ee339441fc81557885ef6,3d5368f1b86f24ec] 1 --- [http-nio-8080-exec-3] c.l.p.IssuerClient : Payment declined by issuer code=51 attempt=2
2024-01-15 10:26:10.440  WARN  [lily-payments,82d6219e2038ca4152774ad800c7c765,77898c785dbe06a2] 1 --- [http-nio-8080-exec-1] c.l.p.IssuerClient : Payment declined by issuer code=61 attempt=1
2024-01-15 10:26:10.730  WARN  [lily-payments,3708c636fd3121e9c1c5b8ffaa8c7ced,06964ff8acd44874] 1 --- [http-nio-8080-exec-1] c.l.p.IssuerClient : Payment declined by issuer code=61 attempt=2
2024-01-15 10:26:11.020  WARN  [lily-payments,bf99d997d5d26d72f8976d06aed53774,c8ffcb62eded18eb] 1 --- [http-nio-8080-exec-1] c.l.p.IssuerClient : Payment declined by issuer code=05 attempt=3
2024-01-15 10:26:11.310  WARN  [lily-payments,fbf9a603f1ddfe0d1fe92790ea9c1fe2,c03e80c0484d9d21] 1 --- [http-nio-8080-exec-3] c.l.p.IssuerClient : Payment declined by issuer code=61 attempt=3
2024-01-15 10:26:11.600  WARN  [lily-payments,515ca58b3299a436b8d23c8d1e5c7124,9321f83300c9f9c2] 1 --- [scheduling-1] c.l.p.IssuerClient : Payment declined by issuer code=61 attempt=2
2024-01-15 10:26:11.890  WARN  [lily-payments,e63940225da4dbaad70b2cdfc8a43f5d,742126b9c8b5b1b8] 1 --- [http-nio-8080-exec-3] c.l.p.IssuerClient : Payment declined by issuer code=61 attempt=3
2024-01-15 10:26:12.180  WARN  [lily-payments,6b160b605da646861fb25ed97b826654,2306722c0e74acfb] 1 --- [http-nio-8080-exec-7] c.l.p.IssuerClient : Payment declined by issuer code=51 attempt=3
2024-01-15 10:26:12.470  WARN  [lily-payments,39177dd962324c152d4fb892212f5935,b927b7a71a6805b3] 1 --- [http-nio-8080-exec-1] c.l.p.IssuerClient : Payment declined by issuer code=05 attempt=1
2024-01-15 10:26:12.760  WARN  [lily-payments,a308fcb0d99090d6b31ed65b1774e168,38fb60d9f430dbb9] 1 --- [http-nio-8080-exec-3] c.l.p.IssuerClient : Payment declined by issuer code=61 attempt=1
2024-01-15 10:26:13.050  WARN  [lily-payments,6078036c5eb072cf457615a5c406b992,34fb24888aaccf8f] 1 --- [http-nio-8080-exec-3] c.l.p.IssuerClient : Payment declined by issuer code=61 attempt=3
2024-01-15 10:26:13.340  WARN  [lily-payments,963f7d1f6a9d6e30a568e90d180bf3a4,d3fce784dc84d419] 1 --- [scheduling-1] c.l.p.IssuerClient : Payment declined by issuer code=05 attempt=3
2024-01-15 10:26:13.630  WARN  [lily-payments,e4620d36a9ef79c3a3c6f05333fe1a27,e1840c21cc939c9d] 1 --- [http-nio-8080-exec-3] c.l.p.IssuerClient : Payment declined by issuer code=61 attempt=1
2024-01-15 10:26:13.920  WARN  [lily-payments,a7654a11d44d0a4f241d0ac972c40774,cb79e38d0ad03d6d] 1 --- [http-nio-8080-exec-7] c.l.p.IssuerClient : Payment declined by issuer code=51 attempt=3
2024-01-15 10:26:14.210  WARN  [lily-payments,2caa916ed7bb92d8949199e8ce862cc2,9c00157bc8b3e707] 1 --- [http-nio-8080-exec-3] c.l.p.IssuerClient : Payment declined by issuer code=05 attempt=3
2024-01-15 10:26:14.500  WARN  [lily-payments,d66e985b543a59a587db022ae91c412f,273f9eb12c0adea7] 1 --- [http-nio-8080-exec-7] c.l.p.IssuerClient : Payment declined by issuer code=05 attempt=3
2024-01-15 10:26:14.790  WARN  [lily-payments,61976d9196b4ac283d83e5b973d89cf7,5768886210a92276] 1 --- [scheduling-1] c.l.p.IssuerClient : Payment declined by issuer code=61 attempt=1
2024-01-15 10:26:15.080  WARN  [lily-payments,d687dc660b7c551b2eadc282f19954cc,b6864514bc9b49fb] 1 --- [scheduling-1] c.l.p.IssuerClient : Payment declined by issuer code=05 attempt=2
2024-01-15 10:26:15.370  WARN  [lily-payments,0da78f28e25655c1814efdd8422d0375,cc87a530257ef323] 1 --- [http-nio-8080-exec-3] c.l.p.IssuerClient : Payment declined by issuer code=05 attempt=3
2024-01-15 10:26:15.660  WARN  [lily-payments,a5131b79bd7623a2b8478ad93753f597,9ff213763c6ea4ce] 1 --- [http-nio-8080-exec-7] c.l.p.IssuerClient : Payment declined by issuer code=61 attempt=1
2024-01-15 10:26:15.950  WARN  [lily-payments,a79307c41b93e857d913cb347c0cc2db,686f19444a4f0884] 1 --- [scheduling-1] c.l.p.IssuerClient : Payment declined by issuer code=05 attempt=1
2024-01-15 10:26:16.240  WARN  [lily-payments,97fb3daf11a32d9cdd5825b9840fd8c7,cf5a9163cd59dfc6] 1 --- [http-nio-8080-exec-3] c.l.p.IssuerClient : Payment declined by issuer code=61 attempt=1
2024-01-15 10:26:16.530  WARN  [lily-payments,91a0ff2f4ebbaaf942a3e8613e22068b,e3a2fafe3cac451a] 1 --- [http-nio-8080-exec-1] c.l.p.IssuerClient : Payment declined by issuer code=05 attempt=2
2024-01-15 10:26:16.820  WARN  [lily-payments,4c0c72d5bd3c48da06e02b8b2bbadc70,a1b2d443def642c1] 1 --- [http-nio-8080-exec-7] c.l.p.IssuerClient : Payment declined by issuer code=61 attempt=1
2024-01-15 10:26:17.110  WARN  [lily-payments,0fd969cbe695d6c98ffab93d15cfa4e4,e1661ead68c2c2df] 1 --- [scheduling-1] c.l.p.IssuerClient : Payment declined by issuer code=51 attempt=2
2024-01-15 10:26:17.400  WARN  [lily-payments,3eee6cb5078d2de52d4052c0b30c7244,9cde6daf2ae37ac0] 1 --- [scheduling-1] c.l.p.IssuerClient : Payment declined by issuer code=61 attempt=3
2024-01-15 10:26:17.690  WARN  [lily-payments,797eff91dffff4caabbbf83e90a66791,5991c9085b05f5e8] 1 --- [http-nio-8080-exec-3] c.l.p.IssuerClient : Payment declined by issuer code=61 attempt=3
2024-01-15 10:26:17.980  WARN  [lily-payments,1aec24c5339c0a5be6271b4717633b07,13fd0b21daa198ec] 1 --- [http-nio-8080-exec-1] c.l.p.IssuerClient : Payment declined by issuer code=51 attempt=2
2024-01-15 10:26:18.270  WARN  [lily-payments,c9519e14d41f757f3f2d3731de7e6339,e73d414f39cde8cc] 1 --- [scheduling-1] c.l.p.IssuerClient : Payment declined by issuer code=05 attempt=2
2024-01-15 10:26:18.560  WARN  [lily-payments,726dd56a018962d949aa6b138b6845f6,7ffc538672293396] 1 --- [scheduling-1] c.l.p.IssuerClient : Payment declined by issuer code=51 attempt=2
2024-01-15 10:26:18.850  WARN  [lily-payments,56184dc584afa0182e05945c8085f411,8fd274e881b66fac] 1 --- [scheduling-1] c.l.p.IssuerClient : Payment declined by issuer code=51 attempt=2
2024-01-15 10:26:19.140  WARN  [lily-payments,b0f75b5e0f3c7225de68a40501e44f04,6aca764e19a0cc2a] 1 --- [http-nio-8080-exec-1] c.l.p.IssuerClient : Payment declined by issuer code=05 attempt=1
2024-01-15 10:26:19.430  WARN  [lily-payments,aee07bf7270586f386c6fa6562cb5ff8,e1b351a4ff3803fe] 1 --- [http-nio-8080-exec-7] c.l.p.IssuerClient : Payment declined by issuer code=51 attempt=3
2024-01-15 10:26:19.720  WARN  [lily-payments,677f69c2753ecc02a635097e0a32b3b6,0585eed383fadc3e] 1 --- [scheduling-1] c.l.p.IssuerClient : Payment declined by issuer code=51 attempt=3
2024-01-15 10:26:20.010  WARN  [lily-payments,40896a6e8b48dcc4dfa39fc36f7ad7a1,237514a744319808] 1 --- [http-nio-8080-exec-1] c.l.p.IssuerClient : Payment declined by issuer code=61 attempt=1
2024-01-15 10:26:20.300  WARN  [lily-payments,f0ad95c94311b719d75bd5ded3eb4901,ce298b7f8b3da6d3] 1 --- [http-nio-8080-exec-1] c.l.p.IssuerClient : Payment declined by issuer code=61 attempt=2
2024-01-15 10:26:20.590  WARN  [lily-payments,0e9f2f97986e4a27cce81b58adb18c95,46f07965dfcccd04] 1 --- [scheduling-1] c.l.p.IssuerClient : Payment declined by issuer code=61 attempt=1
2024-01-15 10:26:20.880  WARN  [lily-payments,5b701d431feea0766c970575cb0150b5,dd05b082d333ac7b] 1 --- [http-nio-8080-exec-3] c.l.p.IssuerClient : Payment declined by issuer code=05 attempt=3
2024-01-15 10:26:21.170  WARN  [lily-payments,aca6ccf5e6dce94d62a4aaa360f51f79,e23efe3a9064c802] 1 --- [http-nio-8080-exec-3] c.l.p.IssuerClient : Payment declined by issuer code=61 attempt=2
2024-01-15 10:26:21.460  WARN  [lily-payments,344cbb8a6d8a2b5a3d78b00964ba36b0,82ef0d0c16e7a394] 1 --- [http-nio-8080-exec-1] c.l.p.IssuerClient : Payment declined by issuer code=61 attempt=1
2024-01-15 10:26:21.750  WARN  [lily-payments,ce2a538fb6cf5a3b300098c63a33589a,23bab8fb848fdb25] 1 --- [http-nio-8080-exec-3] c.l.p.IssuerClient : Payment declined by issuer code=61 attempt=3
2024-01-15 10:26:22.040  WARN  [lily-payments,622aea41fe559bc5c4c1dbbaebfc1eca,c80251f20ccec3f6] 1 --- [http-nio-8080-exec-1] c.l.p.IssuerClient : Payment declined by issuer code=05 attempt=2
2024-01-15 10:26:22.330  WARN  [lily-payments,d95d961a9a3993b880e5de86858231c2,f95d36b1d7fa7bb4] 1 --- [http-nio-8080-exec-7] c.l.p.IssuerClient : Payment declined by issuer code=05 attempt=3
2024-01-15 10:26:22.620  WARN  [lily-payments,0d552ba60e1876fd1c58ae8cb25a244b,b3ee509bd4c580a9] 1 --- [http-nio-8080-exec-3] c.l.p.IssuerClient : Payment declined by issuer code=61 attempt=3
2024-01-15 10:26:22.910  WARN  [lily-payments,7030b2deb1f807afd0ff9cc77eca4ddf,0f80604eec427e27] 1 --- [http-nio-8080-exec-1] c.l.p.IssuerClient : Payment declined by issuer code=05 attempt=3
2024-01-15 10:26:23.200  WARN  [lily-payments,d514c623bffe506ffd669099e744fc96,168c68537b04bd9f] 1 --- [scheduling-1] c.l.p.IssuerClient : Payment declined by issuer code=05 attempt=2
2024-01-15 10:26:23.490  WARN  [lily-payments,3058b75ecaebdb56bd59b34da35260e1,50ac1be699a38533] 1 --- [scheduling-1] c.l.p.IssuerClient : Payment declined by issuer code=05 attempt=2
2024-01-15 10:26:23.780  WARN  [lily-payments,f90c9664f1bfe93e3578b0fc9d337493,0398b07a36be45ca] 1 --- [http-nio-8080-exec-3] c.l.p.IssuerClient : Payment declined by issuer code=05 attempt=1
2024-01-15 10:26:24.070  WARN  [lily-payments,0f880065ee287fd9dd81d0fe54a5a601,739349b92187fdd0] 1 --- [http-nio-8080-exec-1] c.l.p.IssuerClient : Payment declined by issuer code=05 attempt=3
2024-01-15 10:26:24.360  WARN  [lily-payments,b64cc269e88230f39cb52613dd5a152d,52d3526f1b920f32] 1 --- [scheduling-1] c.l.p.IssuerClient : Payment declined by issuer code=05 attempt=1
2024-01-15 10:26:24.650  WARN  [lily-payments,48e0e4d3d19d41f6c243aecd4958236b,a48fee6849679fae] 1 --- [http-nio-8080-exec-7] c.l.p.IssuerClient : Payment declined by issuer code=61 attempt=3
2024-01-15 10:26:24.940  WARN  [lily-payments,ed5a0f980e851ce6ce94c10a95542c69,1d4822d2e58d8162] 1 --- [scheduling-1] c.l.p.IssuerClient : Payment declined by issuer code=51 attempt=1
2024-01-15 10:26:25.230  WARN  [lily-payments,67c646ca997f14c37c2a57e07cccb91b,f8179c3f70548a83] 1 --- [http-nio-8080-exec-3] c.l.p.IssuerClient : Payment declined by issuer code=51 attempt=3
2024-01-15 10:26:25.520  WARN  [lily-payments,35fe7c7208321be18ec602285e0f63e6,37b68950200bf1ac] 1 --- [http-nio-8080-exec-3] c.l.p.IssuerClient : Payment declined by issuer code=05 attempt=3
2024-01-15 10:26:25.810  WARN  [lily-payments,3b4579e5fa23615861ff801e0b0d2235,5b7b8a475f62535e] 1 --- [http-nio-8080-exec-7] c.l.p.IssuerClient : Payment declined by issuer code=61 attempt=1
2024-01-15 10:26:26.100  WARN  [lily-payments,a47bb3bd8c72534d68cb2eb64cc12b3f,c08be8c15ca9e1c3] 1 --- [scheduling-1] c.l.p.IssuerClient : Payment declined by issuer code=05 attempt=2
2024-01-15 10:26:26.390  WARN  [lily-payments,732713697f45a0d32dcf9f31ec5f5462,3e0a4f08130e8f51] 1 --- [http-nio-8080-exec-3] c.l.p.IssuerClient : Payment declined by issuer code=51 attempt=1
2024-01-15 10:26:26.680  WARN  [lily-payments,8bf207c5025c0a04a68e7c814dfd0145,1877411fcd1c510b] 1 --- [http-nio-8080-exec-7] c.l.p.IssuerClient : Payment declined by issuer code=61 attempt=2
2024-01-15 10:26:26.970  WARN  [lily-payments,beebc861bc6217e3f7a7d0bdedeca07d,0d98fd4d5b2c60ce] 1 --- [http-nio-8080-exec-7] c.l.p.IssuerClient : Payment declined by issuer code=61 attempt=1
2024-01-15 10:26:27.260  WARN  [lily-payments,1627af79f1d1686b6bf948d8d46b7338,b062d9aa95b6b477] 1 --- [http-nio-8080-exec-1] c.l.p.IssuerClient : Payment declined by issuer code=51 attempt=2
2024-01-15 10:26:27.550  WARN  [lily-payments,f435ba7026dd5f2f51921a58bd7f5563,74cab32a2816ba54] 1 --- [http-nio-8080-exec-3] c.l.p.IssuerClient : Payment declined by issuer code=51 attempt=1
2024-01-15 10:26:27.840  WARN  [lily-payments,6df5426851e39644121bd644deb6148e,127ef5910aa0f090] 1 --- [http-nio-8080-exec-3] c.l.p.IssuerClient : Payment declined by issuer code=51 attempt=1
2024-01-15 10:26:28.130  WARN  [lily-payments,0331c6298c5cf860fe7702aa0dc0f0f8,7e074b99e19b02b9] 1 --- [scheduling-1] c.l.p.IssuerClient : Payment declined by issuer code=61 attempt=3
2024-01-15 10:26:28.420  WARN  [lily-payments,150e5cbfee07e817384eea2e225fbed9,5723493076276dc5] 1 --- [http-nio-8080-exec-3] c.l.p.IssuerClient : Payment declined by issuer code=61 attempt=3
2024-01-15 10:26:28.710  WARN  [lily-payments,cd7f5a3e4c3a1742e406d141043c1888,d941bb4f219cb3cc] 1 --- [scheduling-1] c.l.p.IssuerClient : Payment declined by issuer code=05 attempt=1
2024-01-15 10:26:29.000  WARN  [lily-payments,7b493c84645a9fe27772135874feee0e,cd02c3008814e503] 1 --- [scheduling-1] c.l.p.IssuerClient : Payment declined by issuer code=05 attempt=1
2024-01-15 10:26:29.290  WARN  [lily-payments,967692a5306290fdcf478ccccf2d8e0d,d5498e0f2e99757f] 1 --- [http-nio-8080-exec-1] c.l.p.IssuerClient : Payment declined by issuer code=51 attempt=1
2024-01-15 10:26:29.580  WARN  [lily-payments,43e29b75265761de9a02f00ed362078a,58cf93eeb9ec0a25] 1 --- [http-nio-8080-exec-1] c.l.p.IssuerClient : Payment declined by issuer code=05 attempt=1
2024-01-15 10:26:29.870  WARN  [lily-payments,89184b1ebe7c1d894eaed010e6e879ec,2f74a8e72bb846d0] 1 --- [http-nio-8080-exec-7] c.l.p.IssuerClient : Payment declined by issuer code=05 attempt=3
2024-01-15 10:26:30.160  WARN  [lily-payments,76121ed16a1c460154df8e70fb589d8e,da9e2fb612b0f5a7] 1 --- [http-nio-8080-exec-3] c.l.p.IssuerClient : Payment declined by issuer code=61 attempt=3
2024-01-15 10:26:30.450  WARN  [lily-payments,30796f34e6fe4d3a2cb7e1a4ee8f4e1f,d438dd8dccf571cf] 1 --- [scheduling-1] c.l.p.IssuerClient : Payment declined by issuer code=05 attempt=2
2024-01-15 10:26:30.740  WARN  [lily-payments,3b057b4d3f9743313e4292fc52c4a3ed,a6862a8d890d5cb4] 1 --- [scheduling-1] c.l.p.IssuerClient : Payment declined by issuer code=61 attempt=3
2024-01-15 10:26:31.030  WARN  [lily-payments,7aa5ecfeb8f18dd6cc73af9a49c3b8f1,43d54c1a14518127] 1 --- [http-nio-8080-exec-1] c.l.p.IssuerClient : Payment declined by issuer code=51 attempt=2
2024-01-15 10:26:31.320  WARN  [lily-payments,e29c694ffccd47f360c525a0dad550be,efe8812b188c7d36] 1 --- [http-nio-8080-exec-7] c.l.p.IssuerClient : Payment declined by issuer code=51 attempt=1
2024-01-15 10:26:31.610  WARN  [lily-payments,84cba7aa45638e9ba7371ae79bc1825e,18d103f34713f07a] 1 --- [http-nio-8080-exec-7] c.l.p.IssuerClient : Payment declined by issuer code=05 attempt=2
2024-01-15 10:26:31.900  WARN  [lily-payments,8b240d739d60e5dba979867c30059bac,7609b557e0bde935] 1 --- [http-nio-8080-exec-3] c.l.p.IssuerClient : Payment declined by issuer code=61 attempt=3
2024-01-15 10:26:32.190  WARN  [lily-payments,1fc95fc361bf698df154b373da4440cd,380e18bef1ab32ef] 1 --- [http-nio-8080-exec-7] c.l.p.IssuerClient : Payment declined by issuer code=51 attempt=3
2024-01-15 10:26:32.480  WARN  [lily-payments,357090618d2228df6b0662af6f0ee040,7f6b0a54816cee75] 1 --- [http-nio-8080-exec-1] c.l.p.IssuerClient : Payment declined by issuer code=05 attempt=3
2024-01-15 10:26:32.770  WARN  [lily-payments,cedd88017aa5cd29920e8eeadd6d8787,b6d29093a77e1bf3] 1 --- [http-nio-8080-exec-3] c.l.p.IssuerClient : Payment declined by issuer code=05 attempt=3
2024-01-15 10:26:33.060  WARN  [lily-payments,92468323ad7683863973c42b29626574,034b64b96519b7be] 1 --- [http-nio-8080-exec-3] c.l.p.IssuerClient : Payment declined by issuer code=61 attempt=1
2024-01-15 10:26:33.350  WARN  [lily-payments,82786ff6c028b390a08cfdec5d74d4e8,dec45949cd32640c] 1 --- [scheduling-1] c.l.p.IssuerClient : Payment declined by issuer code=51 attempt=2
2024-01-15 10:26:33.640  WARN  [lily-payments,e61dde1772965ac55d56d8ccad1f684e,816295d4cd9656f5] 1 --- [http-nio-8080-exec-1] c.l.p.IssuerClient : Payment declined by issuer code=05 attempt=1
2024-01-15 10:26:33.930  WARN  [lily-payments,0d6ffc7be977d4075bc1b70e8b5620b7,80ec52aa053bf11f] 1 --- [http-nio-8080-exec-3] c.l.p.IssuerClient : Payment declined by issuer code=61 attempt=2
2024-01-15 10:26:34.220  WARN  [lily-payments,7bf355d3b3440b844a82b5d98fead0ea,a08e158cd7bed0df] 1 --- [http-nio-8080-exec-1] c.l.p.IssuerClient : Payment declined by issuer code=61 attempt=3
2024-01-15 10:26:34.510  WARN  [lily-payments,b0a2a8d40fd09629a6a331e084cb6e74,673bc55de83af4b2] 1 --- [http-nio-8080-exec-1] c.l.p.IssuerClient : Payment declined by issuer code=05 attempt=1
2024-01-15 10:26:34.800  WARN  [lily-payments,06f706f046910bba1904be4ad8246aed,ae4e11708aaa2f51] 1 --- [http-nio-8080-exec-3] c.l.p.IssuerClient : Payment declined by issuer code=61 attempt=2
2024-01-15 10:26:35.090  WARN  [lily-payments,8aa039a48475966ee6f6866d6c27e2a4,c17c054e9cf56127] 1 --- [http-nio-8080-exec-7] c.l.p.IssuerClient : Payment declined by issuer code=61 attempt=1
2024-01-15 10:26:35.380  WARN  [lily-payments,b742098d84f723bd5f76eae717b98599,a0f699d1f9fa8e81] 1 --- [scheduling-1] c.l.p.IssuerClient : Payment declined by issuer code=61 attempt=3
2024-01-15 10:26:35.670  WARN  [lily-payments,ae89b29ee2d865f85778d1b4f121b21b,68c86cd7922b516e] 1 --- [http-nio-8080-exec-1] c.l.p.IssuerClient : Payment declined by issuer code=05 attempt=2
2024-01-15 10:26:35.960  WARN  [lily-payments,f6e5afb0622dd13b87c7d09651cf42f4,7b25d78047a55dea] 1 --- [http-nio-8080-exec-7] c.l.p.IssuerClient : Payment declined by issuer code=05 attempt=3
2024-01-15 10:26:36.250  WARN  [lily-payments,1904a197a661ee29a619b2510ce68199,e812ee90daad1fc1] 1 --- [scheduling-1] c.l.p.IssuerClient : Payment declined by issuer code=05 attempt=1
2024-01-15 10:26:36.540  WARN  [lily-payments,5a91eea75bc4ff3ad41613236cf1e239,06d9b6a86279c135] 1 --- [http-nio-8080-exec-7] c.l.p.IssuerClient : Payment declined by issuer code=05 attempt=3
2024-01-15 10:26:36.830  WARN  [lily-payments,596fa1e72d18efdb965d09fdb08fef46,1e268ed0b85aec74] 1 --- [http-nio-8080-exec-7] c.l.p.IssuerClient : Payment declined by issuer code=51 attempt=1
2024-01-15 10:26:37.120  WARN  [lily-payments,025617b9582546c4e67014b5d9c2f6cf,88df2d574d4436b4] 1 --- [http-nio-8080-exec-7] c.l.p.IssuerClient : Payment declined by issuer code=51 attempt=3
2024-01-15 10:26:37.410  WARN  [lily-payments,ede351c2f7c36e96e527943f9910f4d5,8f931475a36d2e54] 1 --- [http-nio-8080-exec-7] c.l.p.IssuerClient : Payment declined by issuer code=51 attempt=3
2024-01-15 10:26:37.700  WARN  [lily-payments,c0b5ceefea7dd4aa4a63729e94bcd026,4491d9dd8a79e46e] 1 --- [http-nio-8080-exec-7] c.l.p.IssuerClient : Payment declined by issuer code=61 attempt=1
2024-01-15 10:26:37.990  WARN  [lily-payments,0f978602701e6a386a8cdfcb6bb22f9a,7353359278486560] 1 --- [http-nio-8080-exec-1] c.l.p.IssuerClient : Payment declined by issuer code=51 attempt=1
2024-01-15 10:26:38.280  WARN  [lily-payments,f2ebb27a7ffee29656e032e01a8ea285,9b1ea207e088740f] 1 --- [scheduling-1] c.l.p.IssuerClient : Payment declined by issuer code=61 attempt=1
2024-01-15 10:26:38.570  WARN  [lily-payments,6547feb5727345aa2ae5daea93c8f236,7e0d7ea85a9cab2a] 1 --- [scheduling-1] c.l.p.IssuerClient : Payment declined by issuer code=51 attempt=1
2024-01-15 10:26:38.860  WARN  [lily-payments,588f895c726fa1304d9d1e1137c55072,c23d1f123b79318c] 1 --- [http-nio-8080-exec-3] c.l.p.IssuerClient : Payment declined by issuer code=51 attempt=2
2024-01-15 10:26:39.150  WARN  [lily-payments,c40e3b6cf2ca9c4cd338cc1c186e90ef,8a1dd7d6533ebfc0] 1 --- [http-nio-8080-exec-7] c.l.p.IssuerClient : Payment declined by issuer code=05 attempt=2
2024-01-15 10:26:39.440  WARN  [lily-payments,3983582dc633d8256f61e61d53c1f141,10ddababa03a94f2] 1 --- [scheduling-1] c.l.p.IssuerClient : Payment declined by issuer code=61 attempt=2
2024-01-15 10:26:39.730  WARN  [lily-payments,59b25b55c8d2a7f7084d2b34c34df1a6,e1592021cdff1f9f] 1 --- [scheduling-1] c.l.p.IssuerClient : Payment declined by issuer code=05 attempt=3
2024-01-15 10:26:40.020  WARN  [lily-payments,2cb70c4b11442da92b5c0b6e8e630e10,bede807f60145705] 1 --- [http-nio-8080-exec-7] c.l.p.IssuerClient : Payment declined by issuer code=61 attempt=2
2024-01-15 10:26:40.310  WARN  [lily-payments,d5710a3e34de5cd8a9ac809c939e66df,a166fc730f499875] 1 --- [http-nio-8080-exec-3] c.l.p.IssuerClient : Payment declined by issuer code=61 attempt=2
2024-01-15 10:26:40.600  WARN  [lily-payments,bbe726ea508cbb014df830388ce87e4d,8557f5c97805a5b5] 1 --- [http-nio-8080-exec-1] c.l.p.IssuerClient : Payment declined by issuer code=05 attempt=2
2024-01-15 10:26:40.890  WARN  [lily-payments,b4934896263eaf01115c7db288d8be59,00cbc5f3298fb617] 1 --- [http-nio-8080-exec-3] c.l.p.IssuerClient : Payment declined by issuer code=05 attempt=3
2024-01-15 10:26:41.180  WARN  [lily-payments,77d92b07b85fc656a621bb83b01936f0,d04cc5e272e297bd] 1 --- [http-nio-8080-exec-1] c.l.p.IssuerClient : Payment declined by issuer code=51 attempt=3
2024-01-15 10:26:41.470  WARN  [lily-payments,8e6139c46f16ff85bb51bfab834f1f51,07fe2c5882cfa857] 1 --- [scheduling-1] c.l.p.IssuerClient : Payment declined by issuer code=51 attempt=1
2024-01-15 10:26:41.760  WARN  [lily-payments,534be8398a564a0176b71a89d07d5163,c3ad8973abf17cf2] 1 --- [http-nio-8080-exec-1] c.l.p.IssuerClient : Payment declined by issuer code=51 attempt=1
2024-01-15 10:26:42.050  WARN  [lily-payments,c85f47ff4e338dbb92ca309ffab0a100,835e2dd349dfbca0] 1 --- [http-nio-8080-exec-3] c.l.p.IssuerClient : Payment declined by issuer code=51 attempt=2
2024-01-15 10:26:42.340  WARN  [lily-payments,8e49e31dec1c3fc834b478c5e947ee98,b025746cdc5eef76] 1 --- [http-nio-8080-exec-3] c.l.p.IssuerClient : Payment declined by issuer code=05 attempt=2
2024-01-15 10:26:42.630  WARN  [lily-payments,12a0ea111d1b70a9630b4e0d7b2df2e1,9cf835528f27e278] 1 --- [http-nio-8080-exec-7] c.l.p.IssuerClient : Payment declined by issuer code=51 attempt=2
2024-01-15 10:26:42.920  WARN  [lily-payments,158142299ebabe9a737a3b780b2eaa6a,6294b0c446da879d] 1 --- [http-nio-8080-exec-7] c.l.p.IssuerClient : Payment declined by issuer code=51 attempt=2
2024-01-15 10:26:43.210  WARN  [lily-payments,23af338a5c6877068d17b324bcd40538,6d6446ff568fcfb4] 1 --- [http-nio-8080-exec-3] c.l.p.IssuerClient : Payment declined by issuer code=05 attempt=1
2024-01-15 10:26:43.500  WARN  [lily-payments,3ebe62de29ba1b1b77f654b0262d0e8d,24fe43d3701150b8] 1 --- [http-nio-8080-exec-1] c.l.p.IssuerClient : Payment declined by issuer code=61 attempt=1
2024-01-15 10:26:43.790  WARN  [lily-payments,77ccf06d3c292ce323d225f8045c70b3,94f6f34a24462740] 1 --- [http-nio-8080-exec-1] c.l.p.IssuerClient : Payment declined by issuer code=05 attempt=1
2024-01-15 10:26:44.080  WARN  [lily-payments,665662885c61183bddfce7dc7f111cb6,17aaadfe48576964] 1 --- [http-nio-8080-exec-1] c.l.p.IssuerClient : Payment declined by issuer code=51 attempt=1
2024-01-15 10:26:44.370  WARN  [lily-payments,bca60f3da0e7f64036450d82471ee2ec,5bba787b889118ae] 1 --- [http-nio-8080-exec-3] c.l.p.IssuerClient : Payment declined by issuer code=61 attempt=3
2024-01-15 10:26:44.660  WARN  [lily-payments,671381758b3f87e3eceb6bcba9741b9e,eedadbfbc61cc6c3] 1 --- [http-nio-8080-exec-1] c.l.p.IssuerClient : Payment declined by issuer code=51 attempt=1
2024-01-15 10:26:44.950  WARN  [lily-payments,2a9f0039b7a227cc101c9438f4ada6e8,760f772db1e413ab] 1 --- [http-nio-8080-exec-3] c.l.p.IssuerClient : Payment declined by issuer code=61 attempt=2
2024-01-15 10:26:45.240  WARN  [lily-payments,8ba86892aa0b70ef8abe015bfed5e912,cf640c868fca24f9] 1 --- [scheduling-1] c.l.p.IssuerClient : Payment declined by issuer code=05 attempt=1
2024-01-15 10:26:45.530  WARN  [lily-payments,27c37e0d75f3b3587e60847d20095bcb,a47f90bc7cd2b4cf] 1 --- [scheduling-1] c.l.p.IssuerClient : Payment declined by issuer code=05 attempt=3
2024-01-15 10:26:45.820  WARN  [lily-payments,aae74e3ffb8a33125fcca989d78e269b,6974679dac677b36] 1 --- [http-nio-8080-exec-7] c.l.p.IssuerClient : Payment declined by issuer code=05 attempt=3
2024-01-15 10:26:46.110  WARN  [lily-payments,39e09170445fd07262f6c67c7d33be03,42ee29db3764e308] 1 --- [http-nio-8080-exec-7] c.l.p.IssuerClient : Payment declined by issuer code=61 attempt=1
2024-01-15 10:26:46.400  WARN  [lily-payments,f1f49fdc8e5ab6cfaf12d4707dccef6d,711fbc7218b9ed3c] 1 --- [http-nio-8080-exec-3] c.l.p.IssuerClient : Payment declined by issuer code=61 attempt=3
2024-01-15 10:26:46.690  WARN  [lily-payments,8077717e1955999821c78dc848cf088f,1f6b89741e85168c] 1 --- [http-nio-8080-exec-3] c.l.p.IssuerClient : Payment declined by issuer code=61 attempt=3
2024-01-15 10:26:46.980  WARN  [lily-payments,2448fdaf2ae202610753013b39807c76,c749446a69daa421] 1 --- [http-nio-8080-exec-3] c.l.p.IssuerClient : Payment declined by issuer code=05 attempt=2
2024-01-15 10:26:47.270  WARN  [lily-payments,a0cd0007518cd1161fcc300df83de800,6222f247ee3d399a] 1 --- [http-nio-8080-exec-1] c.l.p.IssuerClient : Payment declined by issuer code=05 attempt=3
2024-01-15 10:26:47.560  WARN  [lily-payments,de7038f64b240d1630a5ae670a6a6fb3,bbb20609e02ccf1f] 1 --- [scheduling-1] c.l.p.IssuerClient : Payment declined by issuer code=05 attempt=2
2024-01-15 10:26:47.850  WARN  [lily-payments,1cc94043f28394e36ce4c9f28fd8bb86,8c30afefda702907] 1 --- [http-nio-8080-exec-3] c.l.p.IssuerClient : Payment declined by issuer code=05 attempt=1
2024-01-15 10:26:48.140  WARN  [lily-payments,4bccab99992d83752238558b08f1c55a,41e7e6aad854dc2e] 1 --- [http-nio-8080-exec-7] c.l.p.IssuerClient : Payment declined by issuer code=61 attempt=3
2024-01-15 10:26:48.430  WARN  [lily-payments,fe9e2c093738f745249623e573d9ce55,39f38888b45577e2] 1 --- [http-nio-8080-exec-1] c.l.p.IssuerClient : Payment declined by issuer code=51 attempt=1
2024-01-15 10:26:48.720  WARN  [lily-payments,24535c7bcdc99b146b379106c335de68,f0f103709bd038f5] 1 --- [http-nio-8080-exec-7] c.l.p.IssuerClient : Payment declined by issuer code=05 attempt=2
2024-01-15 10:26:49.010  WARN  [lily-payments,9c2189f5e0a83a6ad2a72710630ff628,b2aabedb4b15a724] 1 --- [scheduling-1] c.l.p.IssuerClient : Payment declined by issuer code=05 attempt=3
2024-01-15 10:26:49.300  WARN  [lily-payments,bd537e776700fc71b2862c6a762dfe53,5e3aa0edcf04e5ce] 1 --- [http-nio-8080-exec-3] c.l.p.IssuerClient : Payment declined by issuer code=61 attempt=2
2024-01-15 10:26:49.590  WARN  [lily-payments,f35e4aea3b80e06002b7ee2c79dac7ef,a28321408dec29cf] 1 --- [scheduling-1] c.l.p.IssuerClient : Payment declined by issuer code=51 attempt=1
2024-01-15 10:26:49.880  WARN  [lily-payments,27bf71a9759059f4607ddd4738be6f2a,e709cafb18550c11] 1 --- [http-nio-8080-exec-7] c.l.p.IssuerClient : Payment declined by issuer code=61 attempt=1
2024-01-15 10:26:50.170  WARN  [lily-payments,90311cb8a94dc4f94535da26c9489625,7d8108ac71e8bb8b] 1 --- [http-nio-8080-exec-7] c.l.p.IssuerClient : Payment declined by issuer code=51 attempt=2
2024-01-15 10:26:50.460  WARN  [lily-payments,c02c8712b10ed0cfd176aec333ba56c8,1b5b7b758748ad06] 1 --- [http-nio-8080-exec-1] c.l.p.IssuerClient : Payment declined by issuer code=05 attempt=3
2024-01-15 10:26:50.750  WARN  [lily-payments,ebbd19a7136a0625f105343ef6fbfd81,2cb92ffffc6901b0] 1 --- [http-nio-8080-exec-3] c.l.p.IssuerClient : Payment declined by issuer code=05 attempt=2
2024-01-15 10:26:51.040  WARN  [lily-payments,27491a65a36ad34e099eab472ba20b8f,3b23b0de5d9fe51e] 1 --- [http-nio-8080-exec-7] c.l.p.IssuerClient : Payment declined by issuer code=51 attempt=3
2024-01-15 10:26:51.330  WARN  [lily-payments,2c60214f94d5d30fa7b6066fc0891d05,49976ed33b1005e9] 1 --- [http-nio-8080-exec-3] c.l.p.IssuerClient : Payment declined by issuer code=05 attempt=1
2024-01-15 10:26:51.620  WARN  [lily-payments,5ee8ab9a52cf03bb5eedf351f52ad13b,0d7bae36836cdfab] 1 --- [http-nio-8080-exec-3] c.l.p.IssuerClient : Payment declined by issuer code=51 attempt=3
2024-01-15 10:26:51.910  WARN  [lily-payments,8114a548e1df35f75844d7bc13314630,250ce12579fbd193] 1 --- [http-nio-8080-exec-7] c.l.p.IssuerClient : Payment declined by issuer code=05 attempt=3
2024-01-15 10:26:52.200  WARN  [lily-payments,966c9f4f4adb790a9a0d63f33c2d920d,ee03cce3691ea1d5] 1 --- [http-nio-8080-exec-7] c.l.p.IssuerClient : Payment declined by issuer code=61 attempt=1
2024-01-15 10:26:52.490  WARN  [lily-payments,194a1bd309187c813a4d814752e6fdb0,2f21661b58b65cc8] 1 --- [scheduling-1] c.l.p.IssuerClient : Payment declined by issuer code=51 attempt=3
2024-01-15 10:26:52.780  WARN  [lily-payments,013fa20e84eec427b71be51dc92c41a7,517800f36c061350] 1 --- [http-nio-8080-exec-7] c.l.p.IssuerClient : Payment declined by issuer code=61 attempt=1
2024-01-15 10:26:53.070  WARN  [lily-payments,bcf8ffa68f20318224974141da4d2016,4027c1a4dff85568] 1 --- [scheduling-1] c.l.p.IssuerClient : Payment declined by issuer code=51 attempt=3
2024-01-15 10:26:53.360  WARN  [lily-payments,c0779ef064ef87d14e1da1fc05a0b823,d1f693a40687db82] 1 --- [scheduling-1] c.l.p.IssuerClient : Payment declined by issuer code=61 attempt=3
2024-01-15 10:26:53.650  WARN  [lily-payments,38ea126c33d1ac9400a6b6372f196b0d,3a0a9a3ead77d1ac] 1 --- [scheduling-1] c.l.p.IssuerClient : Payment declined by issuer code=05 attempt=2
2024-01-15 10:26:53.940  WARN  [lily-payments,cc646f48b2074a48e19f91feb29b6d4f,a9dd56793db2ac93] 1 --- [http-nio-8080-exec-1] c.l.p.IssuerClient : Payment declined by issuer code=51 attempt=2
2024-01-15 10:26:54.230  WARN  [lily-payments,f640a612d79283ae0069f9da8b2bac3b,7a1e6e1ed3655a2e] 1 --- [http-nio-8080-exec-1] c.l.p.IssuerClient : Payment declined by issuer code=51 attempt=2
2024-01-15 10:26:54.520  WARN  [lily-payments,de47b80d7fd3b22c07a2db97348034d3,7a0bae89e75d773f] 1 --- [scheduling-1] c.l.p.IssuerClient : Payment declined by issuer code=05 attempt=3
2024-01-15 10:26:54.810  WARN  [lily-payments,17e866b0a211d928e4d9e750607ebbdd,093a792ea2b3a8f2] 1 --- [http-nio-8080-exec-3] c.l.p.IssuerClient : Payment declined by issuer code=61 attempt=3
2024-01-15 10:26:55.100  WARN  [lily-payments,77228891316bed908df81fc9982936c6,5cff3e28a6964004] 1 --- [http-nio-8080-exec-3] c.l.p.IssuerClient : Payment declined by issuer code=51 attempt=2
2024-01-15 10:26:55.390  WARN  [lily-payments,e9a517712f31e34945a108911f75dfa4,684d3fbbb86a45fc] 1 --- [scheduling-1] c.l.p.IssuerClient : Payment declined by issuer code=05 attempt=2
2024-01-15 10:26:55.680  WARN  [lily-payments,71d6ac46bcf689c99cf63c4b19621048,0f212b57e536dcec] 1 --- [scheduling-1] c.l.p.IssuerClient : Payment declined by issuer code=05 attempt=2
2024-01-15 10:26:55.970  WARN  [lily-payments,e81cb152572177364837df3a28b0487c,749a834dcb1f4d45] 1 --- [http-nio-8080-exec-3] c.l.p.IssuerClient : Payment declined by issuer code=51 attempt=3
2024-01-15 10:26:56.260  WARN  [lily-payments,0aeddf3525c5c6a06d1e4b679375c45e,ea262e6087161260] 1 --- [scheduling-1] c.l.p.IssuerClient : Payment declined by issuer code=51 attempt=3
2024-01-15 10:26:56.550  WARN  [lily-payments,f67c123a3cf9cdc359311d194f79c022,d1521b5cbd25b80b] 1 --- [http-nio-8080-exec-1] c.l.p.IssuerClient : Payment declined by issuer code=51 attempt=2
2024-01-15 10:26:56.840  WARN  [lily-payments,431068f63f040493e9dfeb9269edaa4d,fb6e87ec7902923d] 1 --- [http-nio-8080-exec-7] c.l.p.IssuerClient : Payment declined by issuer code=51 attempt=2
2024-01-15 10:26:57.130  WARN  [lily-payments,73bd1fa71e3a2605c313787b4db65f25,5adceb18c0b2cb2a] 1 --- [scheduling-1] c.l.p.IssuerClient : Payment declined by issuer code=61 attempt=3
2024-01-15 10:26:57.420  WARN  [lily-payments,73b7ecaf94137262a592e6b906fb38ca,920752bb9272932a] 1 --- [scheduling-1] c.l.p.IssuerClient : Payment declined by issuer code=51 attempt=1
2024-01-15 10:26:57.710  WARN  [lily-payments,495418619c231a8e714897ca5e9ba292,46175e0e05018c2a] 1 --- [scheduling-1] c.l.p.IssuerClient : Payment declined by issuer code=05 attempt=1
2024-01-15 10:27:00.000  INFO  [lily-payments,dd8b084f0708a43cecb1111fa9b371d5,a7c11982b6150a0d] 1 --- [http-nio-8080-exec-1] c.l.p.PaymentService : Processed payment 97656 for account A-281 in 57 ms
2024-01-15 10:27:01.700  INFO  [lily-payments,80ff296e346677202330985e52572a52,695e11066d7cd546] 1 --- [scheduling-1] c.l.p.PaymentService : Processed payment 72582 for account A-801 in 39 ms
2024-01-15 10:27:03.400  INFO  [lily-payments,2537e710fb3f34d7fa950c5d04a0f000,102cb591ddb82b35] 1 --- [http-nio-8080-exec-7] c.l.p.PaymentService : Processed payment 18305 for account A-613 in 88 ms
2024-01-15 10:27:05.100  INFO  [lily-payments,5a6b7613118ff21979aeb14c7c50b72a,967833771a3d9b9b] 1 --- [http-nio-8080-exec-7] c.l.p.PaymentService : Processed payment 88797 for account A-994 in 46 ms
2024-01-15 10:27:06.800  INFO  [lily-payments,9e0f9705f6885bbd4b6a874ec2ec0c24,0bf035c38e1d8090] 1 --- [http-nio-8080-exec-3] c.l.p.PaymentService : Processed payment 41464 for account A-533 in 27 ms
2024-01-15 10:27:08.500  INFO  [lily-payments,05315ab9c347bed955c42faed60cf64b,a5057a3b8b31c90a] 1 --- [http-nio-8080-exec-7] c.l.p.PaymentService : Processed payment 15121 for account A-169 in 67 ms
2024-01-15 10:27:10.200  INFO  [lily-payments,7d484843fb4adf963eebdb5d70ed291a,655ce546427595c4] 1 --- [http-nio-8080-exec-7] c.l.p.PaymentService : Processed payment 14669 for account A-340 in 54 ms
2024-01-15 10:27:11.900  INFO  [lily-payments,9b9ce2273c76fb20cbc2cae6372b9b56,7c33815ef1db562a] 1 --- [scheduling-1] c.l.p.PaymentService : Processed payment 90996 for account A-882 in 45 ms
2024-01-15 10:27:13.600  INFO  [lily-payments,e1db198a76799db59b4c6a2978e81442,54ce51f4f6f65975] 1 --- [scheduling-1] c.l.p.PaymentService : Processed payment 18890 for account A-288 in 63 ms
2024-01-15 10:27:15.300  INFO  [lily-payments,f93a3b9d74918ef5aa5b7b5f355d9cfa,df217446ddd29ca4] 1 --- [scheduling-1] c.l.p.PaymentService : Processed payment 10526 for account A-284 in 17 ms
2024-01-15 10:27:17.000  INFO  [lily-payments,99a9738a0e138681553a8916e5527bf9,c77dad2f2db492ae] 1 --- [scheduling-1] c.l.p.PaymentService : Processed payment 20925 for account A-112 in 32 ms
2024-01-15 10:27:18.700  INFO  [lily-payments,06c6bed4dfbeb625a71787942713837e,36434e7f73660311] 1 --- [http-nio-8080-exec-1] c.l.p.PaymentService : Processed payment 80654 for account A-691 in 10 ms
2024-01-15 10:27:20.400  INFO  [lily-payments,3c46092abe33eda12b8eac65c0a019a2,57d26c8233c502e2] 1 --- [http-nio-8080-exec-1] c.l.p.PaymentService : Processed payment 91522 for account A-217 in 43 ms
2024-01-15 10:27:22.100  INFO  [lily-payments,1821ee187274921687b978af64c5e2d2,8d994309a365e87d] 1 --- [http-nio-8080-exec-3] c.l.p.PaymentService : Processed payment 97298 for account A-670 in 19 ms
2024-01-15 10:27:23.800  INFO  [lily-payments,29172c0eaa2b19f59e714ddc93af6f25,1707ed7bc3752c39] 1 --- [scheduling-1] c.l.p.PaymentService : Processed payment 85529 for account A-707 in 44 ms
2024-01-15 10:27:25.500  INFO  [lily-payments,c769bf475a62dc3183a08e37b5b729ec,5f394101958a5050] 1 --- [scheduling-1] c.l.p.PaymentService : Processed payment 29591 for account A-205 in 11 ms
2024-01-15 10:27:27.200  INFO  [lily-payments,f819d129101fc54fb09013eee2eea099,fe5c914b40b4452c] 1 --- [http-nio-8080-exec-1] c.l.p.PaymentService : Processed payment 83124 for account A-735 in 33 ms
2024-01-15 10:27:28.900  INFO  [lily-payments,3242b7beceeb821a900bec1c9561bcb7,98fefd5a50064817] 1 --- [http-nio-8080-exec-3] c.l.p.PaymentService : Processed payment 80207 for account A-236 in 77 ms
2024-01-15 10:27:30.600  INFO  [lily-payments,3f83492a1cb606201f535ab47392db7d,f7b9d0321ede9af1] 1 --- [http-nio-8080-exec-1] c.l.p.PaymentService : Processed payment 50632 for account A-811 in 69 ms
2024-01-15 10:27:32.300  INFO  [lily-payments,7c74a18f70f7e9a3a89be9a73a513b29,949d39046b555ba4] 1 --- [scheduling-1] c.l.p.PaymentService : Processed payment 39714 for account A-127 in 80 ms
2024-01-15 10:27:34.000  INFO  [lily-payments,6eee5b025d9101068fdc142c61143d49,b3f72e0ffd6a6a1b] 1 --- [http-nio-8080-exec-1] c.l.p.PaymentService : Processed payment 17937 for account A-829 in 30 ms
2024-01-15 10:27:35.700  INFO  [lily-payments,6692e130808c299282f03148be7db83c,50c5235ad327e1ca] 1 --- [http-nio-8080-exec-3] c.l.p.PaymentService : Processed payment 28710 for account A-881 in 55 ms
2024-01-15 10:27:37.400  INFO  [lily-payments,7694cecb969af7c16155f6143fa007fc,4001092a02f2577d] 1 --- [http-nio-8080-exec-7] c.l.p.PaymentService : Processed payment 95826 for account A-462 in 77 ms
2024-01-15 10:27:39.100  INFO  [lily-payments,5b9393158d6c708d330bab4ee79d401d,b80a7af386ea9ffb] 1 --- [http-nio-8080-exec-7] c.l.p.PaymentService : Processed payment 83326 for account A-239 in 44 ms
2024-01-15 10:27:40.800  INFO  [lily-payments,e66055a094307a36018d4c6eb165d6bf,36fe83c2e70b48e4] 1 --- [http-nio-8080-exec-7] c.l.p.PaymentService : Processed payment 49858 for account A-566 in 26 ms
2024-01-15 10:27:42.500  INFO  [lily-payments,b4d88779d546b5dedb3d0a8f59e1adb9,0102e350cc19050c] 1 --- [scheduling-1] c.l.p.PaymentService : Processed payment 37650 for account A-611 in 56 ms
2024-01-15 10:27:44.200  INFO  [lily-payments,5acae1b79a6c714cda6c989f16ab4701,f06629d3dc30c7c4] 1 --- [scheduling-1] c.l.p.PaymentService : Processed payment 10867 for account A-160 in 43 ms
2024-01-15 10:27:00.000  WARN  [lily-payments,46e903357f17084aa1cdd9b56d812c0b,5ab80ad2b68ee76a] 1 --- [scheduling-1] c.l.p.IssuerClient : Payment declined by issuer code=51 attempt=1
2024-01-15 10:27:00.290  WARN  [lily-payments,3799211143d717916dfc2b0e0c14a8f8,393d923ce3f44de4] 1 --- [scheduling-1] c.l.p.IssuerClient : Payment declined by issuer code=05 attempt=1
2024-01-15 10:27:00.580  WARN  [lily-payments,c358443a05f99a8c24be57b1ad2cc699,5a43a9e66f525779] 1 --- [scheduling-1] c.l.p.IssuerClient : Payment declined by issuer code=51 attempt=3
2024-01-15 10:27:00.870  WARN  [lily-payments,349f0e862bb7438ac80ef908a16324ca,581dbc41b6a000d3] 1 --- [http-nio-8080-exec-1] c.l.p.IssuerClient : Payment declined by issuer code=05 attempt=2
2024-01-15 10:27:01.160  WARN  [lily-payments,65469af5ea27b5d0ba2cdc91422f1c2a,7551e43ceda6592e] 1 --- [http-nio-8080-exec-3] c.l.p.IssuerClient : Payment declined by issuer code=61 attempt=1
2024-01-15 10:27:01.450  WARN  [lily-payments,430656ba74fd88897299cf5100a0b6cb,3112ae2c9f338924] 1 --- [http-nio-8080-exec-3] c.l.p.IssuerClient : Payment declined by issuer code=05 attempt=3
2024-01-15 10:27:01.740  WARN  [lily-payments,6d8d199a38e84dfd46061aa986697ede,42e9104cfedda928] 1 --- [http-nio-8080-exec-7] c.l.p.IssuerClient : Payment declined by issuer code=61 attempt=3
2024-01-15 10:27:02.030  WARN  [lily-payments,a9d45dffa6f58af5c7a5cbd0f0e5332e,ecfc18350938b59a] 1 --- [http-nio-8080-exec-1] c.l.p.IssuerClient : Payment declined by issuer code=05 attempt=1
2024-01-15 10:27:02.320  WARN  [lily-payments,8967b9fc6b963290e8ec463cd637491a,c5c1ef3b3b890ac8] 1 --- [http-nio-8080-exec-1] c.l.p.IssuerClient : Payment declined by issuer code=61 attempt=2
2024-01-15 10:27:02.610  WARN  [lily-payments,7eb6aaf4b74bfbf4a2946a40d970706a,3374bb1307a47fdb] 1 --- [http-nio-8080-exec-7] c.l.p.IssuerClient : Payment declined by issuer code=51 attempt=3
2024-01-15 10:27:02.900  WARN  [lily-payments,c920ce63d56632898c8d3c37112643ac,89c40cc04a2e4ccd] 1 --- [http-nio-8080-exec-3] c.l.p.IssuerClient : Payment declined by issuer code=05 attempt=1
2024-01-15 10:27:03.190  WARN  [lily-payments,d57bf570108f20ba081459fffb3f28fd,291acf6cc831dde8] 1 --- [http-nio-8080-exec-7] c.l.p.IssuerClient : Payment declined by issuer code=61 attempt=2
2024-01-15 10:27:03.480  WARN  [lily-payments,df76e288a451fe38b55f02b581316f44,5b2881b470072662] 1 --- [http-nio-8080-exec-1] c.l.p.IssuerClient : Payment declined by issuer code=61 attempt=2
2024-01-15 10:27:03.770  WARN  [lily-payments,285906d4aff58d166642c17b6079d155,fcf096e9d2c2d72f] 1 --- [scheduling-1] c.l.p.IssuerClient : Payment declined by issuer code=51 attempt=2
2024-01-15 10:27:04.060  WARN  [lily-payments,25ed52dc6584f6c2bcb7ed7f8e924920,aad85e292bc10351] 1 --- [http-nio-8080-exec-1] c.l.p.IssuerClient : Payment declined by issuer code=05 attempt=2
2024-01-15 10:27:04.350  WARN  [lily-payments,9d8675609a68cbbae129d621989062de,52ca29c4b0fcc25a] 1 --- [http-nio-8080-exec-7] c.l.p.IssuerClient : Payment declined by issuer code=51 attempt=3
2024-01-15 10:27:04.640  WARN  [lily-payments,338e3f24a935f216f60f2be5d47e1243,30703267b961a458] 1 --- [http-nio-8080-exec-7] c.l.p.IssuerClient : Payment declined by issuer code=61 attempt=2
2024-01-15 10:27:04.930  WARN  [lily-payments,135e2a47573974953623d9ca7ae00f5b,15b8fc9dea5dbaac] 1 --- [http-nio-8080-exec-1] c.l.p.IssuerClient : Payment declined by issuer code=61 attempt=3
2024-01-15 10:27:05.220  WARN  [lily-payments,72f8895da3a885f4577634b19d7cf2ca,93fadaf773a38877] 1 --- [scheduling-1] c.l.p.IssuerClient : Payment declined by issuer code=61 attempt=3
2024-01-15 10:27:05.510  WARN  [lily-payments,9522b3abd33e186f92f06d1cab6c520d,240f777ae6f6ed26] 1 --- [http-nio-8080-exec-1] c.l.p.IssuerClient : Payment declined by issuer code=05 attempt=3
2024-01-15 10:27:05.800  WARN  [lily-payments,2acd45f23f58bbd843c1dd653d7b2c50,7b2c0feee41292cc] 1 --- [http-nio-8080-exec-7] c.l.p.IssuerClient : Payment declined by issuer code=61 attempt=2
2024-01-15 10:27:06.090  WARN  [lily-payments,f272f45239fccf53b9e340a5e5ccf035,b9968ce4365e68ed] 1 --- [http-nio-8080-exec-1] c.l.p.IssuerClient : Payment declined by issuer code=61 attempt=1
2024-01-15 10:27:06.380  WARN  [lily-payments,8a481545384af120c9cb353146cee730,d7d6551642bee15c] 1 --- [scheduling-1] c.l.p.IssuerClient : Payment declined by issuer code=05 attempt=1
2024-01-15 10:27:06.670  WARN  [lily-payments,15dac9009544e0ee7a39adce48f3f922,5957d1f4cbe17bdd] 1 --- [http-nio-8080-exec-3] c.l.p.IssuerClient : Payment declined by issuer code=61 attempt=2
2024-01-15 10:27:06.960  WARN  [lily-payments,2bc434551060a96d3838be7be52ad008,309a7db0404cdc55] 1 --- [http-nio-8080-exec-1] c.l.p.IssuerClient : Payment declined by issuer code=05 attempt=2
2024-01-15 10:27:07.250  WARN  [lily-payments,29f229c236da511229697eb62c5eff2f,f37b886d4b1a74d5] 1 --- [scheduling-1] c.l.p.IssuerClient : Payment declined by issuer code=51 attempt=1
2024-01-15 10:27:07.540  WARN  [lily-payments,935ec65707d3627293b83caf9ba1bcf0,d77f34a14414f954] 1 --- [scheduling-1] c.l.p.IssuerClient : Payment declined by issuer code=05 attempt=3
2024-01-15 10:27:07.830  WARN  [lily-payments,6ff0630ff314abd0e90f86205e4c612b,38decc70b88a2718] 1 --- [scheduling-1] c.l.p.IssuerClient : Payment declined by issuer code=61 attempt=3
2024-01-15 10:27:08.120  WARN  [lily-payments,db4410aa3e836fe963cbe03d03eefae5,8ef486498808a336] 1 --- [http-nio-8080-exec-1] c.l.p.IssuerClient : Payment declined by issuer code=51 attempt=1
2024-01-15 10:27:08.410  WARN  [lily-payments,89d74528bcf66c84df2db67f5f7c6da7,043f20deaba278c3] 1 --- [scheduling-1] c.l.p.IssuerClient : Payment declined by issuer code=51 attempt=3
2024-01-15 10:27:08.700  WARN  [lily-payments,651a7a0790efb877bb22bc9cf8ffabbb,2a6222dac7de3d55] 1 --- [scheduling-1] c.l.p.IssuerClient : Payment declined by issuer code=61 attempt=3
2024-01-15 10:27:08.990  WARN  [lily-payments,53e793c2698cb6a5a260bd2254171d9c,854b80d98f34b311] 1 --- [http-nio-8080-exec-3] c.l.p.IssuerClient : Payment declined by issuer code=05 attempt=2
2024-01-15 10:27:09.280  WARN  [lily-payments,9013f896120e6cac96cd8c6fb0bd9f3e,59c48b58b9270513] 1 --- [http-nio-8080-exec-7] c.l.p.IssuerClient : Payment declined by issuer code=51 attempt=3
2024-01-15 10:27:09.570  WARN  [lily-payments,8c8077e5885e4754c7f8fdb4a3de5a6a,f66b6bdcc4a9325d] 1 --- [http-nio-8080-exec-1] c.l.p.IssuerClient : Payment declined by issuer code=05 attempt=1
2024-01-15 10:27:09.860  WARN  [lily-payments,d4cae16ab27f77dfe8d5b52a04799641,8f343f541c102081] 1 --- [http-nio-8080-exec-7] c.l.p.IssuerClient : Payment declined by issuer code=61 attempt=2
2024-01-15 10:27:10.150  WARN  [lily-payments,70d3919c1863dca89b51aade7ccfded8,01a60ea3f4b80a57] 1 --- [http-nio-8080-exec-7] c.l.p.IssuerClient : Payment declined by issuer code=05 attempt=2
2024-01-15 10:27:10.440  WARN  [lily-payments,2113d497cebbd7e45947de2123391a30,2ec23fc382945bfb] 1 --- [http-nio-8080-exec-3] c.l.p.IssuerClient : Payment declined by issuer code=51 attempt=1
2024-01-15 10:27:10.730  WARN  [lily-payments,7ced19d8c50423d3aaef2523e9e741d0,35a11d3a4aea4f7b] 1 --- [http-nio-8080-exec-3] c.l.p.IssuerClient : Payment declined by issuer code=05 attempt=1
2024-01-15 10:27:11.020  WARN  [lily-payments,2d9126ed3d0ca953ee5783cc26dade0d,00464861a8fafa80] 1 --- [http-nio-8080-exec-1] c.l.p.IssuerClient : Payment declined by issuer code=05 attempt=1
2024-01-15 10:27:11.310  WARN  [lily-payments,67bff785465853f42a1cc2d049dbec3c,5e1fc116f4fb69a8] 1 --- [scheduling-1] c.l.p.IssuerClient : Payment declined by issuer code=61 attempt=3
2024-01-15 10:27:11.600  WARN  [lily-payments,5b7bf0694cc6050a6af9cac546c70cd0,fcc57780ac5d3556] 1 --- [http-nio-8080-exec-3] c.l.p.IssuerClient : Payment declined by issuer code=05 attempt=1
2024-01-15 10:27:11.890  WARN  [lily-payments,7c251535a109a37c4b6ffa3b93575cc1,50381b81298da808] 1 --- [http-nio-8080-exec-1] c.l.p.IssuerClient : Payment declined by issuer code=61 attempt=3
2024-01-15 10:27:12.180  WARN  [lily-payments,6fe09df1603a3b3b68825204bb73e020,1b1a136013443181] 1 --- [http-nio-8080-exec-1] c.l.p.IssuerClient : Payment declined by issuer code=51 attempt=3
2024-01-15 10:27:12.470  WARN  [lily-payments,94a916d3ea730a4009df7d3fd9d42840,89fe484851952299] 1 --- [scheduling-1] c.l.p.IssuerClient : Payment declined by issuer code=51 attempt=2
2024-01-15 10:27:12.760  WARN  [lily-payments,f1830833a9fd95a884b31b8aa24081ac,b36d814ccd67815f] 1 --- [scheduling-1] c.l.p.IssuerClient : Payment declined by issuer code=05 attempt=2
2024-01-15 10:27:13.050  WARN  [lily-payments,cdc9001814a83463beec2a14f0421821,3f3294aa03dd5e0b] 1 --- [scheduling-1] c.l.p.IssuerClient : Payment declined by issuer code=05 attempt=1
2024-01-15 10:27:13.340  WARN  [lily-payments,05dd6cae372916ad3a4833025f9e4591,d25f60fb7c43fb15] 1 --- [scheduling-1] c.l.p.IssuerClient : Payment declined by issuer code=61 attempt=1
2024-01-15 10:27:13.630  WARN  [lily-payments,fafd5c24a7731105c53643c6b7616326,38e9b68aaa8d3392] 1 --- [http-nio-8080-exec-7] c.l.p.IssuerClient : Payment declined by issuer code=51 attempt=2
2024-01-15 10:27:13.920  WARN  [lily-payments,28c71ecade8394e076fa2daaf9e47fe4,f57a31904b2039d1] 1 --- [http-nio-8080-exec-3] c.l.p.IssuerClient : Payment declined by issuer code=51 attempt=1
2024-01-15 10:27:14.210  WARN  [lily-payments,d3b7bc16fa3dc18995167c0a0f7cfb16,42e8139f14ae58e7] 1 --- [http-nio-8080-exec-7] c.l.p.IssuerClient : Payment declined by issuer code=51 attempt=1
2024-01-15 10:27:14.500  WARN  [lily-payments,7e68ca5ec4eb5b26050e7fbda6b79bcd,42ee51593453f03e] 1 --- [scheduling-1] c.l.p.IssuerClient : Payment declined by issuer code=61 attempt=1
2024-01-15 10:27:14.790  WARN  [lily-payments,2bd05e6868b1bb8efcc69b747e5a6959,72727b096f956bd0] 1 --- [scheduling-1] c.l.p.IssuerClient : Payment declined by issuer code=05 attempt=3
2024-01-15 10:27:15.080  WARN  [lily-payments,21c174d9c5db7747ac2d06570e60a1d5,3d8f34121faad582] 1 --- [http-nio-8080-exec-1] c.l.p.IssuerClient : Payment declined by issuer code=05 attempt=1
2024-01-15 10:27:15.370  WARN  [lily-payments,54dc5ad41402ce68d83954f3a406f66b,aae5f465c2df96c3] 1 --- [http-nio-8080-exec-1] c.l.p.IssuerClient : Payment declined by issuer code=05 attempt=2
2024-01-15 10:27:15.660  WARN  [lily-payments,1f79d0370820f67f6589676e3f5fa294,ca25e8fafcec6d9a] 1 --- [http-nio-8080-exec-7] c.l.p.IssuerClient : Payment declined by issuer code=05 attempt=3
2024-01-15 10:27:15.950  WARN  [lily-payments,d62842d50e850150df9721c86aeb71a4,abede321bd802cb1] 1 --- [http-nio-8080-exec-1] c.l.p.IssuerClient : Payment declined by issuer code=51 attempt=3
2024-01-15 10:27:16.240  WARN  [lily-payments,bbb65f18261696947589303e2fb67eab,544cd45dda34bb3d] 1 --- [http-nio-8080-exec-7] c.l.p.IssuerClient : Payment declined by issuer code=05 attempt=2
2024-01-15 10:27:16.530  WARN  [lily-payments,5c607f3fe7ce71d949513ebe22b7c8a2,e38dfd7c4c40e1da] 1 --- [scheduling-1] c.l.p.IssuerClient : Payment declined by issuer code=51 attempt=3
2024-01-15 10:27:16.820  WARN  [lily-payments,422870e671cc674b3cfdb0d5a8a48775,c9bdae4e2f40019c] 1 --- [http-nio-8080-exec-3] c.l.p.IssuerClient : Payment declined by issuer code=51 attempt=2
2024-01-15 10:27:17.110  WARN  [lily-payments,bfaced73bb0bd2e16a47e01c87d1d02c,913ac9529765038b] 1 --- [http-nio-8080-exec-7] c.l.p.IssuerClient : Payment declined by issuer code=05 attempt=1
2024-01-15 10:27:17.400  WARN  [lily-payments,c5e93c72d52a2d6edd243d8b28b50b80,247585d7a721f663] 1 --- [scheduling-1] c.l.p.IssuerClient : Payment declined by issuer code=61 attempt=2
2024-01-15 10:27:17.690  WARN  [lily-payments,15ef4e6c8dbdf94a3cbf8596a2809170,f627813f84701cbb] 1 --- [http-nio-8080-exec-3] c.l.p.IssuerClient : Payment declined by issuer code=61 attempt=2
2024-01-15 10:27:17.980  WARN  [lily-payments,086790127af92c8cf02a5c8e7b0c3962,5898d00a5cc2c822] 1 --- [http-nio-8080-exec-7] c.l.p.IssuerClient : Payment declined by issuer code=05 attempt=1
2024-01-15 10:27:18.270  WARN  [lily-payments,83125a9d0707653d57b780b5b7b571b6,bbb2e6b28770a4f1] 1 --- [http-nio-8080-exec-3] c.l.p.IssuerClient : Payment declined by issuer code=51 attempt=3
2024-01-15 10:27:18.560  WARN  [lily-payments,8c94595b8d3415c0cd41279723f2a34a,b5bb1178d1b66d57] 1 --- [http-nio-8080-exec-1] c.l.p.IssuerClient : Payment declined by issuer code=05 attempt=1
2024-01-15 10:27:18.850  WARN  [lily-payments,a2019d8536faf3b21ec078c4611f173a,d82f562f582f4e80] 1 --- [scheduling-1] c.l.p.IssuerClient : Payment declined by issuer code=61 attempt=3
2024-01-15 10:27:19.140  WARN  [lily-payments,7779f59628d4639cd52a21bdc8e16137,071ad925510fcd91] 1 --- [scheduling-1] c.l.p.IssuerClient : Payment declined by issuer code=51 attempt=1
2024-01-15 10:27:19.430  WARN  [lily-payments,7158350a1edca5fd785025331bdfa209,780d0a79c732309c] 1 --- [http-nio-8080-exec-3] c.l.p.IssuerClient : Payment declined by issuer code=51 attempt=1
2024-01-15 10:27:19.720  WARN  [lily-payments,2e4cf262be3604813ebfa5d889fed4f7,0f5ce181dfbb97dd] 1 --- [http-nio-8080-exec-1] c.l.p.IssuerClient : Payment declined by issuer code=51 attempt=1
2024-01-15 10:27:20.010  WARN  [lily-payments,f9f3f110db40e3c3920df33e9aafe2bc,ef302890b43813e8] 1 --- [http-nio-8080-exec-7] c.l.p.IssuerClient : Payment declined by issuer code=05 attempt=1
2024-01-15 10:27:20.300  WARN  [lily-payments,69858b4beb61c13831a79d323d64686c,7f00c5dfb44ef363] 1 --- [http-nio-8080-exec-7] c.l.p.IssuerClient : Payment declined by issuer code=05 attempt=1
2024-01-15 10:27:20.590  WARN  [lily-payments,c1f6ef76b61998012d1d3e10d09a8820,253eb257e2d94f57] 1 --- [http-nio-8080-exec-3] c.l.p.IssuerClient : Payment declined by issuer code=51 attempt=1
2024-01-15 10:27:20.880  WARN  [lily-payments,9ec969afbbf5ad9bfe117c57c851b5b0,d912ae488c3466bc] 1 --- [http-nio-8080-exec-1] c.l.p.IssuerClient : Payment declined by issuer code=61 attempt=3
2024-01-15 10:27:21.170  WARN  [lily-payments,2bb102cbf533f68a1565eabad1274bcb,f48f5344e8aa035c] 1 --- [scheduling-1] c.l.p.IssuerClient : Payment declined by issuer code=51 attempt=2
2024-01-15 10:27:21.460  WARN  [lily-payments,92dd3f77354d2dec4f6d84eaa3d1a736,5ef229542efcd3fd] 1 --- [http-nio-8080-exec-1] c.l.p.IssuerClient : Payment declined by issuer code=05 attempt=2
2024-01-15 10:27:21.750  WARN  [lily-payments,6d3a45b73d0af90199b6db8c561c34be,d7205ee29a36db70] 1 --- [scheduling-1] c.l.p.IssuerClient : Payment declined by issuer code=51 attempt=3
2024-01-15 10:27:22.040  WARN  [lily-payments,39ff5132ff214a217085f0a0a94b2c22,b7d49ace5443dc83] 1 --- [scheduling-1] c.l.p.IssuerClient : Payment declined by issuer code=61 attempt=3
2024-01-15 10:27:22.330  WARN  [lily-payments,952332f3279426dba2866a71ab207a8b,a44c9039daf8bc52] 1 --- [http-nio-8080-exec-7] c.l.p.IssuerClient : Payment declined by issuer code=61 attempt=3
2024-01-15 10:27:22.620  WARN  [lily-payments,28d721f1ab9a1b0ed5bff688e66e3ae5,0cb9867eaf3adf16] 1 --- [http-nio-8080-exec-3] c.l.p.IssuerClient : Payment declined by issuer code=61 attempt=1
2024-01-15 10:27:22.910  WARN  [lily-payments,f780edb113e4f3771ae2f290b8e86b0b,cdee8caeb538cb67] 1 --- [http-nio-8080-exec-1] c.l.p.IssuerClient : Payment declined by issuer code=51 attempt=1
2024-01-15 10:27:23.200  WARN  [lily-payments,4f5431df4b3973176bc334851ffefcf1,47e1390f16df6f00] 1 --- [http-nio-8080-exec-1] c.l.p.IssuerClient : Payment declined by issuer code=61 attempt=2
2024-01-15 10:27:23.490  WARN  [lily-payments,6956efd2527f49767bc4263f663f6c0c,0b95a1e7304d094a] 1 --- [http-nio-8080-exec-3] c.l.p.IssuerClient : Payment declined by issuer code=05 attempt=1
2024-01-15 10:27:23.780  WARN  [lily-payments,806f1cab4671e227f39c94f0a6d4d21f,74909a8d4e20e8e1] 1 --- [scheduling-1] c.l.p.IssuerClient : Payment declined by issuer code=51 attempt=3
2024-01-15 10:27:24.070  WARN  [lily-payments,e55e42071f678d35f61c5c25f35f1a61,1335e885735195bd] 1 --- [http-nio-8080-exec-7] c.l.p.IssuerClient : Payment declined by issuer code=51 attempt=1
2024-01-15 10:27:24.360  WARN  [lily-payments,3458d2cfd712c480dfcf5f014b287503,8533275922985174] 1 --- [http-nio-8080-exec-1] c.l.p.IssuerClient : Payment declined by issuer code=51 attempt=2
2024-01-15 10:27:24.650  WARN  [lily-payments,90940e9f071bf86ef339892fd19d93bf,839c5f2b10f3520d] 1 --- [http-nio-8080-exec-1] c.l.p.IssuerClient : Payment declined by issuer code=51 attempt=2
2024-01-15 10:27:24.940  WARN  [lily-payments,17d248edad5b53b5d77909d62ef35e38,5286e2d73651f6ba] 1 --- [scheduling-1] c.l.p.IssuerClient : Payment declined by issuer code=05 attempt=3
2024-01-15 10:27:25.230  WARN  [lily-payments,d92e6ec697c3c204af4aa7ed18c6bfb4,e47863a685454b5b] 1 --- [scheduling-1] c.l.p.IssuerClient : Payment declined by issuer code=51 attempt=3
2024-01-15 10:27:25.520  WARN  [lily-payments,ebc3265c459d7e8a2174c115905a8bdb,88b164e7005c8a11] 1 --- [http-nio-8080-exec-3] c.l.p.IssuerClient : Payment declined by issuer code=51 attempt=2
2024-01-15 10:27:25.810  WARN  [lily-payments,aeb92ebb424b6de0f36b89c50b07dd14,d2bd30f38e6039a3] 1 --- [http-nio-8080-exec-3] c.l.p.IssuerClient : Payment declined by issuer code=61 attempt=1
2024-01-15 10:27:26.100  WARN  [lily-payments,b93b691bc951798a1718f1df3303935d,b7a53e36dc543037] 1 --- [scheduling-1] c.l.p.IssuerClient : Payment declined by issuer code=51 attempt=2
2024-01-15 10:27:26.390  WARN  [lily-payments,a7a6d4eb2e2ca4077ab537adfa2a2a71,eee101864cc989a7] 1 --- [http-nio-8080-exec-3] c.l.p.IssuerClient : Payment declined by issuer code=05 attempt=3
2024-01-15 10:27:26.680  WARN  [lily-payments,b5ba85796f8f09c7235ac50ac083f9e1,d7ce32c1c9797c94] 1 --- [http-nio-8080-exec-7] c.l.p.IssuerClient : Payment declined by issuer code=61 attempt=2
2024-01-15 10:27:26.970  WARN  [lily-payments,7cf47a3cf817c41d055e155d62184442,3577335d19d96a45] 1 --- [http-nio-8080-exec-1] c.l.p.IssuerClient : Payment declined by issuer code=51 attempt=3
2024-01-15 10:27:27.260  WARN  [lily-payments,74cbb7b8378ee7ff3342016e114702ee,c2fd0be668aa3ce3] 1 --- [scheduling-1] c.l.p.IssuerClient : Payment declined by issuer code=05 attempt=3
2024-01-15 10:27:27.550  WARN  [lily-payments,e1a8ed495d7a35800b3e36f00414c247,1a775b0945c48a70] 1 --- [http-nio-8080-exec-3] c.l.p.IssuerClient : Payment declined by issuer code=61 attempt=1
2024-01-15 10:27:27.840  WARN  [lily-payments,61ed034f8088c4228ab3cae6c147b92e,6c77a06fed5cc6bc] 1 --- [http-nio-8080-exec-7] c.l.p.IssuerClient : Payment declined by issuer code=61 attempt=1
2024-01-15 10:27:28.130  WARN  [lily-payments,4ac20b36ff7995eac6cbb660935788c3,3254c08374d6df17] 1 --- [http-nio-8080-exec-7] c.l.p.IssuerClient : Payment declined by issuer code=51 attempt=3
2024-01-15 10:27:28.420  WARN  [lily-payments,ddbcd52e4d406bc00331a1d851e3db40,9966b3cbc77feccd] 1 --- [http-nio-8080-exec-1] c.l.p.IssuerClient : Payment declined by issuer code=61 attempt=2
2024-01-15 10:27:28.710  WARN  [lily-payments,9f7af065dd577db8e83e0c0823b2f336,17729bd54a65970f] 1 --- [scheduling-1] c.l.p.IssuerClient : Payment declined by issuer code=05 attempt=1
2024-01-15 10:27:29.000  WARN  [lily-payments,4b254f82f592eefb14333bd3fb5015ab,deeaf0c16e71fd88] 1 --- [http-nio-8080-exec-7] c.l.p.IssuerClient : Payment declined by issuer code=05 attempt=3
2024-01-15 10:27:29.290  WARN  [lily-payments,f6b0082fdffb37be8de06ffb21b9a891,a89b7a57355a1c6c] 1 --- [scheduling-1] c.l.p.IssuerClient : Payment declined by issuer code=61 attempt=3
2024-01-15 10:27:29.580  WARN  [lily-payments,00c40c16797a6c431c4b9b367fd86cdf,e39b1fa441e5a301] 1 --- [http-nio-8080-exec-7] c.l.p.IssuerClient : Payment declined by issuer code=05 attempt=1
2024-01-15 10:27:29.870  WARN  [lily-payments,de4e293c75cd86744debd8a5652fd823,bcee08afb07495d0] 1 --- [http-nio-8080-exec-7] c.l.p.IssuerClient : Payment declined by issuer code=51 attempt=2
2024-01-15 10:27:30.160  WARN  [lily-payments,e4fe128f06e7c381f7df44544e927120,11ea46cab79369a0] 1 --- [http-nio-8080-exec-7] c.l.p.IssuerClient : Payment declined by issuer code=51 attempt=3
2024-01-15 10:27:30.450  WARN  [lily-payments,59fe67b91d3f2aad1116bcefc246dc02,24401b7c3609aafd] 1 --- [http-nio-8080-exec-1] c.l.p.IssuerClient : Payment declined by issuer code=51 attempt=1
2024-01-15 10:27:30.740  WARN  [lily-payments,7c2053909faddd23624a090ec0523822,2c62a4509f8f1309] 1 --- [http-nio-8080-exec-1] c.l.p.IssuerClient : Payment declined by issuer code=51 attempt=3
2024-01-15 10:27:31.030  WARN  [lily-payments,1a26183349c209767cb7db00758df94f,0bb2a62da8e3fefb] 1 --- [http-nio-8080-exec-7] c.l.p.IssuerClient : Payment declined by issuer code=51 attempt=3
2024-01-15 10:27:31.320  WARN  [lily-payments,a0f5b789b42686303b9633b3c8e956cb,df0d832bb75f79a3] 1 --- [scheduling-1] c.l.p.IssuerClient : Payment declined by issuer code=51 attempt=3
2024-01-15 10:27:31.610  WARN  [lily-payments,99931bbf882092ae5931219dfb1ff33c,2635cdf3bc5d06a9] 1 --- [scheduling-1] c.l.p.IssuerClient : Payment declined by issuer code=61 attempt=3
2024-01-15 10:27:31.900  WARN  [lily-payments,839875cd562a75f34dc66fa364acb4bf,51c0ed12969085db] 1 --- [http-nio-8080-exec-1] c.l.p.IssuerClient : Payment declined by issuer code=05 attempt=1
2024-01-15 10:27:32.190  WARN  [lily-payments,54500a9915e84e4da7d6ec6b81723599,20dd9ab8955eccb7] 1 --- [http-nio-8080-exec-3] c.l.p.IssuerClient : Payment declined by issuer code=51 attempt=3
2024-01-15 10:27:32.480  WARN  [lily-payments,4b79fa1d10e8e0d7562619cf7bb91de5,e6aa486c1ddad1c4] 1 --- [http-nio-8080-exec-3] c.l.p.IssuerClient : Payment declined by issuer code=51 attempt=3
2024-01-15 10:27:32.770  WARN  [lily-payments,19c208c67ff017504e406b83f31f936f,026db3a974b4fde7] 1 --- [scheduling-1] c.l.p.IssuerClient : Payment declined by issuer code=51 attempt=2
2024-01-15 10:27:33.060  WARN  [lily-payments,4e994e9d20da54f5a42b212d77e68bb4,acd756b07ed28022] 1 --- [http-nio-8080-exec-3] c.l.p.IssuerClient : Payment declined by issuer code=61 attempt=2
2024-01-15 10:27:33.350  WARN  [lily-payments,0da899605cb42ef86810421c366222de,7b8621adbe195c4e] 1 --- [http-nio-8080-exec-7] c.l.p.IssuerClient : Payment declined by issuer code=05 attempt=2
2024-01-15 10:27:33.640  WARN  [lily-payments,a8c1691cd12b1cad7ddb18662ec97bfe,b16a13801c3faa16] 1 --- [scheduling-1] c.l.p.IssuerClient : Payment declined by issuer code=61 attempt=2
2024-01-15 10:27:33.930  WARN  [lily-payments,f0c02bfc30e7514c0be6bcfd865a572d,5083912791bbba57] 1 --- [scheduling-1] c.l.p.IssuerClient : Payment declined by issuer code=05 attempt=1
2024-01-15 10:27:34.220  WARN  [lily-payments,4277f9a0284209d46ed9010be53f8649,957385c50f8f2feb] 1 --- [http-nio-8080-exec-7] c.l.p.IssuerClient : Payment declined by issuer code=51 attempt=3
2024-01-15 10:27:34.510  WARN  [lily-payments,3483503db3bd8511bb45a2825a0871ad,f61a01958f4a445f] 1 --- [scheduling-1] c.l.p.IssuerClient : Payment declined by issuer code=05 attempt=3
2024-01-15 10:27:34.800  WARN  [lily-payments,c66a2ef9218755d1fcc5324bbb7da9e7,801d2acbd7cf5263] 1 --- [http-nio-8080-exec-3] c.l.p.IssuerClient : Payment declined by issuer code=51 attempt=3
2024-01-15 10:27:35.090  WARN  [lily-payments,7f24e09aea2552b45a8360723b4bd7e8,878f7bb83d2b9689] 1 --- [http-nio-8080-exec-3] c.l.p.IssuerClient : Payment declined by issuer code=51 attempt=3
2024-01-15 10:27:35.380  WARN  [lily-payments,ae0819449587909bf12fdc510c212db6,ef119fe96aed9093] 1 --- [http-nio-8080-exec-3] c.l.p.IssuerClient : Payment declined by issuer code=61 attempt=2
2024-01-15 10:27:35.670  WARN  [lily-payments,41ed6712fdc6a081ad3189ad4d07b4d7,8de3413f20622c58] 1 --- [http-nio-8080-exec-7] c.l.p.IssuerClient : Payment declined by issuer code=51 attempt=3
2024-01-15 10:27:35.960  WARN  [lily-payments,0f32ea7c3b0174c22e60f622215eb124,5510c56d72a2322a] 1 --- [http-nio-8080-exec-1] c.l.p.IssuerClient : Payment declined by issuer code=05 attempt=1
2024-01-15 10:27:36.250  WARN  [lily-payments,41af7e73cdab99a99c5d4dc29ed9c894,1d78c8ca2db7b5c1] 1 --- [http-nio-8080-exec-7] c.l.p.IssuerClient : Payment declined by issuer code=61 attempt=2
2024-01-15 10:27:36.540  WARN  [lily-payments,cd7c303307d15158198198c44f6336e4,7aa6a7a76ef2020c] 1 --- [scheduling-1] c.l.p.IssuerClient : Payment declined by issuer code=05 attempt=3
2024-01-15 10:27:36.830  WARN  [lily-payments,2b99c71e14bd967fbd5a4a05b3b4a4f3,edbc71d642b38622] 1 --- [http-nio-8080-exec-1] c.l.p.IssuerClient : Payment declined by issuer code=61 attempt=1
2024-01-15 10:27:37.120  WARN  [lily-payments,e21227adefa71e65fcb1bca4741de90b,80fb55f1ea3bf732] 1 --- [http-nio-8080-exec-7] c.l.p.IssuerClient : Payment declined by issuer code=51 attempt=3
2024-01-15 10:27:37.410  WARN  [lily-payments,a877a265a59ab2fe646d26fdd5469ca1,610379b8c1867263] 1 --- [scheduling-1] c.l.p.IssuerClient : Payment declined by issuer code=51 attempt=3
2024-01-15 10:27:37.700  WARN  [lily-payments,c06cb546e848745e9fb3399e1f18b57b,3c02f7a6649077d8] 1 --- [http-nio-8080-exec-7] c.l.p.IssuerClient : Payment declined by issuer code=61 attempt=2
2024-01-15 10:27:37.990  WARN  [lily-payments,f6e6aa43e36ccfa35f940fb4875eb487,1e2a2f79afbcb683] 1 --- [http-nio-8080-exec-1] c.l.p.IssuerClient : Payment declined by issuer code=51 attempt=3
2024-01-15 10:27:38.280  WARN  [lily-payments,aedd5141765e22cb820c5d00e8b88a92,541e70ec127f9cf4] 1 --- [http-nio-8080-exec-7] c.l.p.IssuerClient : Payment declined by issuer code=05 attempt=2
2024-01-15 10:27:38.570  WARN  [lily-payments,41c46aec8cf61a2d4b5063be895ca8bc,18f22b2c1ce8da71] 1 --- [http-nio-8080-exec-7] c.l.p.IssuerClient : Payment declined by issuer code=61 attempt=3
2024-01-15 10:27:38.860  WARN  [lily-payments,7905da52d0b374e70f314a9356cae133,c2db803d2190ba27] 1 --- [scheduling-1] c.l.p.IssuerClient : Payment declined by issuer code=05 attempt=1
2024-01-15 10:27:39.150  WARN  [lily-payments,54d982d615cf7dbdeb0b2c0848c38776,f5efc56a7d893b8b] 1 --- [http-nio-8080-exec-7] c.l.p.IssuerClient : Payment declined by issuer code=51 attempt=2
2024-01-15 10:27:39.440  WARN  [lily-payments,438574b8f0fa5a989ed11f5c41977c70,1e0f9fd50bc97281] 1 --- [http-nio-8080-exec-7] c.l.p.IssuerClient : Payment declined by issuer code=05 attempt=1
2024-01-15 10:27:39.730  WARN  [lily-payments,31a2be2faaa13abf9814171e45237b70,d9029618256dc6e3] 1 --- [http-nio-8080-exec-7] c.l.p.IssuerClient : Payment declined by issuer code=61 attempt=1
2024-01-15 10:27:40.020  WARN  [lily-payments,870fde49be45e7f4c0b552cfea6cd9d0,cd1e3ed22d3cc8d5] 1 --- [http-nio-8080-exec-3] c.l.p.IssuerClient : Payment declined by issuer code=51 attempt=2
2024-01-15 10:27:40.310  WARN  [lily-payments,9954652b7a5da13e808c95822b70db2a,f3d3525c353890e2] 1 --- [scheduling-1] c.l.p.IssuerClient : Payment declined by issuer code=05 attempt=1
2024-01-15 10:27:40.600  WARN  [lily-payments,530b7ac8978cc8ae1b5c21a0fb1df21d,091165a53675c151] 1 --- [http-nio-8080-exec-3] c.l.p.IssuerClient : Payment declined by issuer code=61 attempt=1
2024-01-15 10:27:40.890  WARN  [lily-payments,a3c2ba3aef4165052e41c40e21b86158,a2238e5f13f7d718] 1 --- [http-nio-8080-exec-1] c.l.p.IssuerClient : Payment declined by issuer code=51 attempt=3
2024-01-15 10:27:41.180  WARN  [lily-payments,bfe43dd40dd1dccfee65aa61ab1cec3e,9661f8536f4a21e3] 1 --- [http-nio-8080-exec-1] c.l.p.IssuerClient : Payment declined by issuer code=05 attempt=1
2024-01-15 10:27:41.470  WARN  [lily-payments,eeeacb17d986c6a007e74edb6a5820d5,5f2969a3808419b6] 1 --- [http-nio-8080-exec-1] c.l.p.IssuerClient : Payment declined by issuer code=05 attempt=1
2024-01-15 10:27:41.760  WARN  [lily-payments,2cd190abbb0db1380c1c4b3e7c6942bd,310b885888b273f4] 1 --- [scheduling-1] c.l.p.IssuerClient : Payment declined by issuer code=05 attempt=1
2024-01-15 10:27:42.050  WARN  [lily-payments,3b90dcf2daa5abc81194640ae0571885,d8465ba38e1f413c] 1 --- [scheduling-1] c.l.p.IssuerClient : Payment declined by issuer code=61 attempt=1
2024-01-15 10:27:42.340  WARN  [lily-payments,fe928392df3cc916dd9d17926b1f3b17,dba0970b6953ed12] 1 --- [http-nio-8080-exec-3] c.l.p.IssuerClient : Payment declined by issuer code=61 attempt=1
2024-01-15 10:27:42.630  WARN  [lily-payments,b6b004b818ad922c96ea6148c3a1e561,d39135364655965f] 1 --- [http-nio-8080-exec-1] c.l.p.IssuerClient : Payment declined by issuer code=61 attempt=2
2024-01-15 10:27:42.920  WARN  [lily-payments,90afc594c1f24739ceb11a39d6926e3d,374f23a414bda925] 1 --- [http-nio-8080-exec-7] c.l.p.IssuerClient : Payment declined by issuer code=51 attempt=3
2024-01-15 10:27:43.210  WARN  [lily-payments,6f8768edf55bb5dfa53209d5f346181b,c03b7ba95fde976d] 1 --- [scheduling-1] c.l.p.IssuerClient : Payment declined by issuer code=05 attempt=3
2024-01-15 10:27:43.500  WARN  [lily-payments,8025c7cd8e5cfbc14e9db7cc8ec5b4c6,b103a48182026345] 1 --- [http-nio-8080-exec-1] c.l.p.IssuerClient : Payment declined by issuer code=05 attempt=2
2024-01-15 10:27:43.790  WARN  [lily-payments,1a00502076dc1f933098774d246a2659,e3efd37ee8f2db9e] 1 --- [http-nio-8080-exec-1] c.l.p.IssuerClient : Payment declined by issuer code=61 attempt=3
2024-01-15 10:27:44.080  WARN  [lily-payments,d15bac21ec47629568eac3e91b757793,f2334b3cbe7461c2] 1 --- [http-nio-8080-exec-1] c.l.p.IssuerClient : Payment declined by issuer code=05 attempt=2
2024-01-15 10:27:44.370  WARN  [lily-payments,e99b9021b831a26823e8694d7604ae86,e83377f523e507c5] 1 --- [scheduling-1] c.l.p.IssuerClient : Payment declined by issuer code=51 attempt=2
2024-01-15 10:27:44.660  WARN  [lily-payments,4cb8c84d3217c09a92be1aa190baee65,58ad55c0958e3e1a] 1 --- [http-nio-8080-exec-1] c.l.p.IssuerClient : Payment declined by issuer code=61 attempt=3
2024-01-15 10:27:44.950  WARN  [lily-payments,bc57ea0e268a6eb4c7a0fbeef86b9a9b,31a79cb04b61bb94] 1 --- [scheduling-1] c.l.p.IssuerClient : Payment declined by issuer code=51 attempt=1
2024-01-15 10:27:45.240  WARN  [lily-payments,0a138b82d8972bf387b563ebee7efdf9,f84d59f1bd04e18c] 1 --- [scheduling-1] c.l.p.IssuerClient : Payment declined by issuer code=05 attempt=3
2024-01-15 10:27:45.530  WARN  [lily-payments,52ab682022eae0cfbd63379a174e18db,c31171b928f8dc49] 1 --- [http-nio-8080-exec-1] c.l.p.IssuerClient : Payment declined by issuer code=61 attempt=3
2024-01-15 10:27:45.820  WARN  [lily-payments,be392f356f46b4ae52eb2645b38d524f,fd45f928718be8e2] 1 --- [http-nio-8080-exec-3] c.l.p.IssuerClient : Payment declined by issuer code=05 attempt=3
2024-01-15 10:27:46.110  WARN  [lily-payments,c91d1e9a0a50669acd97fa063bbdb6e8,e44bfbdd6e97f7b7] 1 --- [http-nio-8080-exec-1] c.l.p.IssuerClient : Payment declined by issuer code=51 attempt=1
2024-01-15 10:27:46.400  WARN  [lily-payments,1daa8606094489faf9e18a8b49ddf262,6b672952d9b3799f] 1 --- [http-nio-8080-exec-1] c.l.p.IssuerClient : Payment declined by issuer code=51 attempt=3
2024-01-15 10:27:46.690  WARN  [lily-payments,ffd2e354ad9bba6adaffad156cafaf83,d59341427d24b0b8] 1 --- [scheduling-1] c.l.p.IssuerClient : Payment declined by issuer code=51 attempt=2
2024-01-15 10:27:46.980  WARN  [lily-payments,c8fea4638cb49268b33b96f166cfc1c5,16d3a0316e1f0d45] 1 --- [scheduling-1] c.l.p.IssuerClient : Payment declined by issuer code=61 attempt=1
2024-01-15 10:27:47.270  WARN  [lily-payments,8abda5dac872a12a53fa1eaf86de9c21,6497f9582fb4c5f6] 1 --- [http-nio-8080-exec-3] c.l.p.IssuerClient : Payment declined by issuer code=61 attempt=3
2024-01-15 10:27:47.560  WARN  [lily-payments,c05cbfe367cd376be54527fab4bbff65,aeaab324bb604442] 1 --- [http-nio-8080-exec-1] c.l.p.IssuerClient : Payment declined by issuer code=05 attempt=3
2024-01-15 10:27:47.850  WARN  [lily-payments,4e106cde14eb0cfa12886f55b501618f,6b30c5e37223caea] 1 --- [scheduling-1] c.l.p.IssuerClient : Payment declined by issuer code=61 attempt=1
2024-01-15 10:27:48.140  WARN  [lily-payments,070a924688096d1ba4f04e0e25c89b46,64d6a62145ac12f9] 1 --- [http-nio-8080-exec-7] c.l.p.IssuerClient : Payment declined by issuer code=61 attempt=1
2024-01-15 10:27:48.430  WARN  [lily-payments,59e62944b184cf769927df05271c6691,a6397422729644af] 1 --- [scheduling-1] c.l.p.IssuerClient : Payment declined by issuer code=05 attempt=1
2024-01-15 10:27:48.720  WARN  [lily-payments,9f039bb20870e2f4ee8a720114d5f04e,7affab0725c026b2] 1 --- [scheduling-1] c.l.p.IssuerClient : Payment declined by issuer code=05 attempt=3
2024-01-15 10:27:49.010  WARN  [lily-payments,3bb086e4d45f2ede8c3262fad45cb1eb,8e41295886317152] 1 --- [scheduling-1] c.l.p.IssuerClient : Payment declined by issuer code=05 attempt=1
2024-01-15 10:27:49.300  WARN  [lily-payments,5b9ecdafdcb744bac4aea604b4181b61,0137318e31095b0f] 1 --- [http-nio-8080-exec-1] c.l.p.IssuerClient : Payment declined by issuer code=05 attempt=2
2024-01-15 10:27:49.590  WARN  [lily-payments,2a12061c1e3b1defc18580403674d42b,6907ab9d9ae64876] 1 --- [http-nio-8080-exec-7] c.l.p.IssuerClient : Payment declined by issuer code=51 attempt=2
2024-01-15 10:27:49.880  WARN  [lily-payments,5739dc696d8409fd9844f9ba0a95caa4,7cac8926b2009080] 1 --- [scheduling-1] c.l.p.IssuerClient : Payment declined by issuer code=51 attempt=3
2024-01-15 10:27:50.170  WARN  [lily-payments,1271ae44f9a205a8872694e202e9ea42,0ddcfc126d521c10] 1 --- [http-nio-8080-exec-3] c.l.p.IssuerClient : Payment declined by issuer code=61 attempt=2
2024-01-15 10:27:50.460  WARN  [lily-payments,7be2b07b1632d495b41d0a5410b28922,da1cbd8f1c3fe89a] 1 --- [http-nio-8080-exec-7] c.l.p.IssuerClient : Payment declined by issuer code=05 attempt=2
2024-01-15 10:27:50.750  WARN  [lily-payments,09b16cb5b845c4e576a7f26ffdec62d1,2544509825a4914b] 1 --- [http-nio-8080-exec-7] c.l.p.IssuerClient : Payment declined by issuer code=05 attempt=1
2024-01-15 10:27:51.040  WARN  [lily-payments,63a54567a92fffe93ff07e962ac08b83,f1afff84cbad322c] 1 --- [http-nio-8080-exec-7] c.l.p.IssuerClient : Payment declined by issuer code=61 attempt=1
2024-01-15 10:27:51.330  WARN  [lily-payments,fff0a067c7d42c7515f4dc424cfc23fb,705c4f84982aac70] 1 --- [http-nio-8080-exec-3] c.l.p.IssuerClient : Payment declined by issuer code=05 attempt=2
2024-01-15 10:27:51.620  WARN  [lily-payments,7af70446e154e265a3c133c518f21a27,7f7a765367bae3fc] 1 --- [scheduling-1] c.l.p.IssuerClient : Payment declined by issuer code=05 attempt=2
2024-01-15 10:27:51.910  WARN  [lily-payments,3c859d052edef3dff6f78c23df08221d,20af0a2fa5f9c239] 1 --- [http-nio-8080-exec-3] c.l.p.IssuerClient : Payment declined by issuer code=05 attempt=3
2024-01-15 10:27:52.200  WARN  [lily-payments,10748e44083da4c9e7a5eaee0cbb0c51,2b22ba181d69bddb] 1 --- [http-nio-8080-exec-7] c.l.p.IssuerClient : Payment declined by issuer code=05 attempt=2
2024-01-15 10:27:52.490  WARN  [lily-payments,2ef634d9bdec4c0214aa2ba25deee6c3,f8c20d0a6681c0c0] 1 --- [http-nio-8080-exec-1] c.l.p.IssuerClient : Payment declined by issuer code=05 attempt=3
2024-01-15 10:27:52.780  WARN  [lily-payments,f4c0c2b9ebcbe8d5f48e711baf03b80c,5867a1d15d611d42] 1 --- [http-nio-8080-exec-3] c.l.p.IssuerClient : Payment declined by issuer code=61 attempt=2
2024-01-15 10:27:53.070  WARN  [lily-payments,566cc3dad41c62b84b47aca58b72ec79,127c9c1cd893430c] 1 --- [http-nio-8080-exec-7] c.l.p.IssuerClient : Payment declined by issuer code=51 attempt=1
2024-01-15 10:27:53.360  WARN  [lily-payments,b961dcbdda413c3cf0e1d5b60345e949,8dfbc941b10132bd] 1 --- [http-nio-8080-exec-7] c.l.p.IssuerClient : Payment declined by issuer code=61 attempt=2
2024-01-15 10:27:53.650  WARN  [lily-payments,7a0cb4b2ffe742c1a4c70466a70c84c0,753cc2a9c0238523] 1 --- [http-nio-8080-exec-7] c.l.p.IssuerClient : Payment declined by issuer code=51 attempt=1
2024-01-15 10:27:53.940  WARN  [lily-payments,8182729e401fb65e9b09ed3ce2e51c20,ea5cfcddd14d34f8] 1 --- [http-nio-8080-exec-7] c.l.p.IssuerClient : Payment declined by issuer code=51 attempt=1
2024-01-15 10:27:54.230  WARN  [lily-payments,48e38cc2f2dc626d8280e08bdf0b067f,354878fda1f770c2] 1 --- [scheduling-1] c.l.p.IssuerClient : Payment declined by issuer code=51 attempt=3
2024-01-15 10:27:54.520  WARN  [lily-payments,d76e74e2589c3f1e4cf3e506ee8a9336,459e4902f4d94c66] 1 --- [scheduling-1] c.l.p.IssuerClient : Payment declined by issuer code=51 attempt=1
2024-01-15 10:27:54.810  WARN  [lily-payments,259b8530eae66a2ec17057d9be59c6c7,34c2c2718ef49315] 1 --- [scheduling-1] c.l.p.IssuerClient : Payment declined by issuer code=61 attempt=1
2024-01-15 10:27:55.100  WARN  [lily-payments,2ab24aab2c4ac51ab7bc83454bf095f1,b5a5f58f14771436] 1 --- [scheduling-1] c.l.p.IssuerClient : Payment declined by issuer code=05 attempt=3
2024-01-15 10:27:55.390  WARN  [lily-payments,d9361df886ad4753f937e459ccb7f534,75f6b611b1edbce2] 1 --- [http-nio-8080-exec-7] c.l.p.IssuerClient : Payment declined by issuer code=61 attempt=1
2024-01-15 10:27:55.680  WARN  [lily-payments,7c8b88e7215bdb943b40c595103c692b,0ebf0a17c707416d] 1 --- [http-nio-8080-exec-1] c.l.p.IssuerClient : Payment declined by issuer code=05 attempt=2
2024-01-15 10:27:55.970  WARN  [lily-payments,a670d1f31d5c7f42f0034fc61e5bf964,fa40ae96bf2bd03c] 1 --- [http-nio-8080-exec-7] c.l.p.IssuerClient : Payment declined by issuer code=51 attempt=2
2024-01-15 10:27:56.260  WARN  [lily-payments,b1147c55a73bfa87cb3d7e37f93695c7,370196df59b44ff0] 1 --- [scheduling-1] c.l.p.IssuerClient : Payment declined by issuer code=61 attempt=3
2024-01-15 10:27:56.550  WARN  [lily-payments,a09bf8cf1e6cfac10d9dd4c986d9ea2d,fab4ce469f5b9df0] 1 --- [http-nio-8080-exec-1] c.l.p.IssuerClient : Payment declined by issuer code=05 attempt=3
2024-01-15 10:27:56.840  WARN  [lily-payments,5b3075b30f9dd07cef5450ef7ec54929,eea58ebef4c1d2af] 1 --- [http-nio-8080-exec-7] c.l.p.IssuerClient : Payment declined by issuer code=61 attempt=2
2024-01-15 10:27:57.130  WARN  [lily-payments,7a69297e610ee059340037f0dcea47b9,c1d6f0f7fa5b0841] 1 --- [http-nio-8080-exec-1] c.l.p.IssuerClient : Payment declined by issuer code=61 attempt=2
2024-01-15 10:27:57.420  WARN  [lily-payments,e28053c9321b7e8f222c33fc064fa776,816f3159db39f045] 1 --- [http-nio-8080-exec-1] c.l.p.IssuerClient : Payment declined by issuer code=61 attempt=2
2024-01-15 10:27:57.710  WARN  [lily-payments,b63a65a87d4d62d2849c2034aa44f1e5,2148f7938cc4ccf4] 1 --- [http-nio-8080-exec-1] c.l.p.IssuerClient : Payment declined by issuer code=61 attempt=3
2024-01-15 10:28:00.000  INFO  [lily-payments,34dd044b38c0676ad5ee42c5516d6578,4226b1aa20791cd4] 1 --- [http-nio-8080-exec-1] c.l.p.PaymentService : Processed payment 28381 for account A-188 in 88 ms
2024-01-15 10:28:01.700  INFO  [lily-payments,4cf6a81aad92cb0a11fd1df3157c36b6,12c602aa1e460508] 1 --- [scheduling-1] c.l.p.PaymentService : Processed payment 11154 for account A-488 in 80 ms
2024-01-15 10:28:03.400  INFO  [lily-payments,3be811173994b8a44fcbf8848afd4a43,bd990a3c6581cd13] 1 --- [http-nio-8080-exec-7] c.l.p.PaymentService : Processed payment 59662 for account A-374 in 51 ms
2024-01-15 10:28:05.100  INFO  [lily-payments,51d2cf371c01bbead0dc17001454637a,c3a27e491526be9e] 1 --- [http-nio-8080-exec-1] c.l.p.PaymentService : Processed payment 50487 for account A-829 in 48 ms
2024-01-15 10:28:06.800  INFO  [lily-payments,26917415f496761724ac2a9e4702c3d9,f0797c71b3c9fdc1] 1 --- [http-nio-8080-exec-1] c.l.p.PaymentService : Processed payment 13510 for account A-348 in 84 ms
2024-01-15 10:28:08.500  INFO  [lily-payments,e1eef1f3bf62754c41617c41b8fb6f2f,59b56fcd6b04e81a] 1 --- [http-nio-8080-exec-7] c.l.p.PaymentService : Processed payment 49444 for account A-149 in 35 ms
2024-01-15 10:28:10.200  INFO  [lily-payments,0f800a2ca26574c0d0d16e13e900ae4b,b72ac1e7b8f8194e] 1 --- [http-nio-8080-exec-3] c.l.p.PaymentService : Processed payment 70715 for account A-193 in 32 ms
2024-01-15 10:28:11.900  INFO  [lily-payments,e8f46f3c2d2b855522a277b1ba297fb8,ecf586e250a559f7] 1 --- [scheduling-1] c.l.p.PaymentService : Processed payment 97826 for account A-100 in 52 ms
2024-01-15 10:28:13.600  INFO  [lily-payments,7f5e612775c847719f1dd0cb1e866644,f6db3d000c5d8776] 1 --- [http-nio-8080-exec-3] c.l.p.PaymentService : Processed payment 21388 for account A-350 in 37 ms
2024-01-15 10:28:15.300  INFO  [lily-payments,0fc97c264de62c31f5154dc82a1146f9,792f15f9218aec77] 1 --- [http-nio-8080-exec-7] c.l.p.PaymentService : Processed payment 95943 for account A-945 in 38 ms
2024-01-15 10:28:17.000  INFO  [lily-payments,da969a9e611a58edfc023fe752d93ba4,5d784da96ff456be] 1 --- [http-nio-8080-exec-1] c.l.p.PaymentService : Processed payment 46854 for account A-442 in 34 ms
2024-01-15 10:28:18.700  INFO  [lily-payments,747f023fd868db30c9bb88c8249d402a,b4b5d2a4208324e3] 1 --- [http-nio-8080-exec-1] c.l.p.PaymentService : Processed payment 62489 for account A-285 in 17 ms
2024-01-15 10:28:20.400  INFO  [lily-payments,ab241c2ad61061c023cdc827d8d0d2ea,4a3a4638868a61db] 1 --- [http-nio-8080-exec-7] c.l.p.PaymentService : Processed payment 48994 for account A-835 in 76 ms
2024-01-15 10:28:22.100  INFO  [lily-payments,e3ac632105d6c612002c32efa869dbfa,276a7569346cb95c] 1 --- [scheduling-1] c.l.p.PaymentService : Processed payment 71567 for account A-303 in 85 ms
2024-01-15 10:28:23.800  INFO  [lily-payments,b48ffead1abe98c28d716489d9636888,70d89d0592f94866] 1 --- [http-nio-8080-exec-7] c.l.p.PaymentService : Processed payment 31225 for account A-981 in 55 ms
2024-01-15 10:28:25.500  INFO  [lily-payments,f556d7465d079e943484c7d66596a7ba,e0757b46e2a8dc5c] 1 --- [http-nio-8080-exec-7] c.l.p.PaymentService : Processed payment 99540 for account A-464 in 72 ms
2024-01-15 10:28:27.200  INFO  [lily-payments,d2054f95cce7dba1ebdccde4fc788973,b3e304ec4623055a] 1 --- [http-nio-8080-exec-3] c.l.p.PaymentService : Processed payment 18996 for account A-116 in 42 ms
2024-01-15 10:28:28.900  INFO  [lily-payments,a1707fbb310e10f4c971c2de7e2c9177,bc81d3c402985629] 1 --- [http-nio-8080-exec-1] c.l.p.PaymentService : Processed payment 52214 for account A-206 in 24 ms
2024-01-15 10:28:30.600  INFO  [lily-payments,5bf2f304988957ef7b2431aa8d38e18c,e01537e71fa593a2] 1 --- [scheduling-1] c.l.p.PaymentService : Processed payment 31525 for account A-455 in 19 ms
2024-01-15 10:28:32.300  INFO  [lily-payments,c358a837f65d137d98a79c3689930ceb,7b8df682a5b7d0ce] 1 --- [http-nio-8080-exec-1] c.l.p.PaymentService : Processed payment 71486 for account A-422 in 9 ms
2024-01-15 10:28:34.000  INFO  [lily-payments,e5ff79587df5b422b969b85722517516,0501737fbd3fcdf4] 1 --- [http-nio-8080-exec-1] c.l.p.PaymentService : Processed payment 11238 for account A-188 in 29 ms
2024-01-15 10:28:35.700  INFO  [lily-payments,7ff52f3e5cb5d50640c43e10799aac4e,8b60b6fb6f9ad429] 1 --- [scheduling-1] c.l.p.PaymentService : Processed payment 96621 for account A-934 in 21 ms
2024-01-15 10:28:37.400  INFO  [lily-payments,ce24b5250260d3dcfbf4e10f8fb2118f,2cde4b1c91dd4293] 1 --- [scheduling-1] c.l.p.PaymentService : Processed payment 37079 for account A-762 in 16 ms
2024-01-15 10:28:39.100  INFO  [lily-payments,a0af4770a897bd03710ad810236ccfa5,156e70908cb53f76] 1 --- [scheduling-1] c.l.p.PaymentService : Processed payment 32931 for account A-511 in 76 ms
2024-01-15 10:28:40.800  INFO  [lily-payments,65a5e2e7f19dfc9f830a5464e5b8f478,7c2a54d9218f0c4e] 1 --- [scheduling-1] c.l.p.PaymentService : Processed payment 56423 for account A-139 in 80 ms
2024-01-15 10:28:42.500  INFO  [lily-payments,13187fadad93e2de6760a8cf2c0cf467,a03b0c16aa0195b3] 1 --- [scheduling-1] c.l.p.PaymentService : Processed payment 75303 for account A-128 in 33 ms
2024-01-15 10:28:44.200  INFO  [lily-payments,9d52b27fe57cb77dc9dcfe79cd241957,48ff31215994c138] 1 --- [scheduling-1] c.l.p.PaymentService : Processed payment 60915 for account A-396 in 63 ms
2024-01-15 10:28:45.900  INFO  [lily-payments,6ad68eb9f8f49dd320b32337d67eeed6,08d304fac1714e12] 1 --- [http-nio-8080-exec-1] c.l.p.PaymentService : Processed payment 95322 for account A-611 in 22 ms
2024-01-15 10:28:47.600  INFO  [lily-payments,603bc0508c9820988e8cb632e406a628,cf35a1e945bbc064] 1 --- [http-nio-8080-exec-1] c.l.p.PaymentService : Processed payment 55905 for account A-904 in 13 ms
2024-01-15 10:28:00.000  WARN  [lily-payments,674991d2941e42eeee05ae3e7e91c16a,0ce8c4fbaa59f963] 1 --- [scheduling-1] c.l.p.IssuerClient : Payment declined by issuer code=61 attempt=2
2024-01-15 10:28:00.290  WARN  [lily-payments,83f04bb5beb8061437bb8345d70438c4,1cfa5d9842c512a2] 1 --- [http-nio-8080-exec-3] c.l.p.IssuerClient : Payment declined by issuer code=05 attempt=3
2024-01-15 10:28:00.580  WARN  [lily-payments,149561fef0759116eb8465dd8fcbbafe,82d9cc3b4934c731] 1 --- [scheduling-1] c.l.p.IssuerClient : Payment declined by issuer code=51 attempt=3
2024-01-15 10:28:00.870  WARN  [lily-payments,ac68b54985244a41827761117085d934,24cff2d85c64c4b1] 1 --- [http-nio-8080-exec-7] c.l.p.IssuerClient : Payment declined by issuer code=61 attempt=2
2024-01-15 10:28:01.160  WARN  [lily-payments,a402d9b2a9729f4d81a12c6fdfc8e0cc,8b4c1602543f17b8] 1 --- [http-nio-8080-exec-1] c.l.p.IssuerClient : Payment declined by issuer code=61 attempt=3
2024-01-15 10:28:01.450  WARN  [lily-payments,46182271a60ae73e97a4db4ff09009d1,cb197f63e77605a1] 1 --- [http-nio-8080-exec-1] c.l.p.IssuerClient : Payment declined by issuer code=51 attempt=1
2024-01-15 10:28:01.740  WARN  [lily-payments,0b78d1824f7aa4c7b58d5ec92c37f868,162cac8f4deef405] 1 --- [http-nio-8080-exec-1] c.l.p.IssuerClient : Payment declined by issuer code=05 attempt=2
2024-01-15 10:28:02.030  WARN  [lily-payments,d0135aa27ad1479ac2ea7cea1a94fae1,279f8c8d22963655] 1 --- [http-nio-8080-exec-7] c.l.p.IssuerClient : Payment declined by issuer code=61 attempt=1
2024-01-15 10:28:02.320  WARN  [lily-payments,d15928fe1cdbf1dcccdcf151345abeb9,290e4b327ecef627] 1 --- [http-nio-8080-exec-3] c.l.p.IssuerClient : Payment declined by issuer code=61 attempt=2
2024-01-15 10:28:02.610  WARN  [lily-payments,f76975cc307bb4e317406b1df1c4c107,942563e3665ccedd] 1 --- [scheduling-1] c.l.p.IssuerClient : Payment declined by issuer code=61 attempt=1
2024-01-15 10:28:02.900  WARN  [lily-payments,135dccbe8f8a68e65ba31c0831d59902,ad35b4bd388c72ef] 1 --- [http-nio-8080-exec-1] c.l.p.IssuerClient : Payment declined by issuer code=51 attempt=2
2024-01-15 10:28:03.190  WARN  [lily-payments,e9e2ceb01681229bcac5e0b669047ed0,26ce0e0c395ef090] 1 --- [http-nio-8080-exec-3] c.l.p.IssuerClient : Payment declined by issuer code=61 attempt=1
2024-01-15 10:28:03.480  WARN  [lily-payments,ea5b53b5ada44676ed0638dc9ee03bbc,20e26c502e40d742] 1 --- [http-nio-8080-exec-1] c.l.p.IssuerClient : Payment declined by issuer code=51 attempt=3
2024-01-15 10:28:03.770  WARN  [lily-payments,dfab9bb4b05a2f9b228dbecaae21d6d8,3b6a850ee6068825] 1 --- [http-nio-8080-exec-1] c.l.p.IssuerClient : Payment declined by issuer code=05 attempt=1
2024-01-15 10:28:04.060  WARN  [lily-payments,f69e0cb82107fc5ea99959f02ccbb47f,217d73b07bccb390] 1 --- [http-nio-8080-exec-1] c.l.p.IssuerClient : Payment declined by issuer code=61 attempt=2
2024-01-15 10:28:04.350  WARN  [lily-payments,5451f40429f3a78e27fdee8d10bfc69f,d4e4d21eea658287] 1 --- [scheduling-1] c.l.p.IssuerClient : Payment declined by issuer code=61 attempt=3
2024-01-15 10:28:04.640  WARN  [lily-payments,0f762370f8059e2db527875b33d4a9cc,179f6fe5b33402b0] 1 --- [http-nio-8080-exec-1] c.l.p.IssuerClient : Payment declined by issuer code=61 attempt=1
2024-01-15 10:28:04.930  WARN  [lily-payments,4e81da3a6554ea87832c5d913260c945,113368ec72f06bf4] 1 --- [http-nio-8080-exec-3] c.l.p.IssuerClient : Payment declined by issuer code=51 attempt=1
2024-01-15 10:28:05.220  WARN  [lily-payments,0a8d835b9f73c97210ffe8629bba8fe6,0001b22d78a49d8d] 1 --- [scheduling-1] c.l.p.IssuerClient : Payment declined by issuer code=05 attempt=1
2024-01-15 10:28:05.510  WARN  [lily-payments,cc840673d401916a22263e1a41ef17f8,01cb8c378aae4f56] 1 --- [http-nio-8080-exec-7] c.l.p.IssuerClient : Payment declined by issuer code=05 attempt=1
2024-01-15 10:28:05.800  WARN  [lily-payments,225f5b1ca933a2ac45453b9715db3795,d96a1d6b20b22717] 1 --- [http-nio-8080-exec-1] c.l.p.IssuerClient : Payment declined by issuer code=05 attempt=1
2024-01-15 10:28:06.090  WARN  [lily-payments,f8b18f93f47531d0574de659a2c4970d,c188b40493ee91ed] 1 --- [http-nio-8080-exec-3] c.l.p.IssuerClient : Payment declined by issuer code=51 attempt=3
2024-01-15 10:28:06.380  WARN  [lily-payments,ae6e4a61c10b21743184c68570f9f09c,2920e9062858a7d5] 1 --- [http-nio-8080-exec-1] c.l.p.IssuerClient : Payment declined by issuer code=61 attempt=1
2024-01-15 10:28:06.670  WARN  [lily-payments,47c85e1263e3c93ac397bc460d1cf425,90919bdb5a0f8191] 1 --- [http-nio-8080-exec-7] c.l.p.IssuerClient : Payment declined by issuer code=51 attempt=2
2024-01-15 10:28:06.960  WARN  [lily-payments,d8f61bcba366a99a7ee8ec4cc483dcc5,1e4921029371e616] 1 --- [http-nio-8080-exec-1] c.l.p.IssuerClient : Payment declined by issuer code=61 attempt=3
2024-01-15 10:28:07.250  WARN  [lily-payments,22e69c4fa24d7d610ea184662b7e749b,6a312e3c7df76890] 1 --- [scheduling-1] c.l.p.IssuerClient : Payment declined by issuer code=61 attempt=2
2024-01-15 10:28:07.540  WARN  [lily-payments,735e271da0edd81a7fb08de107a9f1a5,df1e4aaeed5cfb08] 1 --- [http-nio-8080-exec-3] c.l.p.IssuerClient : Payment declined by issuer code=61 attempt=2
2024-01-15 10:28:07.830  WARN  [lily-payments,d66b4ce99ea9471ef664e3767b4e6a8a,9173d1948ea68c8b] 1 --- [scheduling-1] c.l.p.IssuerClient : Payment declined by issuer code=61 attempt=3
2024-01-15 10:28:08.120  WARN  [lily-payments,d659f525bc602c01af657ddaf0b52630,c6da1177c6f45b03] 1 --- [http-nio-8080-exec-3] c.l.p.IssuerClient : Payment declined by issuer code=61 attempt=1
2024-01-15 10:28:08.410  WARN  [lily-payments,facbcfa76a240aeeb2f30043a493497e,95494d141bd92370] 1 --- [http-nio-8080-exec-7] c.l.p.IssuerClient : Payment declined by issuer code=51 attempt=3
2024-01-15 10:28:08.700  WARN  [lily-payments,11d911265e178a46bc811a43b503d384,193df4645e258c15] 1 --- [http-nio-8080-exec-3] c.l.p.IssuerClient : Payment declined by issuer code=05 attempt=1
2024-01-15 10:28:08.990  WARN  [lily-payments,0d187acbb539c822c613a020f58935c8,18b7a7c1b5097a6c] 1 --- [http-nio-8080-exec-3] c.l.p.IssuerClient : Payment declined by issuer code=61 attempt=3
2024-01-15 10:28:09.280  WARN  [lily-payments,e7e4f0267b7c8660e02ff0f63af766b5,a352e6fc2d8ebbda] 1 --- [scheduling-1] c.l.p.IssuerClient : Payment declined by issuer code=05 attempt=2
2024-01-15 10:28:09.570  WARN  [lily-payments,28de1bd225fb4b39120c11badc2e864d,1bee9e4caaf9a113] 1 --- [http-nio-8080-exec-7] c.l.p.IssuerClient : Payment declined by issuer code=05 attempt=1
2024-01-15 10:28:09.860  WARN  [lily-payments,404ef797797a0b307d5f65c7e69c507f,383185e0047b37cd] 1 --- [http-nio-8080-exec-3] c.l.p.IssuerClient : Payment declined by issuer code=61 attempt=1
2024-01-15 10:28:10.150  WARN  [lily-payments,d13238a342d38456eb9fe4fcd008fb3c,8e3559e23163d75d] 1 --- [scheduling-1] c.l.p.IssuerClient : Payment declined by issuer code=51 attempt=3
2024-01-15 10:28:10.440  WARN  [lily-payments,65dc640f49256cb059db0c1ca20c79f5,414d3c214adf5807] 1 --- [scheduling-1] c.l.p.IssuerClient : Payment declined by issuer code=05 attempt=3
2024-01-15 10:28:10.730  WARN  [lily-payments,337b4f61e3e178458e3a953b9ed60c5c,4356c4c29246d672] 1 --- [http-nio-8080-exec-1] c.l.p.IssuerClient : Payment declined by issuer code=51 attempt=3
2024-01-15 10:28:11.020  WARN  [lily-payments,1d20f472f6c3939416aeb6150bce9264,f66307f0642e64dd] 1 --- [http-nio-8080-exec-7] c.l.p.IssuerClient : Payment declined by issuer code=51 attempt=2
2024-01-15 10:28:11.310  WARN  [lily-payments,792f03ceb5b5b71f69e92e38076a4295,9aa0be160537e2e6] 1 --- [http-nio-8080-exec-7] c.l.p.IssuerClient : Payment declined by issuer code=51 attempt=1
2024-01-15 10:28:11.600  WARN  [lily-payments,7c569f00ff9c853dd3980f222fdaa044,8e83235ea65f528f] 1 --- [http-nio-8080-exec-7] c.l.p.IssuerClient : Payment declined by issuer code=05 attempt=2
2024-01-15 10:28:11.890  WARN  [lily-payments,df98379c4f297659a501e28ef543ab93,e779088c3f52d99b] 1 --- [scheduling-1] c.l.p.IssuerClient : Payment declined by issuer code=51 attempt=1
2024-01-15 10:28:12.180  WARN  [lily-payments,60de8468f596bb73c705b623ad42e64a,30645dda15a18094] 1 --- [http-nio-8080-exec-3] c.l.p.IssuerClient : Payment declined by issuer code=05 attempt=2
2024-01-15 10:28:12.470  WARN  [lily-payments,334b5cb102e632056547b070b717df5b,67111d51eaa7009c] 1 --- [http-nio-8080-exec-7] c.l.p.IssuerClient : Payment declined by issuer code=51 attempt=3
2024-01-15 10:28:12.760  WARN  [lily-payments,393b8b0779ac4c113d7c7d987aa25f26,106add4880c109b8] 1 --- [scheduling-1] c.l.p.IssuerClient : Payment declined by issuer code=61 attempt=3
2024-01-15 10:28:13.050  WARN  [lily-payments,8266f6fa22316de5e5bd9c1d9c792106,64828ebbd5b3a3cf] 1 --- [http-nio-8080-exec-7] c.l.p.IssuerClient : Payment declined by issuer code=51 attempt=2
2024-01-15 10:28:13.340  WARN  [lily-payments,33821a39625b5561410af1a0134cec9e,785aed0f6be6ebc6] 1 --- [http-nio-8080-exec-7] c.l.p.IssuerClient : Payment declined by issuer code=51 attempt=3
2024-01-15 10:28:13.630  WARN  [lily-payments,ae67f74f1284da91b64c17df9482bb6b,e582f4dc5b43d50f] 1 --- [scheduling-1] c.l.p.IssuerClient : Payment declined by issuer code=51 attempt=2
2024-01-15 10:28:13.920  WARN  [lily-payments,cdfbc51f24da53fb92a29c81725b5ad6,0056965103c52bb8] 1 --- [scheduling-1] c.l.p.IssuerClient : Payment declined by issuer code=61 attempt=2
2024-01-15 10:28:14.210  WARN  [lily-payments,58379c714800b24eca2e4691a3894558,6e8ed82859ea1576] 1 --- [http-nio-8080-exec-3] c.l.p.IssuerClient : Payment declined by issuer code=61 attempt=2
2024-01-15 10:28:14.500  WARN  [lily-payments,4d8196ed641e88052d4c6ed071b76db8,a33366e2471a92f2] 1 --- [http-nio-8080-exec-7] c.l.p.IssuerClient : Payment declined by issuer code=61 attempt=1
2024-01-15 10:28:14.790  WARN  [lily-payments,c827f1e0a14d010d6639cba7048f283d,343b8e3dfa396591] 1 --- [http-nio-8080-exec-3] c.l.p.IssuerClient : Payment declined by issuer code=51 attempt=2
2024-01-15 10:28:15.080  WARN  [lily-payments,61bffae46d0be54d0d079934acb6eddd,e84eb8cb7842c717] 1 --- [http-nio-8080-exec-3] c.l.p.IssuerClient : Payment declined by issuer code=61 attempt=1
2024-01-15 10:28:15.370  WARN  [lily-payments,2e90b142f3ce48a92bf26fc559fda601,55f185ee2683c50e] 1 --- [http-nio-8080-exec-7] c.l.p.IssuerClient : Payment declined by issuer code=51 attempt=3
2024-01-15 10:28:15.660  WARN  [lily-payments,b85275177fe88baf5d08099c1d70e37d,507bac6de9100e83] 1 --- [scheduling-1] c.l.p.IssuerClient : Payment declined by issuer code=51 attempt=2
2024-01-15 10:28:15.950  WARN  [lily-payments,2bff0b2840d34ee0536aab8d67a12581,e29534a023b26c23] 1 --- [http-nio-8080-exec-7] c.l.p.IssuerClient : Payment declined by issuer code=61 attempt=1
2024-01-15 10:28:16.240  WARN  [lily-payments,8483fb47c0edfbb403e151e51deaa7a5,e14a782c0ed2529f] 1 --- [http-nio-8080-exec-3] c.l.p.IssuerClient : Payment declined by issuer code=51 attempt=3
2024-01-15 10:28:16.530  WARN  [lily-payments,a1f0dd3d371f006ee8ab656f90c6d87f,07503056fe481574] 1 --- [http-nio-8080-exec-3] c.l.p.IssuerClient : Payment declined by issuer code=61 attempt=2
2024-01-15 10:28:16.820  WARN  [lily-payments,d78ae11dbfff7af0f3a2b35ce5d1ebb3,8b5edbc227a68b3c] 1 --- [http-nio-8080-exec-1] c.l.p.IssuerClient : Payment declined by issuer code=51 attempt=1
2024-01-15 10:28:17.110  WARN  [lily-payments,9d83b60173620b663cf12e122ced8012,3cd5f59c97a36bdd] 1 --- [http-nio-8080-exec-3] c.l.p.IssuerClient : Payment declined by issuer code=51 attempt=1
2024-01-15 10:28:17.400  WARN  [lily-payments,524d7eb77819c60c8a89352ae50bce9f,22d5938a8a8eb06a] 1 --- [http-nio-8080-exec-3] c.l.p.IssuerClient : Payment declined by issuer code=05 attempt=1
2024-01-15 10:28:17.690  WARN  [lily-payments,6cd860c420e016d556b45e45dfd7a67e,7750da4588d48012] 1 --- [http-nio-8080-exec-1] c.l.p.IssuerClient : Payment declined by issuer code=05 attempt=1
2024-01-15 10:28:17.980  WARN  [lily-payments,9436014341c32911ca3734cb0ce7cffb,087746683b735ca1] 1 --- [scheduling-1] c.l.p.IssuerClient : Payment declined by issuer code=61 attempt=3
2024-01-15 10:28:18.270  WARN  [lily-payments,f79503570eaac1fad1070cd9b009c474,9a839b691900519f] 1 --- [http-nio-8080-exec-1] c.l.p.IssuerClient : Payment declined by issuer code=51 attempt=1
2024-01-15 10:28:18.560  WARN  [lily-payments,2ab3d1490de34545ae4b24c349ddeabd,25e612e49238f7a1] 1 --- [http-nio-8080-exec-1] c.l.p.IssuerClient : Payment declined by issuer code=61 attempt=1
2024-01-15 10:28:18.850  WARN  [lily-payments,fb6e908e6c49b76386850275052ba98c,f5673e69104cc51f] 1 --- [scheduling-1] c.l.p.IssuerClient : Payment declined by issuer code=51 attempt=3
2024-01-15 10:28:19.140  WARN  [lily-payments,a20eba3207e9884beabc92c6fffb67fc,047263b4dd1ec8c6] 1 --- [http-nio-8080-exec-1] c.l.p.IssuerClient : Payment declined by issuer code=51 attempt=2
2024-01-15 10:28:19.430  WARN  [lily-payments,d916c91926408f9a7f93872f1b81c7b7,d4b1d518930b7f07] 1 --- [scheduling-1] c.l.p.IssuerClient : Payment declined by issuer code=51 attempt=1
2024-01-15 10:28:19.720  WARN  [lily-payments,7f59efe0fe20cdd7c46058592e2852d5,7e6e435efcf9ecb9] 1 --- [http-nio-8080-exec-1] c.l.p.IssuerClient : Payment declined by issuer code=05 attempt=3
2024-01-15 10:28:20.010  WARN  [lily-payments,5abf47ca04c1a34ff20526f128b2781a,80d8c5cfb4f2d2d1] 1 --- [scheduling-1] c.l.p.IssuerClient : Payment declined by issuer code=05 attempt=2
2024-01-15 10:28:20.300  WARN  [lily-payments,4430ea3c0397b67630bdfa149fa166eb,5ac94542dc6b3ef8] 1 --- [http-nio-8080-exec-1] c.l.p.IssuerClient : Payment declined by issuer code=05 attempt=3
2024-01-15 10:28:20.590  WARN  [lily-payments,52a54aa7818285199cf9bc167c91b448,904bc0cd6b71f0f6] 1 --- [http-nio-8080-exec-7] c.l.p.IssuerClient : Payment declined by issuer code=61 attempt=3
2024-01-15 10:28:20.880  WARN  [lily-payments,201cdec56430cc80f53757cc935720a2,17cac47ca16aa276] 1 --- [http-nio-8080-exec-7] c.l.p.IssuerClient : Payment declined by issuer code=61 attempt=2
2024-01-15 10:28:21.170  WARN  [lily-payments,3ff938c7f1202ab453d079d6509ea82f,218088771a7693e6] 1 --- [scheduling-1] c.l.p.IssuerClient : Payment declined by issuer code=51 attempt=2
2024-01-15 10:28:21.460  WARN  [lily-payments,3e3c2fa4fc03dc7d664d8a64ec70b0c6,9dc9640efdc85bcd] 1 --- [scheduling-1] c.l.p.IssuerClient : Payment declined by issuer code=51 attempt=1
2024-01-15 10:28:21.750  WARN  [lily-payments,08aaac340b78b1fa9a41c932ec968dfb,75c392268f2df5be] 1 --- [http-nio-8080-exec-1] c.l.p.IssuerClient : Payment declined by issuer code=61 attempt=2
2024-01-15 10:28:22.040  WARN  [lily-payments,5710b6c467fe6dd35b3bfb1fd6b86a6d,3a705bcfa0b874be] 1 --- [http-nio-8080-exec-1] c.l.p.IssuerClient : Payment declined by issuer code=61 attempt=1
2024-01-15 10:28:22.330  WARN  [lily-payments,bd83979787c3643bfe27d16bfe5f18dd,2ba746c92c5fdfc9] 1 --- [http-nio-8080-exec-3] c.l.p.IssuerClient : Payment declined by issuer code=61 attempt=2
2024-01-15 10:28:22.620  WARN  [lily-payments,f0fbc604a760f08907087cf6487e0335,349e1037603433ba] 1 --- [scheduling-1] c.l.p.IssuerClient : Payment declined by issuer code=61 attempt=3
2024-01-15 10:28:22.910  WARN  [lily-payments,cab54b139710ad7b1534d3608d37ec8a,491466128751d393] 1 --- [http-nio-8080-exec-3] c.l.p.IssuerClient : Payment declined by issuer code=05 attempt=3
2024-01-15 10:28:23.200  WARN  [lily-payments,536efdd67522546baf3b4822d3419d72,d6ce82348cbd0570] 1 --- [http-nio-8080-exec-1] c.l.p.IssuerClient : Payment declined by issuer code=05 attempt=2
2024-01-15 10:28:23.490  WARN  [lily-payments,ef5de563560dbabcaed8afced128285a,fb93fe6695b3b872] 1 --- [http-nio-8080-exec-1] c.l.p.IssuerClient : Payment declined by issuer code=05 attempt=1
2024-01-15 10:28:23.780  WARN  [lily-payments,8df65b8361e95dd101fce99883635e7a,297e0f6ae7425109] 1 --- [http-nio-8080-exec-1] c.l.p.IssuerClient : Payment declined by issuer code=05 attempt=1
2024-01-15 10:28:24.070  WARN  [lily-payments,0e38e579240beeefd5e8bb44fa55226c,e67c0fb807dec94e] 1 --- [scheduling-1] c.l.p.IssuerClient : Payment declined by issuer code=51 attempt=1
2024-01-15 10:28:24.360  WARN  [lily-payments,042a7ab7cc575bcf477ad179c017eb12,e5af16710ff399ec] 1 --- [scheduling-1] c.l.p.IssuerClient : Payment declined by issuer code=05 attempt=1
2024-01-15 10:28:24.650  WARN  [lily-payments,f52a763bab36fc8a43480a91964d558c,8516bc5c18fd06f9] 1 --- [scheduling-1] c.l.p.IssuerClient : Payment declined by issuer code=61 attempt=1
2024-01-15 10:28:24.940  WARN  [lily-payments,ae74ff8b9acd33422dc5da9b3ddb5f36,8a00d985462cc3e9] 1 --- [http-nio-8080-exec-1] c.l.p.IssuerClient : Payment declined by issuer code=61 attempt=3
2024-01-15 10:28:25.230  WARN  [lily-payments,05aed0e46e95424bb766d5042eba63ec,ab09f901b5b7681f] 1 --- [scheduling-1] c.l.p.IssuerClient : Payment declined by issuer code=51 attempt=3
2024-01-15 10:28:25.520  WARN  [lily-payments,ed09ca7fe0f819b6483639b06075d9f8,a6560306fc8d8751] 1 --- [http-nio-8080-exec-7] c.l.p.IssuerClient : Payment declined by issuer code=51 attempt=2
2024-01-15 10:28:25.810  WARN  [lily-payments,0576136a10726dc43bc5193bf3503416,a42d739ac81f50a7] 1 --- [http-nio-8080-exec-3] c.l.p.IssuerClient : Payment declined by issuer code=61 attempt=3
2024-01-15 10:28:26.100  WARN  [lily-payments,9da096ae45b517c047cfa8ff635ec4e7,3362bfaa54e11f88] 1 --- [http-nio-8080-exec-7] c.l.p.IssuerClient : Payment declined by issuer code=61 attempt=1
2024-01-15 10:28:26.390  WARN  [lily-payments,f4be68f3aa2053b641f7985bd82a6792,a758294a8d802b31] 1 --- [http-nio-8080-exec-1] c.l.p.IssuerClient : Payment declined by issuer code=05 attempt=3
2024-01-15 10:28:26.680  WARN  [lily-payments,20a533a6cf105ef9b82ae626c09d64f8,f0fd15d01da818b9] 1 --- [http-nio-8080-exec-7] c.l.p.IssuerClient : Payment declined by issuer code=51 attempt=1
2024-01-15 10:28:26.970  WARN  [lily-payments,d87dccaf4a12e0490665a73df0e6ffc3,8cd4cfcacdc97b04] 1 --- [scheduling-1] c.l.p.IssuerClient : Payment declined by issuer code=05 attempt=2
2024-01-15 10:28:27.260  WARN  [lily-payments,726056f4f89b5a3098a559b2a7518284,77c63006fa628d49] 1 --- [scheduling-1] c.l.p.IssuerClient : Payment declined by issuer code=61 attempt=1
2024-01-15 10:28:27.550  WARN  [lily-payments,9f69cd0fc05414c37f2cad1b89d5e7e4,2528e331ed1b4aeb] 1 --- [http-nio-8080-exec-3] c.l.p.IssuerClient : Payment declined by issuer code=51 attempt=2
2024-01-15 10:28:27.840  WARN  [lily-payments,2cb22904d8f19dd9f320f40a5acc88d6,7315f386db45a34a] 1 --- [http-nio-8080-exec-3] c.l.p.IssuerClient : Payment declined by issuer code=61 attempt=1
2024-01-15 10:28:28.130  WARN  [lily-payments,593e1c976e592307ef63a266aac63057,af9da4332a62aea0] 1 --- [http-nio-8080-exec-1] c.l.p.IssuerClient : Payment declined by issuer code=61 attempt=1
2024-01-15 10:28:28.420  WARN  [lily-payments,aa88349ad55c5cda73da61e46ee38e82,37995dffc872beca] 1 --- [http-nio-8080-exec-3] c.l.p.IssuerClient : Payment declined by issuer code=05 attempt=2
2024-01-15 10:28:28.710  WARN  [lily-payments,8674f1b3a7a8cef56bbf0f435eca751e,2dcc7c2d190450aa] 1 --- [scheduling-1] c.l.p.IssuerClient : Payment declined by issuer code=61 attempt=2
2024-01-15 10:28:29.000  WARN  [lily-payments,e0e640fe300c157354a1af61bcf077a8,dfd117296e9e03d9] 1 --- [http-nio-8080-exec-1] c.l.p.IssuerClient : Payment declined by issuer code=61 attempt=3
2024-01-15 10:28:29.290  WARN  [lily-payments,0def8de2b89990a7cf96b19b68eafb9d,2cf9b57396fe346c] 1 --- [http-nio-8080-exec-3] c.l.p.IssuerClient : Payment declined by issuer code=05 attempt=1
2024-01-15 10:28:29.580  WARN  [lily-payments,7020bd5650eda9fb0fe76798f6fe5e5d,c2463795ab49b4e3] 1 --- [http-nio-8080-exec-7] c.l.p.IssuerClient : Payment declined by issuer code=61 attempt=3
2024-01-15 10:28:29.870  WARN  [lily-payments,3b080caa2306fb572d3d89b5eca5df59,6ae4b6f30d6dac36] 1 --- [http-nio-8080-exec-7] c.l.p.IssuerClient : Payment declined by issuer code=51 attempt=2
2024-01-15 10:28:30.160  WARN  [lily-payments,d339fca40ed11abb745b80ab44b5eff3,7a0023b0c6224c0a] 1 --- [http-nio-8080-exec-3] c.l.p.IssuerClient : Payment declined by issuer code=51 attempt=3
2024-01-15 10:28:30.450  WARN  [lily-payments,a8899ac049b5fb971a1222f8193bdb81,4093f3310e80da0f] 1 --- [http-nio-8080-exec-3] c.l.p.IssuerClient : Payment declined by issuer code=51 attempt=2
2024-01-15 10:28:30.740  WARN  [lily-payments,25a395af71540f6281af9186d7a35399,2f978ca42380513b] 1 --- [http-nio-8080-exec-1] c.l.p.IssuerClient : Payment declined by issuer code=51 attempt=3
2024-01-15 10:28:31.030  WARN  [lily-payments,6c522b45ed3e042b790eea9486df0026,b75d9a68ca79cf7a] 1 --- [http-nio-8080-exec-3] c.l.p.IssuerClient : Payment declined by issuer code=51 attempt=3
2024-01-15 10:28:31.320  WARN  [lily-payments,7721743dc52a88e03718e033c46ffab3,1110b65b9748ba6d] 1 --- [scheduling-1] c.l.p.IssuerClient : Payment declined by issuer code=61 attempt=1
2024-01-15 10:28:31.610  WARN  [lily-payments,f7399fc09bd9054a37346b601f22c08a,4550d2f82c29f6ad] 1 --- [scheduling-1] c.l.p.IssuerClient : Payment declined by issuer code=05 attempt=2
2024-01-15 10:28:31.900  WARN  [lily-payments,d4d8c96dcebf6ece14105cba4b4a99eb,749ec2a239d3bf02] 1 --- [http-nio-8080-exec-1] c.l.p.IssuerClient : Payment declined by issuer code=51 attempt=2
2024-01-15 10:28:32.190  WARN  [lily-payments,820b24b8f27df70f564ba64f1625551b,27d53fa0ff74f3bd] 1 --- [http-nio-8080-exec-3] c.l.p.IssuerClient : Payment declined by issuer code=51 attempt=3
2024-01-15 10:28:32.480  WARN  [lily-payments,9e3112e759ed32c2660e1be136a39e0c,8484b4d6107d43ee] 1 --- [scheduling-1] c.l.p.IssuerClient : Payment declined by issuer code=61 attempt=3
2024-01-15 10:28:32.770  WARN  [lily-payments,44df847a57b3db98176e6c779ea66e40,1b7894784e35b86b] 1 --- [http-nio-8080-exec-3] c.l.p.IssuerClient : Payment declined by issuer code=05 attempt=1
2024-01-15 10:28:33.060  WARN  [lily-payments,5a7460f43b40ee67c33fbf5481fc242e,62dafb6e7e685b56] 1 --- [http-nio-8080-exec-7] c.l.p.IssuerClient : Payment declined by issuer code=61 attempt=2
2024-01-15 10:28:33.350  WARN  [lily-payments,2394f3f16ff507396bb7e28dc75104af,fcfb409dfa9614a5] 1 --- [scheduling-1] c.l.p.IssuerClient : Payment declined by issuer code=05 attempt=3
2024-01-15 10:28:33.640  WARN  [lily-payments,4b87aee074f98d251212b17d90729535,e960702c8675640a] 1 --- [http-nio-8080-exec-3] c.l.p.IssuerClient : Payment declined by issuer code=05 attempt=3
2024-01-15 10:28:33.930  WARN  [lily-payments,88c52962696edafabb35728aba64bf98,5cfb5a5a4336b0b9] 1 --- [scheduling-1] c.l.p.IssuerClient : Payment declined by issuer code=05 attempt=2
2024-01-15 10:28:34.220  WARN  [lily-payments,6d519248c4e3a8fdb16176ed5c69aeb3,5e450a3eafe8ae87] 1 --- [scheduling-1] c.l.p.IssuerClient : Payment declined by issuer code=05 attempt=1
2024-01-15 10:28:34.510  WARN  [lily-payments,bf07486fd4c65c16424a0a556fb8ea2c,a96d61c5b9715265] 1 --- [http-nio-8080-exec-3] c.l.p.IssuerClient : Payment declined by issuer code=05 attempt=3
2024-01-15 10:28:34.800  WARN  [lily-payments,8c4d6ab8e3d99ca58c011a53c14d10de,ba35c90158a0090c] 1 --- [scheduling-1] c.l.p.IssuerClient : Payment declined by issuer code=61 attempt=2
2024-01-15 10:28:35.090  WARN  [lily-payments,017350f3094e683fd451d67a415f508a,e4eac4d249450a0e] 1 --- [http-nio-8080-exec-1] c.l.p.IssuerClient : Payment declined by issuer code=51 attempt=2
2024-01-15 10:28:35.380  WARN  [lily-payments,4094cc13c8a7ddb446e4174b1503263a,8298ae0eaaab3c1d] 1 --- [http-nio-8080-exec-1] c.l.p.IssuerClient : Payment declined by issuer code=51 attempt=1
2024-01-15 10:28:35.670  WARN  [lily-payments,d0084d4b99366aab3a97b414191d84f8,b0861712a2a584de] 1 --- [http-nio-8080-exec-1] c.l.p.IssuerClient : Payment declined by issuer code=05 attempt=2
2024-01-15 10:28:35.960  WARN  [lily-payments,1d9a60b69ba38a2de683e5e5801346fb,a12b43293ae264f8] 1 --- [scheduling-1] c.l.p.IssuerClient : Payment declined by issuer code=51 attempt=2
2024-01-15 10:28:36.250  WARN  [lily-payments,82ac29967ed504167e64471c9ef23ff2,11aa1e7a03b33845] 1 --- [http-nio-8080-exec-3] c.l.p.IssuerClient : Payment declined by issuer code=05 attempt=3
2024-01-15 10:28:36.540  WARN  [lily-payments,76eca832dc9698a8ac77459949a21713,066a6b067083bbee] 1 --- [http-nio-8080-exec-7] c.l.p.IssuerClient : Payment declined by issuer code=61 attempt=2
2024-01-15 10:28:36.830  WARN  [lily-payments,70fffd40b912c3dae87fe3794392e4c0,69c8a00860438386] 1 --- [http-nio-8080-exec-1] c.l.p.IssuerClient : Payment declined by issuer code=51 attempt=2
2024-01-15 10:28:37.120  WARN  [lily-payments,26659a0ea1e5ef7e30cd4e94f3ad9e2a,2b2fa29714531dc6] 1 --- [http-nio-8080-exec-7] c.l.p.IssuerClient : Payment declined by issuer code=05 attempt=3
2024-01-15 10:28:37.410  WARN  [lily-payments,92d7613fce8655cfca327e585cc92565,ae7168dcf7c54ede] 1 --- [http-nio-8080-exec-7] c.l.p.IssuerClient : Payment declined by issuer code=05 attempt=3
2024-01-15 10:28:37.700  WARN  [lily-payments,6a6e64654c97ff9754c91e8270d51064,af1631ee55dd257d] 1 --- [http-nio-8080-exec-3] c.l.p.IssuerClient : Payment declined by issuer code=05 attempt=1
2024-01-15 10:28:37.990  WARN  [lily-payments,72c7057d3d750a8602c108a0bdeac164,b07090a2b3a2111a] 1 --- [scheduling-1] c.l.p.IssuerClient : Payment declined by issuer code=61 attempt=1
2024-01-15 10:28:38.280  WARN  [lily-payments,89d5df51bd74edb6683fabbed0e0189e,daf918c96f124a0f] 1 --- [http-nio-8080-exec-3] c.l.p.IssuerClient : Payment declined by issuer code=51 attempt=2
2024-01-15 10:28:38.570  WARN  [lily-payments,8e2bc30a5845823cec424e9d8b3ed030,156763bcf43c95f7] 1 --- [http-nio-8080-exec-3] c.l.p.IssuerClient : Payment declined by issuer code=05 attempt=3
2024-01-15 10:28:38.860  WARN  [lily-payments,a9e146d18d4d4d365cdaa63a832957ed,abd5790269c5a022] 1 --- [http-nio-8080-exec-7] c.l.p.IssuerClient : Payment declined by issuer code=51 attempt=3
2024-01-15 10:28:39.150  WARN  [lily-payments,4e03aaf52ef5aeebeb478fad0c71dcf3,3a6891bb1fa0dc2a] 1 --- [http-nio-8080-exec-1] c.l.p.IssuerClient : Payment declined by issuer code=51 attempt=2
2024-01-15 10:28:39.440  WARN  [lily-payments,c736976ef088661acc53ddb69e86176a,9c6bd3fb441194fd] 1 --- [scheduling-1] c.l.p.IssuerClient : Payment declined by issuer code=05 attempt=3
2024-01-15 10:28:39.730  WARN  [lily-payments,531d585efc74dd831e3189cc0cdc5da8,4364aba7831e82e0] 1 --- [http-nio-8080-exec-7] c.l.p.IssuerClient : Payment declined by issuer code=51 attempt=3
2024-01-15 10:28:40.020  WARN  [lily-payments,39653f0a807a419856136ddc947632e7,fc6097f24423cb5e] 1 --- [http-nio-8080-exec-7] c.l.p.IssuerClient : Payment declined by issuer code=51 attempt=3
2024-01-15 10:28:40.310  WARN  [lily-payments,17e1c6e65729f15487e0304bc0a7f851,cdda0c6eb8dff44c] 1 --- [http-nio-8080-exec-7] c.l.p.IssuerClient : Payment declined by issuer code=61 attempt=2
2024-01-15 10:28:40.600  WARN  [lily-payments,62206c3f0f8e930ace1c04a8f0ae6e01,552b8dbf147467c4] 1 --- [scheduling-1] c.l.p.IssuerClient : Payment declined by issuer code=51 attempt=2
2024-01-15 10:28:40.890  WARN  [lily-payments,d5a512d3d29e4ff84edd3434fc68abc5,06db34b326ab3cc2] 1 --- [http-nio-8080-exec-1] c.l.p.IssuerClient : Payment declined by issuer code=61 attempt=2
2024-01-15 10:28:41.180  WARN  [lily-payments,a275079a2313a532bf9f41020dfc6db7,827ffb3c816aa374] 1 --- [http-nio-8080-exec-7] c.l.p.IssuerClient : Payment declined by issuer code=51 attempt=1
2024-01-15 10:28:41.470  WARN  [lily-payments,496f72b7d84b51c4d67cacb7d327f0ef,12a52fd6e1f97b6d] 1 --- [http-nio-8080-exec-7] c.l.p.IssuerClient : Payment declined by issuer code=61 attempt=1
2024-01-15 10:28:41.760  WARN  [lily-payments,24edffd89b5f82997ff43883423bae42,7789973263beed60] 1 --- [http-nio-8080-exec-1] c.l.p.IssuerClient : Payment declined by issuer code=05 attempt=3
2024-01-15 10:28:42.050  WARN  [lily-payments,818b06fddf004061828c3b527542c042,508fdb5425810684] 1 --- [http-nio-8080-exec-1] c.l.p.IssuerClient : Payment declined by issuer code=05 attempt=3
2024-01-15 10:28:42.340  WARN  [lily-payments,dd63f427e233576e3e7098d932ade882,ecdc30ccb7d9b300] 1 --- [http-nio-8080-exec-3] c.l.p.IssuerClient : Payment declined by issuer code=51 attempt=3
2024-01-15 10:28:42.630  WARN  [lily-payments,285c244874533154e2257e7c127dc50d,6f77d4480a1c5a54] 1 --- [scheduling-1] c.l.p.IssuerClient : Payment declined by issuer code=51 attempt=3
2024-01-15 10:28:42.920  WARN  [lily-payments,fbc8b9903ce4d2d35e41afa438ae908a,4d1e76a4d122abb4] 1 --- [scheduling-1] c.l.p.IssuerClient : Payment declined by issuer code=61 attempt=1
2024-01-15 10:28:43.210  WARN  [lily-payments,2b73109ecf7e94a18e25310c6d530cfb,a7f9f5f1521a3d4f] 1 --- [http-nio-8080-exec-3] c.l.p.IssuerClient : Payment declined by issuer code=05 attempt=2
2024-01-15 10:28:43.500  WARN  [lily-payments,a862ba58545f92ad9f2a00fee0cbbfcb,f2154a0b42326740] 1 --- [http-nio-8080-exec-1] c.l.p.IssuerClient : Payment declined by issuer code=61 attempt=2
2024-01-15 10:28:43.790  WARN  [lily-payments,8175dced6b4db88e53e79064a03bbc45,b45d78f8d5f950b7] 1 --- [http-nio-8080-exec-1] c.l.p.IssuerClient : Payment declined by issuer code=51 attempt=1
2024-01-15 10:28:44.080  WARN  [lily-payments,2e2769be1561ca4c68b77776a6e7e8bb,085a263e2cfb1562] 1 --- [scheduling-1] c.l.p.IssuerClient : Payment declined by issuer code=61 attempt=2
2024-01-15 10:28:44.370  WARN  [lily-payments,174098649eb650e78405f3d4ec00452f,7530cf7f6b174e8b] 1 --- [scheduling-1] c.l.p.IssuerClient : Payment declined by issuer code=51 attempt=2
2024-01-15 10:28:44.660  WARN  [lily-payments,21c21b11f0d62451d2f6ac1e1ad932f1,77536a3efeab40e3] 1 --- [http-nio-8080-exec-7] c.l.p.IssuerClient : Payment declined by issuer code=51 attempt=3
2024-01-15 10:28:44.950  WARN  [lily-payments,f2fd75ea2ce5634565e93282865cf385,49f2569054e1acb4] 1 --- [http-nio-8080-exec-3] c.l.p.IssuerClient : Payment declined by issuer code=51 attempt=3
2024-01-15 10:28:45.240  WARN  [lily-payments,80708381bf372ec18f53e52f330d4595,0cb549ef42855836] 1 --- [scheduling-1] c.l.p.IssuerClient : Payment declined by issuer code=05 attempt=3
2024-01-15 10:28:45.530  WARN  [lily-payments,4aaaa1b51d81600200e3ee2b028ca74c,1ac29cc64f14054c] 1 --- [http-nio-8080-exec-3] c.l.p.IssuerClient : Payment declined by issuer code=05 attempt=2
2024-01-15 10:28:45.820  WARN  [lily-payments,c21f77f036c7e4f9233dac782237a904,52e1ee23be830401] 1 --- [scheduling-1] c.l.p.IssuerClient : Payment declined by issuer code=61 attempt=1
2024-01-15 10:28:46.110  WARN  [lily-payments,1a33e0c328ce4fa90d54abe29f90b704,2d842aaa71a99a1f] 1 --- [http-nio-8080-exec-3] c.l.p.IssuerClient : Payment declined by issuer code=05 attempt=3
2024-01-15 10:28:46.400  WARN  [lily-payments,f9d5a908a60fb2b04deee84b8d5ddbf7,310868627d60b3a3] 1 --- [http-nio-8080-exec-3] c.l.p.IssuerClient : Payment declined by issuer code=05 attempt=1
2024-01-15 10:28:46.690  WARN  [lily-payments,34e7dd8936c14eb1835fac0f61bc427f,5aacda496f4a311f] 1 --- [http-nio-8080-exec-1] c.l.p.IssuerClient : Payment declined by issuer code=61 attempt=1
2024-01-15 10:28:46.980  WARN  [lily-payments,0097ed12d06470366f33cc2ea4415ced,d1a84305fbfbcc2a] 1 --- [http-nio-8080-exec-7] c.l.p.IssuerClient : Payment declined by issuer code=51 attempt=3
2024-01-15 10:28:47.270  WARN  [lily-payments,753f2b7acf81354aac478608aab6c914,032273cb92ba392a] 1 --- [http-nio-8080-exec-7] c.l.p.IssuerClient : Payment declined by issuer code=05 attempt=2
2024-01-15 10:28:47.560  WARN  [lily-payments,4356690a536f65955366a84815a51fc9,d7cdd6bd2aef871d] 1 --- [scheduling-1] c.l.p.IssuerClient : Payment declined by issuer code=61 attempt=2
2024-01-15 10:28:47.850  WARN  [lily-payments,e7d5b2e498ea2f6b1c33423f58e62047,73bbb9e1191a2496] 1 --- [scheduling-1] c.l.p.IssuerClient : Payment declined by issuer code=05 attempt=1
2024-01-15 10:28:48.140  WARN  [lily-payments,063a71cdc150e6f24b0d10bbbfd007dc,b22a03b6b96b2ceb] 1 --- [http-nio-8080-exec-1] c.l.p.IssuerClient : Payment declined by issuer code=51 attempt=3
2024-01-15 10:28:48.430  WARN  [lily-payments,1a690c75740d497d47fdd22d9afa13d9,0ef5aefdcbb930ef] 1 --- [http-nio-8080-exec-1] c.l.p.IssuerClient : Payment declined by issuer code=61 attempt=3
2024-01-15 10:28:48.720  WARN  [lily-payments,887976013783d28f74170ffd63f2b053,c4335e0cd9d7e6a0] 1 --- [scheduling-1] c.l.p.IssuerClient : Payment declined by issuer code=61 attempt=1
2024-01-15 10:28:49.010  WARN  [lily-payments,0f20fed4cfd00d746feeb8656326f918,fc8683cefdb44a06] 1 --- [scheduling-1] c.l.p.IssuerClient : Payment declined by issuer code=61 attempt=2
2024-01-15 10:28:49.300  WARN  [lily-payments,60a301359d23ab68bb9fd58351b56b7f,eba3d69207150bd6] 1 --- [http-nio-8080-exec-7] c.l.p.IssuerClient : Payment declined by issuer code=61 attempt=1
2024-01-15 10:28:49.590  WARN  [lily-payments,087d61483258565646aee1868840b65d,415c9e9e8dacbd78] 1 --- [http-nio-8080-exec-3] c.l.p.IssuerClient : Payment declined by issuer code=51 attempt=2
2024-01-15 10:28:49.880  WARN  [lily-payments,943c03f7c131a040460d8be9c4d3f795,7921cc9139d1ac57] 1 --- [http-nio-8080-exec-7] c.l.p.IssuerClient : Payment declined by issuer code=51 attempt=2
2024-01-15 10:28:50.170  WARN  [lily-payments,7bb04122976081cf63715e00a086c1cb,ca97ccc87c439436] 1 --- [http-nio-8080-exec-3] c.l.p.IssuerClient : Payment declined by issuer code=61 attempt=1
2024-01-15 10:28:50.460  WARN  [lily-payments,cb10bf13d98df01d745e2fd2f8d42fdd,adcdb07b2b374d53] 1 --- [http-nio-8080-exec-3] c.l.p.IssuerClient : Payment declined by issuer code=05 attempt=3
2024-01-15 10:28:50.750  WARN  [lily-payments,e5ce977c7fffbfcedaea2702d538784a,8d4606ab99088de6] 1 --- [http-nio-8080-exec-1] c.l.p.IssuerClient : Payment declined by issuer code=05 attempt=3
2024-01-15 10:28:51.040  WARN  [lily-payments,a56e832d8ba66d59bd83c599e6809bd5,7cb4916fc424668b] 1 --- [http-nio-8080-exec-3] c.l.p.IssuerClient : Payment declined by issuer code=05 attempt=2
2024-01-15 10:28:51.330  WARN  [lily-payments,8932e3009afd6217e6424af5c96811bf,971e63de44a6d8cc] 1 --- [http-nio-8080-exec-3] c.l.p.IssuerClient : Payment declined by issuer code=61 attempt=2
2024-01-15 10:28:51.620  WARN  [lily-payments,37bf0fe9671458c3511820d3c25774db,412ee4dbea45ce28] 1 --- [scheduling-1] c.l.p.IssuerClient : Payment declined by issuer code=61 attempt=3
2024-01-15 10:28:51.910  WARN  [lily-payments,255dc478dc1f7c0085f51004019624e3,0f239b279d5d505d] 1 --- [http-nio-8080-exec-1] c.l.p.IssuerClient : Payment declined by issuer code=61 attempt=2
2024-01-15 10:28:52.200  WARN  [lily-payments,eecbcc95050137796f04fec3f733abe3,297ec95e85fe3f1a] 1 --- [http-nio-8080-exec-7] c.l.p.IssuerClient : Payment declined by issuer code=61 attempt=2
2024-01-15 10:28:52.490  WARN  [lily-payments,8bfdff5d6cf867b8ba09f9558b9ec624,0e060ab4d2587be4] 1 --- [http-nio-8080-exec-3] c.l.p.IssuerClient : Payment declined by issuer code=05 attempt=1
2024-01-15 10:28:52.780  WARN  [lily-payments,6e227da913a91a93c77979a5296792c6,7affe3bed5b028ad] 1 --- [http-nio-8080-exec-7] c.l.p.IssuerClient : Payment declined by issuer code=05 attempt=1
2024-01-15 10:28:53.070  WARN  [lily-payments,c8dfa48882003ca3d1bcde8db571d224,1dd13138e5a0a106] 1 --- [http-nio-8080-exec-7] c.l.p.IssuerClient : Payment declined by issuer code=51 attempt=3
2024-01-15 10:28:53.360  WARN  [lily-payments,87e9018c6709b3fd7295871817c8c3ae,f88e4fa741ae72bf] 1 --- [http-nio-8080-exec-7] c.l.p.IssuerClient : Payment declined by issuer code=51 attempt=3
2024-01-15 10:28:53.650  WARN  [lily-payments,4fa7932fcc78e9559700b66d18731ab2,12be5144264ac391] 1 --- [scheduling-1] c.l.p.IssuerClient : Payment declined by issuer code=51 attempt=3
2024-01-15 10:28:53.940  WARN  [lily-payments,62fcebb264eed870ff7be45e3d144c7a,53aff4ed8fb60370] 1 --- [http-nio-8080-exec-7] c.l.p.IssuerClient : Payment declined by issuer code=61 attempt=3
2024-01-15 10:28:54.230  WARN  [lily-payments,1a564fc1ed7818b8728d4afae4dfa3a2,32048d670eb1f12b] 1 --- [scheduling-1] c.l.p.IssuerClient : Payment declined by issuer code=61 attempt=1
2024-01-15 10:28:54.520  WARN  [lily-payments,a1884df286eaea5447d0e65cbfe185e0,a90a28f745e702d4] 1 --- [http-nio-8080-exec-7] c.l.p.IssuerClient : Payment declined by issuer code=61 attempt=1
2024-01-15 10:28:54.810  WARN  [lily-payments,e66bedecd5ff8422b8f3c9fcf15102be,e3f6125354281c81] 1 --- [http-nio-8080-exec-3] c.l.p.IssuerClient : Payment declined by issuer code=05 attempt=2
2024-01-15 10:28:55.100  WARN  [lily-payments,99872232a7e330201e5a23cb020a33e0,2bfaadb458ceb359] 1 --- [scheduling-1] c.l.p.IssuerClient : Payment declined by issuer code=51 attempt=3
2024-01-15 10:28:55.390  WARN  [lily-payments,fcdfaf78aeacec8afdba3e3cfec2d229,4ab662cf333b1284] 1 --- [http-nio-8080-exec-1] c.l.p.IssuerClient : Payment declined by issuer code=61 attempt=2
2024-01-15 10:28:55.680  WARN  [lily-payments,63b3f49a02352673c1bc12ee0422ef4d,7cc5592b308206cf] 1 --- [scheduling-1] c.l.p.IssuerClient : Payment declined by issuer code=61 attempt=2
2024-01-15 10:28:55.970  WARN  [lily-payments,9892be8d78338c0e468cc60cca490a69,eb146cb3134828b2] 1 --- [http-nio-8080-exec-3] c.l.p.IssuerClient : Payment declined by issuer code=05 attempt=2
2024-01-15 10:28:56.260  WARN  [lily-payments,c31d6d608279ae06ac191d625e2ebea3,18b08f04dc3ce8e6] 1 --- [http-nio-8080-exec-3] c.l.p.IssuerClient : Payment declined by issuer code=51 attempt=2
2024-01-15 10:28:56.550  WARN  [lily-payments,4ff8231d738f04d1f4649c527bac0b45,7cc3f6f06cc5fd5c] 1 --- [http-nio-8080-exec-7] c.l.p.IssuerClient : Payment declined by issuer code=51 attempt=3
2024-01-15 10:28:56.840  WARN  [lily-payments,6c3b25cc924d9039da7ab04ff1d2ca85,525b90d917ee2ae6] 1 --- [http-nio-8080-exec-7] c.l.p.IssuerClient : Payment declined by issuer code=51 attempt=1
2024-01-15 10:28:57.130  WARN  [lily-payments,c7d1882d996b21ec92ae29c36521776d,be422c5d3ac4a16b] 1 --- [scheduling-1] c.l.p.IssuerClient : Payment declined by issuer code=51 attempt=2
2024-01-15 10:28:57.420  WARN  [lily-payments,39ce2b5754d8294b204985f99010a2df,ae1a0aa266696efe] 1 --- [http-nio-8080-exec-1] c.l.p.IssuerClient : Payment declined by issuer code=51 attempt=3
2024-01-15 10:28:57.710  WARN  [lily-payments,c88d3b4dd8aa7f6cb8cb4c1c90697540,ed0a4815d551bdb0] 1 --- [http-nio-8080-exec-3] c.l.p.IssuerClient : Payment declined by issuer code=61 attempt=3
2024-01-15 10:28:05.000  ERROR [lily-payments,7dcb24c4b610b9ecce5dca4f0fb8fd76,7a12fe2dacd5be79] 1 --- [http-nio-8080-exec-1] c.l.p.CircuitBreaker : Circuit breaker OPENED for downstream issuer-gateway after 20 consecutive failures
2024-01-15 10:29:00.000  INFO  [lily-payments,79c61839b1e8bb6972032dccd91d04ea,5d3835bf236069bc] 1 --- [http-nio-8080-exec-7] c.l.p.PaymentService : Processed payment 60363 for account A-679 in 45 ms
2024-01-15 10:29:01.700  INFO  [lily-payments,73a9dcac292f268171f65bfcc5b8d041,3bdba17b8a30d88a] 1 --- [scheduling-1] c.l.p.PaymentService : Processed payment 53416 for account A-677 in 42 ms
2024-01-15 10:29:03.400  INFO  [lily-payments,d2005ad12dd5e9a508fe364f796d4cba,660d67c9e7df5279] 1 --- [http-nio-8080-exec-3] c.l.p.PaymentService : Processed payment 41050 for account A-962 in 9 ms
2024-01-15 10:29:05.100  INFO  [lily-payments,84f27da9df95a31fd18daf1afcd0339a,44da0d81012cb4a7] 1 --- [http-nio-8080-exec-1] c.l.p.PaymentService : Processed payment 53669 for account A-988 in 77 ms
2024-01-15 10:29:06.800  INFO  [lily-payments,198b29e237da1ed9e8484d691bd81d91,e6ef47f6e395d3ed] 1 --- [scheduling-1] c.l.p.PaymentService : Processed payment 38564 for account A-266 in 82 ms
2024-01-15 10:29:08.500  INFO  [lily-payments,ca99d5a92391a39e297de321c60fbcc4,590d61ef64cad5e1] 1 --- [http-nio-8080-exec-1] c.l.p.PaymentService : Processed payment 82376 for account A-367 in 32 ms
2024-01-15 10:29:10.200  INFO  [lily-payments,b9dffbe773564f0f0c40b11b78fed5c7,2028aaeeb3a51b04] 1 --- [http-nio-8080-exec-1] c.l.p.PaymentService : Processed payment 21850 for account A-458 in 58 ms
2024-01-15 10:29:11.900  INFO  [lily-payments,463a9094cf16b7a5bfff47f88bef058a,9ce016bb076f6db9] 1 --- [http-nio-8080-exec-7] c.l.p.PaymentService : Processed payment 97562 for account A-210 in 22 ms
2024-01-15 10:29:13.600  INFO  [lily-payments,80fb1c2cdc717286e0c506d0f7a1c4f9,74cdb7b64b316f42] 1 --- [http-nio-8080-exec-3] c.l.p.PaymentService : Processed payment 41701 for account A-400 in 15 ms
2024-01-15 10:29:15.300  INFO  [lily-payments,731e8ac065755647834eacd72c57e470,4f09d4bc00afce52] 1 --- [scheduling-1] c.l.p.PaymentService : Processed payment 65067 for account A-268 in 61 ms
2024-01-15 10:29:17.000  INFO  [lily-payments,4bb515d66469ed1cd76a0b33b15a8ec5,41b8ca91968ef250] 1 --- [scheduling-1] c.l.p.PaymentService : Processed payment 18135 for account A-682 in 31 ms
2024-01-15 10:29:18.700  INFO  [lily-payments,cde6e3ba38f09002e85bf06fc0d1dd41,d7237771a7e78a28] 1 --- [http-nio-8080-exec-7] c.l.p.PaymentService : Processed payment 54924 for account A-114 in 84 ms
2024-01-15 10:29:20.400  INFO  [lily-payments,d6aa38e2a199cea6532e02a37553e429,e312448d090c2ab1] 1 --- [http-nio-8080-exec-7] c.l.p.PaymentService : Processed payment 62928 for account A-889 in 46 ms
2024-01-15 10:29:22.100  INFO  [lily-payments,85a57b35effbe5e3e9d3f18c3a97687a,4456ff3f98188500] 1 --- [http-nio-8080-exec-3] c.l.p.PaymentService : Processed payment 62110 for account A-431 in 13 ms
2024-01-15 10:29:23.800  INFO  [lily-payments,51f6095d682590f21c664a355da511e6,886b4ca5dae85399] 1 --- [http-nio-8080-exec-1] c.l.p.PaymentService : Processed payment 78014 for account A-529 in 88 ms
2024-01-15 10:29:25.500  INFO  [lily-payments,d9414cdd821dde6efd91f0a194e84a8c,ca6988be62182b47] 1 --- [scheduling-1] c.l.p.PaymentService : Processed payment 67379 for account A-486 in 38 ms
2024-01-15 10:29:27.200  INFO  [lily-payments,784f166a77721acc2acc0172621de70b,29286f07357725e6] 1 --- [http-nio-8080-exec-7] c.l.p.PaymentService : Processed payment 38946 for account A-390 in 64 ms
2024-01-15 10:29:28.900  INFO  [lily-payments,3c43336777a8eeeac75a592e5d1d1ca1,74aa8c409c3eef28] 1 --- [http-nio-8080-exec-7] c.l.p.PaymentService : Processed payment 51208 for account A-387 in 76 ms
2024-01-15 10:29:30.600  INFO  [lily-payments,0759808f26103ddcc4b5095b291b1302,7d28ff28c33afc3f] 1 --- [http-nio-8080-exec-1] c.l.p.PaymentService : Processed payment 86186 for account A-982 in 10 ms
2024-01-15 10:29:32.300  INFO  [lily-payments,daebba8d0ab60f4f7ffd560cc9647987,7d65d33ba7262197] 1 --- [http-nio-8080-exec-1] c.l.p.PaymentService : Processed payment 81379 for account A-933 in 15 ms
2024-01-15 10:29:34.000  INFO  [lily-payments,74a88f4b0baff2d4628b84aa15073526,f5d83efa285e874a] 1 --- [http-nio-8080-exec-1] c.l.p.PaymentService : Processed payment 66524 for account A-123 in 37 ms
2024-01-15 10:29:35.700  INFO  [lily-payments,b98fbe7a3c122fc84c5524ddb40b79be,accd39698cdecc47] 1 --- [http-nio-8080-exec-7] c.l.p.PaymentService : Processed payment 14888 for account A-393 in 55 ms
2024-01-15 10:29:37.400  INFO  [lily-payments,41f06b2ed601e6bfdfc2e76252b58258,30a390c8cf6ad2d6] 1 --- [http-nio-8080-exec-7] c.l.p.PaymentService : Processed payment 40939 for account A-994 in 77 ms
2024-01-15 10:29:39.100  INFO  [lily-payments,97183a7f6eef2689cac649dee6105f44,0f91e2d54cb6d124] 1 --- [http-nio-8080-exec-7] c.l.p.PaymentService : Processed payment 11299 for account A-383 in 35 ms
2024-01-15 10:29:40.800  INFO  [lily-payments,4f4085116e17aa543fa0c4b4d87600b0,50275e8af1c61a34] 1 --- [http-nio-8080-exec-7] c.l.p.PaymentService : Processed payment 15555 for account A-135 in 13 ms
2024-01-15 10:29:42.500  INFO  [lily-payments,8e1312fbc9096079ab953e95a5a3dd36,298983bdde531d4c] 1 --- [http-nio-8080-exec-7] c.l.p.PaymentService : Processed payment 56450 for account A-157 in 81 ms
2024-01-15 10:29:44.200  INFO  [lily-payments,36ecde4f1344364504c69d39a92e05cb,9c8a04cb153e4e96] 1 --- [http-nio-8080-exec-1] c.l.p.PaymentService : Processed payment 47306 for account A-933 in 48 ms
2024-01-15 10:29:45.900  INFO  [lily-payments,e064aa68971cd9379b3ac925d48c6114,20f7002641ad78d3] 1 --- [http-nio-8080-exec-7] c.l.p.PaymentService : Processed payment 71966 for account A-225 in 78 ms
2024-01-15 10:29:47.600  INFO  [lily-payments,91feecabc0e1ad5fd5116b8f364de874,b8b376fd6de2723e] 1 --- [http-nio-8080-exec-1] c.l.p.PaymentService : Processed payment 79057 for account A-276 in 19 ms
2024-01-15 10:29:49.300  INFO  [lily-payments,cdb6ab15dd8de2858c93d5280d33570a,9b84e6b09c0a1adb] 1 --- [http-nio-8080-exec-3] c.l.p.PaymentService : Processed payment 18502 for account A-739 in 29 ms
2024-01-15 10:29:51.000  INFO  [lily-payments,a387384f717800278f7f265252e99adb,e679707b10cf2f4b] 1 --- [http-nio-8080-exec-7] c.l.p.PaymentService : Processed payment 79825 for account A-814 in 32 ms
2024-01-15 10:29:52.700  INFO  [lily-payments,83467a25b9d1cf37fda19ce187b12ce2,e81e5003df8bf6fb] 1 --- [http-nio-8080-exec-7] c.l.p.PaymentService : Processed payment 99169 for account A-952 in 9 ms
2024-01-15 10:29:54.400  INFO  [lily-payments,d9e8c7949a1448be370a9f324d8d2a59,b2279d3d42e54380] 1 --- [http-nio-8080-exec-7] c.l.p.PaymentService : Processed payment 34118 for account A-269 in 63 ms
2024-01-15 10:29:56.100  INFO  [lily-payments,78bb6d6ccd0ad151e163ed34881b2de2,8bf375d96b53a2ef] 1 --- [http-nio-8080-exec-1] c.l.p.PaymentService : Processed payment 90178 for account A-495 in 25 ms
2024-01-15 10:29:00.000  WARN  [lily-payments,75ca2b927ad50de2c06fb5cb30ba90f3,f9c5448f6221511b] 1 --- [http-nio-8080-exec-7] c.l.p.IssuerClient : Payment declined by issuer code=05 attempt=2
2024-01-15 10:29:00.290  WARN  [lily-payments,172286586474d0142f0eb37e7578af66,2a4303811e3564bf] 1 --- [http-nio-8080-exec-1] c.l.p.IssuerClient : Payment declined by issuer code=61 attempt=3
2024-01-15 10:29:00.580  WARN  [lily-payments,b892428a91e150b2f9b15d2efafdc81a,20a5fc82a2795326] 1 --- [scheduling-1] c.l.p.IssuerClient : Payment declined by issuer code=05 attempt=2
2024-01-15 10:29:00.870  WARN  [lily-payments,0677336a4964d03beb03310f035f48e9,f6e07750ad150ed1] 1 --- [http-nio-8080-exec-3] c.l.p.IssuerClient : Payment declined by issuer code=51 attempt=2
2024-01-15 10:29:01.160  WARN  [lily-payments,5fb9bf795bbb57ed9ddf95cd9fdc2fd8,44645d3c1ba86c20] 1 --- [http-nio-8080-exec-1] c.l.p.IssuerClient : Payment declined by issuer code=05 attempt=3
2024-01-15 10:29:01.450  WARN  [lily-payments,1a86ef704d9249d313e71573f094f1d8,a847a042dc278713] 1 --- [http-nio-8080-exec-1] c.l.p.IssuerClient : Payment declined by issuer code=05 attempt=2
2024-01-15 10:29:01.740  WARN  [lily-payments,4aaeb9550da8abd2d433c1f7a9531072,a09508c3176c063d] 1 --- [scheduling-1] c.l.p.IssuerClient : Payment declined by issuer code=61 attempt=2
2024-01-15 10:29:02.030  WARN  [lily-payments,5b69685945d7ca758d8118e95b750ce4,101f9e21d8fae162] 1 --- [http-nio-8080-exec-3] c.l.p.IssuerClient : Payment declined by issuer code=51 attempt=3
2024-01-15 10:29:02.320  WARN  [lily-payments,a3e08cd66f81ab7f5a12ebb34c05a29a,9fe6678fd7e8029a] 1 --- [http-nio-8080-exec-3] c.l.p.IssuerClient : Payment declined by issuer code=05 attempt=1
2024-01-15 10:29:02.610  WARN  [lily-payments,e50e08c0808ebf04cc1df2aa36a03ea7,de0f46b35a640b1a] 1 --- [http-nio-8080-exec-3] c.l.p.IssuerClient : Payment declined by issuer code=61 attempt=2
2024-01-15 10:29:02.900  WARN  [lily-payments,3ed2a116b375fae49b5bdd6c13a1b569,34b68aecf9a5c9da] 1 --- [http-nio-8080-exec-7] c.l.p.IssuerClient : Payment declined by issuer code=05 attempt=2
2024-01-15 10:29:03.190  WARN  [lily-payments,37972b535a115600d69923f9b665ecaf,325c2f9d03595641] 1 --- [http-nio-8080-exec-1] c.l.p.IssuerClient : Payment declined by issuer code=61 attempt=3
2024-01-15 10:29:03.480  WARN  [lily-payments,312f8ba4fc07848474e2e5c64c1e632b,4e6071a0a60a1f97] 1 --- [http-nio-8080-exec-1] c.l.p.IssuerClient : Payment declined by issuer code=05 attempt=1
2024-01-15 10:29:03.770  WARN  [lily-payments,e1e829c9ae8b567e22e1597eeb66c190,cb88bca1069cc5cc] 1 --- [http-nio-8080-exec-3] c.l.p.IssuerClient : Payment declined by issuer code=51 attempt=3
2024-01-15 10:29:04.060  WARN  [lily-payments,99e327f8e36165134fef5b26d15c1038,63be16b01c64bfa9] 1 --- [http-nio-8080-exec-7] c.l.p.IssuerClient : Payment declined by issuer code=05 attempt=3
2024-01-15 10:29:04.350  WARN  [lily-payments,986c95c7db5cc1e76e948036ced87903,c5b43e45e9138489] 1 --- [http-nio-8080-exec-1] c.l.p.IssuerClient : Payment declined by issuer code=05 attempt=2
2024-01-15 10:29:04.640  WARN  [lily-payments,764ace1097f43678f41e76b3727c6bd5,08cb76b15c6a5fe7] 1 --- [http-nio-8080-exec-3] c.l.p.IssuerClient : Payment declined by issuer code=61 attempt=1
2024-01-15 10:29:04.930  WARN  [lily-payments,81a130d7b1d15990669da675e8a18f65,4a71a28f2e806611] 1 --- [http-nio-8080-exec-3] c.l.p.IssuerClient : Payment declined by issuer code=61 attempt=2
2024-01-15 10:29:05.220  WARN  [lily-payments,703f6ee49f8c4599769a7cd528653d33,265753c4d49902ea] 1 --- [http-nio-8080-exec-3] c.l.p.IssuerClient : Payment declined by issuer code=61 attempt=2
2024-01-15 10:29:05.510  WARN  [lily-payments,89f1f3429d7164329594a25daf27ff7c,03bf04c51813e1cf] 1 --- [http-nio-8080-exec-7] c.l.p.IssuerClient : Payment declined by issuer code=61 attempt=3
2024-01-15 10:29:05.800  WARN  [lily-payments,d9d3ee20052db2548766a91c4010b2c9,0bc76cf5895a54b8] 1 --- [http-nio-8080-exec-7] c.l.p.IssuerClient : Payment declined by issuer code=51 attempt=3
2024-01-15 10:29:06.090  WARN  [lily-payments,8f6f3c8742acb0cdda218c15e3ca4c81,a2ae8f336f5b5a62] 1 --- [http-nio-8080-exec-3] c.l.p.IssuerClient : Payment declined by issuer code=61 attempt=3
2024-01-15 10:29:06.380  WARN  [lily-payments,f55a119db6885e5f28a6681569249ab1,bc86177eb7b22b21] 1 --- [scheduling-1] c.l.p.IssuerClient : Payment declined by issuer code=51 attempt=3
2024-01-15 10:29:06.670  WARN  [lily-payments,e0cc459a265950868710ef8a65555c02,f2f20efd43fa7825] 1 --- [scheduling-1] c.l.p.IssuerClient : Payment declined by issuer code=61 attempt=1
2024-01-15 10:29:06.960  WARN  [lily-payments,da6ae4ceaa4b78329c04a21e2323a23d,d4fa5adfc0871a04] 1 --- [http-nio-8080-exec-3] c.l.p.IssuerClient : Payment declined by issuer code=51 attempt=1
2024-01-15 10:29:07.250  WARN  [lily-payments,0f551384ec61f8ed52450b658c25368d,7ba932932d7c099d] 1 --- [http-nio-8080-exec-7] c.l.p.IssuerClient : Payment declined by issuer code=61 attempt=2
2024-01-15 10:29:07.540  WARN  [lily-payments,a14954fd33ff9d1f0c05deabd59b365e,f09748a9b117dfd3] 1 --- [scheduling-1] c.l.p.IssuerClient : Payment declined by issuer code=05 attempt=3
2024-01-15 10:29:07.830  WARN  [lily-payments,7ccf5c5ff8c57a37cfc62083233e008e,4dd52e7848be68f9] 1 --- [http-nio-8080-exec-7] c.l.p.IssuerClient : Payment declined by issuer code=05 attempt=1
2024-01-15 10:29:08.120  WARN  [lily-payments,fa10d90c6925bdd8135b6b6926148780,a4c209073c156938] 1 --- [http-nio-8080-exec-7] c.l.p.IssuerClient : Payment declined by issuer code=05 attempt=1
2024-01-15 10:29:08.410  WARN  [lily-payments,ab54bed0c368b32f5fa9b67d6d319ded,e9ffc5eadb33f71d] 1 --- [http-nio-8080-exec-7] c.l.p.IssuerClient : Payment declined by issuer code=51 attempt=2
2024-01-15 10:29:08.700  WARN  [lily-payments,cb18b9a8275029b832690f8a27a491ee,c954769d8e8436b4] 1 --- [http-nio-8080-exec-3] c.l.p.IssuerClient : Payment declined by issuer code=05 attempt=1
2024-01-15 10:29:08.990  WARN  [lily-payments,08ee7b128e0c50a448f2d093527a655d,dae5a8139834ba13] 1 --- [http-nio-8080-exec-3] c.l.p.IssuerClient : Payment declined by issuer code=61 attempt=2
2024-01-15 10:29:09.280  WARN  [lily-payments,87a2e16b96d019e10346484f6a91ffc1,340bd46848345107] 1 --- [http-nio-8080-exec-3] c.l.p.IssuerClient : Payment declined by issuer code=51 attempt=2
2024-01-15 10:29:09.570  WARN  [lily-payments,588aa09e4509293327dfa6e1834718b9,dcbb248ff2de8c6f] 1 --- [http-nio-8080-exec-1] c.l.p.IssuerClient : Payment declined by issuer code=51 attempt=3
2024-01-15 10:29:09.860  WARN  [lily-payments,2ded953b27c6a0fd2e2d053f9c7b1677,c54732a3ae775ec3] 1 --- [http-nio-8080-exec-3] c.l.p.IssuerClient : Payment declined by issuer code=05 attempt=3
2024-01-15 10:29:10.150  WARN  [lily-payments,8ba796ad30436206d9dae93aea3ebaf8,c72b61647fc7573e] 1 --- [http-nio-8080-exec-1] c.l.p.IssuerClient : Payment declined by issuer code=51 attempt=2
2024-01-15 10:29:10.440  WARN  [lily-payments,57930e76c878d5a1e85eb8c7303f45f8,12a16dfc2cfeebde] 1 --- [http-nio-8080-exec-7] c.l.p.IssuerClient : Payment declined by issuer code=05 attempt=3
2024-01-15 10:29:10.730  WARN  [lily-payments,b358123c8f7f24e3eeb7e9ce66a27001,052f0f57ca09ad24] 1 --- [http-nio-8080-exec-7] c.l.p.IssuerClient : Payment declined by issuer code=61 attempt=2
2024-01-15 10:29:11.020  WARN  [lily-payments,10390a10c0319d089cdabda9b9717b6e,38aa2a321153fe5c] 1 --- [http-nio-8080-exec-3] c.l.p.IssuerClient : Payment declined by issuer code=51 attempt=3
2024-01-15 10:29:11.310  WARN  [lily-payments,9e7f54245d8c61e8ba0329f25fe4d98f,e3c2c9576cc9bea4] 1 --- [http-nio-8080-exec-1] c.l.p.IssuerClient : Payment declined by issuer code=05 attempt=3
2024-01-15 10:29:11.600  WARN  [lily-payments,8cb805b668b969b1458d910a218b6552,ec9883676deb5c80] 1 --- [http-nio-8080-exec-7] c.l.p.IssuerClient : Payment declined by issuer code=51 attempt=1
2024-01-15 10:29:11.890  WARN  [lily-payments,767ab1c76aade9fee31d8148c9e5de66,839157cac8a8fa60] 1 --- [scheduling-1] c.l.p.IssuerClient : Payment declined by issuer code=05 attempt=2
2024-01-15 10:29:12.180  WARN  [lily-payments,214fcef1b4663d6c48d29ce3fc996254,15a40171c186cb99] 1 --- [http-nio-8080-exec-7] c.l.p.IssuerClient : Payment declined by issuer code=51 attempt=1
2024-01-15 10:29:12.470  WARN  [lily-payments,4194ab006501b9b0d551948452071448,3b73c982785cb904] 1 --- [http-nio-8080-exec-7] c.l.p.IssuerClient : Payment declined by issuer code=51 attempt=1
2024-01-15 10:29:12.760  WARN  [lily-payments,c59f8f48f4f484a990fcddde244dccce,afbcd09dbc1f2da2] 1 --- [http-nio-8080-exec-1] c.l.p.IssuerClient : Payment declined by issuer code=05 attempt=3
2024-01-15 10:29:13.050  WARN  [lily-payments,da1a2b5b8b10712dedef0dcc75a59bc3,f6e992c3c8837365] 1 --- [http-nio-8080-exec-7] c.l.p.IssuerClient : Payment declined by issuer code=51 attempt=2
2024-01-15 10:29:13.340  WARN  [lily-payments,e34a0775b85031e3231f378d2a31401c,208b0972854f2971] 1 --- [http-nio-8080-exec-7] c.l.p.IssuerClient : Payment declined by issuer code=05 attempt=1
2024-01-15 10:29:13.630  WARN  [lily-payments,eb6b5d00ee4db297580e1aba60b0d728,cf96f78253a7093a] 1 --- [http-nio-8080-exec-1] c.l.p.IssuerClient : Payment declined by issuer code=05 attempt=3
2024-01-15 10:29:13.920  WARN  [lily-payments,61954f570e86945cf84ec78da6e12dfc,55ae9fa061f1c971] 1 --- [http-nio-8080-exec-1] c.l.p.IssuerClient : Payment declined by issuer code=51 attempt=2
2024-01-15 10:29:14.210  WARN  [lily-payments,affa2182571bbef3cb92a79dd746d174,c0d3b86f25d8f3e3] 1 --- [http-nio-8080-exec-3] c.l.p.IssuerClient : Payment declined by issuer code=05 attempt=1
2024-01-15 10:29:14.500  WARN  [lily-payments,c859e58f5289985893c96df2ac82cc20,ffbe21973c96b2b1] 1 --- [http-nio-8080-exec-1] c.l.p.IssuerClient : Payment declined by issuer code=51 attempt=3
2024-01-15 10:29:14.790  WARN  [lily-payments,1aa715ea8b212038bcb91fb2e47656c5,cb6c00c1be2f2a62] 1 --- [http-nio-8080-exec-3] c.l.p.IssuerClient : Payment declined by issuer code=61 attempt=3
2024-01-15 10:29:15.080  WARN  [lily-payments,766f2805eb4d9d8ddf086978d17f0f2d,9e3b18027a3a0376] 1 --- [http-nio-8080-exec-1] c.l.p.IssuerClient : Payment declined by issuer code=05 attempt=2
2024-01-15 10:29:15.370  WARN  [lily-payments,b1f48576390212e23d559573673d24a5,1e905caf663d84bd] 1 --- [scheduling-1] c.l.p.IssuerClient : Payment declined by issuer code=51 attempt=2
2024-01-15 10:29:15.660  WARN  [lily-payments,4656d305f031d1075627bd859ac07a5c,eb5fd21467731bb7] 1 --- [scheduling-1] c.l.p.IssuerClient : Payment declined by issuer code=05 attempt=1
2024-01-15 10:29:15.950  WARN  [lily-payments,77c2e378e10ea6e913af0d2d555b68a5,3a9a462894c3dffa] 1 --- [http-nio-8080-exec-3] c.l.p.IssuerClient : Payment declined by issuer code=05 attempt=1
2024-01-15 10:29:16.240  WARN  [lily-payments,6574775c608a5a367843b3d7efd7c89e,c7690fe976189751] 1 --- [http-nio-8080-exec-1] c.l.p.IssuerClient : Payment declined by issuer code=51 attempt=3
2024-01-15 10:29:16.530  WARN  [lily-payments,850666c06acd2e2d1e0708e5feb960a5,7c18edadf227dc6d] 1 --- [scheduling-1] c.l.p.IssuerClient : Payment declined by issuer code=51 attempt=2
2024-01-15 10:29:16.820  WARN  [lily-payments,ee5b540d8c69befab348f8d47f32bd93,eca8397a53a83be2] 1 --- [scheduling-1] c.l.p.IssuerClient : Payment declined by issuer code=51 attempt=2
2024-01-15 10:29:17.110  WARN  [lily-payments,e93a70a35052884590d32ef8b45e6896,a31c4c4c1aefe175] 1 --- [http-nio-8080-exec-1] c.l.p.IssuerClient : Payment declined by issuer code=51 attempt=3
2024-01-15 10:29:17.400  WARN  [lily-payments,bbaa718a9322754cd59efb83b1da1581,355d4645c9e6e31c] 1 --- [http-nio-8080-exec-7] c.l.p.IssuerClient : Payment declined by issuer code=61 attempt=3
2024-01-15 10:29:17.690  WARN  [lily-payments,8074648e5fb3d532f53ee75adedc61f2,0e09719c68a1028d] 1 --- [http-nio-8080-exec-3] c.l.p.IssuerClient : Payment declined by issuer code=51 attempt=3
2024-01-15 10:29:17.980  WARN  [lily-payments,c9e0154d78118540a383e0f83f4446d1,bf4d0825aec1f1b0] 1 --- [http-nio-8080-exec-3] c.l.p.IssuerClient : Payment declined by issuer code=51 attempt=2
2024-01-15 10:29:18.270  WARN  [lily-payments,6cd2bdec7dc9a608fdd41387837c9ff8,4a9b2f3196587151] 1 --- [scheduling-1] c.l.p.IssuerClient : Payment declined by issuer code=61 attempt=1
2024-01-15 10:29:18.560  WARN  [lily-payments,01f2c2e5fe9d0b645f35d7cd7083419b,52be354c75362ecd] 1 --- [scheduling-1] c.l.p.IssuerClient : Payment declined by issuer code=05 attempt=2
2024-01-15 10:29:18.850  WARN  [lily-payments,ccd98e1205c612de3281bdf990cfa9c7,7de09dd592eb342f] 1 --- [http-nio-8080-exec-7] c.l.p.IssuerClient : Payment declined by issuer code=51 attempt=1
2024-01-15 10:29:19.140  WARN  [lily-payments,195bef5377e737283645bb89c129940e,acaf185f621ce61e] 1 --- [scheduling-1] c.l.p.IssuerClient : Payment declined by issuer code=51 attempt=3
2024-01-15 10:29:19.430  WARN  [lily-payments,3588f3177e0fafe3d73179ee4df4e454,6229fd0be890fdf3] 1 --- [http-nio-8080-exec-1] c.l.p.IssuerClient : Payment declined by issuer code=51 attempt=3
2024-01-15 10:29:19.720  WARN  [lily-payments,c1e34dc10cc48aadafec72aa67f3378d,d8ee64fa32323bfc] 1 --- [http-nio-8080-exec-3] c.l.p.IssuerClient : Payment declined by issuer code=61 attempt=2
2024-01-15 10:29:20.010  WARN  [lily-payments,e2fe92eebd59bd83d400363bd85b6fd1,411f66c351a5f50f] 1 --- [http-nio-8080-exec-1] c.l.p.IssuerClient : Payment declined by issuer code=05 attempt=1
2024-01-15 10:29:20.300  WARN  [lily-payments,a4668c437ba890b489c46fffb6e725d5,f7f153dfd3640fb3] 1 --- [http-nio-8080-exec-7] c.l.p.IssuerClient : Payment declined by issuer code=51 attempt=1
2024-01-15 10:29:20.590  WARN  [lily-payments,c2c3c6fa67e71b82e85fa057cc0ae288,94f917644bdc9a20] 1 --- [http-nio-8080-exec-1] c.l.p.IssuerClient : Payment declined by issuer code=05 attempt=3
2024-01-15 10:29:20.880  WARN  [lily-payments,2eae360f3e13fff4cec82b8bd5615fc7,e32360ac8a4f3406] 1 --- [http-nio-8080-exec-7] c.l.p.IssuerClient : Payment declined by issuer code=61 attempt=3
2024-01-15 10:29:21.170  WARN  [lily-payments,721864eed345a16021b3f3c77936c5ff,cbf2345d8a033a5c] 1 --- [http-nio-8080-exec-7] c.l.p.IssuerClient : Payment declined by issuer code=51 attempt=2
2024-01-15 10:29:21.460  WARN  [lily-payments,5fdf92128707dfb204ce4755536e01ab,61d7d9a33aa088f5] 1 --- [http-nio-8080-exec-3] c.l.p.IssuerClient : Payment declined by issuer code=51 attempt=1
2024-01-15 10:29:21.750  WARN  [lily-payments,c0b3e4195dc2b63d4c8cd20433911d68,d05f4a45e45c944f] 1 --- [http-nio-8080-exec-7] c.l.p.IssuerClient : Payment declined by issuer code=51 attempt=1
2024-01-15 10:29:22.040  WARN  [lily-payments,fa5149fd6ffea54d37658c150fd8c8fb,1b033bbae4160cc6] 1 --- [scheduling-1] c.l.p.IssuerClient : Payment declined by issuer code=61 attempt=1
2024-01-15 10:29:22.330  WARN  [lily-payments,db93f950b91041ed8f5d1720f93acb79,665b6b8497f29084] 1 --- [http-nio-8080-exec-7] c.l.p.IssuerClient : Payment declined by issuer code=05 attempt=2
2024-01-15 10:29:22.620  WARN  [lily-payments,84231a0a0e01ebfed9ffa506315a3113,ab35ba7fda785c61] 1 --- [scheduling-1] c.l.p.IssuerClient : Payment declined by issuer code=61 attempt=2
2024-01-15 10:29:22.910  WARN  [lily-payments,0759c914464185b0ef2c6636a771ac98,32feda9df8273894] 1 --- [http-nio-8080-exec-7] c.l.p.IssuerClient : Payment declined by issuer code=51 attempt=3
2024-01-15 10:29:23.200  WARN  [lily-payments,2ffa54fe1cbd9213dbf60668a363d0e4,1a827072eb492485] 1 --- [scheduling-1] c.l.p.IssuerClient : Payment declined by issuer code=51 attempt=1
2024-01-15 10:29:23.490  WARN  [lily-payments,0a0677e341e750b327be8def5f5f7f5c,eeb9f4b7d1b2c0dc] 1 --- [http-nio-8080-exec-3] c.l.p.IssuerClient : Payment declined by issuer code=51 attempt=2
2024-01-15 10:29:23.780  WARN  [lily-payments,efebb7ff5f9241a1718d3227f09f1ca9,f8eedc35b5e789db] 1 --- [http-nio-8080-exec-3] c.l.p.IssuerClient : Payment declined by issuer code=05 attempt=3
2024-01-15 10:29:24.070  WARN  [lily-payments,274ec2546a04d0f892f7d063955c4db4,cfa1d1adf0d7c4b8] 1 --- [http-nio-8080-exec-3] c.l.p.IssuerClient : Payment declined by issuer code=05 attempt=3
2024-01-15 10:29:24.360  WARN  [lily-payments,829d7031b65b1fe5bd293f24a9af76c6,e0f4d45b8028ca5e] 1 --- [http-nio-8080-exec-3] c.l.p.IssuerClient : Payment declined by issuer code=05 attempt=2
2024-01-15 10:29:24.650  WARN  [lily-payments,0ede04f0af749272ec5343132d457cce,71b33e887883ef0b] 1 --- [scheduling-1] c.l.p.IssuerClient : Payment declined by issuer code=05 attempt=1
2024-01-15 10:29:24.940  WARN  [lily-payments,8caa3c5b67459e85bb923e6de76829ba,98c839d87cdc6d10] 1 --- [http-nio-8080-exec-7] c.l.p.IssuerClient : Payment declined by issuer code=61 attempt=1
2024-01-15 10:29:25.230  WARN  [lily-payments,2a73511e624663388a58a6b141db5b30,b526bf33335cb3a1] 1 --- [http-nio-8080-exec-1] c.l.p.IssuerClient : Payment declined by issuer code=51 attempt=1
2024-01-15 10:29:25.520  WARN  [lily-payments,758576f3fdcb1d67199d1ea46c2735f3,a4b0b1151981fce7] 1 --- [scheduling-1] c.l.p.IssuerClient : Payment declined by issuer code=61 attempt=1
2024-01-15 10:29:25.810  WARN  [lily-payments,758ee823f93194589185df1336913b84,81b65bea74beb4ea] 1 --- [scheduling-1] c.l.p.IssuerClient : Payment declined by issuer code=61 attempt=3
2024-01-15 10:29:26.100  WARN  [lily-payments,aa8159963e4421bd8aa0a0eff02e9767,cd31eb169e6b5dda] 1 --- [http-nio-8080-exec-7] c.l.p.IssuerClient : Payment declined by issuer code=05 attempt=3
2024-01-15 10:29:26.390  WARN  [lily-payments,ff9d2300b42d07bb9d97521e1663dc04,a28abe5a4824c333] 1 --- [http-nio-8080-exec-7] c.l.p.IssuerClient : Payment declined by issuer code=05 attempt=1
2024-01-15 10:29:26.680  WARN  [lily-payments,2fd32d15d7ac1919e2ad51c25eeb42c2,1ff8c918c0263ca7] 1 --- [http-nio-8080-exec-1] c.l.p.IssuerClient : Payment declined by issuer code=61 attempt=3
2024-01-15 10:29:26.970  WARN  [lily-payments,eee8aacabf1aec2d97a4d3c5874d534e,b44a24a08265722b] 1 --- [http-nio-8080-exec-3] c.l.p.IssuerClient : Payment declined by issuer code=05 attempt=2
2024-01-15 10:29:27.260  WARN  [lily-payments,ceb5436ce5f1f9a1f36af6cc401cd71e,7cbe0fadfd35347c] 1 --- [http-nio-8080-exec-3] c.l.p.IssuerClient : Payment declined by issuer code=61 attempt=1
2024-01-15 10:29:27.550  WARN  [lily-payments,65fdaecdfd907a136cf337ca715d3c41,a9799d21e1b7515e] 1 --- [scheduling-1] c.l.p.IssuerClient : Payment declined by issuer code=05 attempt=3
2024-01-15 10:29:27.840  WARN  [lily-payments,e1e83b4465d2b85347d7db657db6e472,cc22ab38c1afbd20] 1 --- [http-nio-8080-exec-7] c.l.p.IssuerClient : Payment declined by issuer code=05 attempt=3
2024-01-15 10:29:28.130  WARN  [lily-payments,3122f0c09f4824525ef16a87b3648438,5d5cdf94e1dd9264] 1 --- [scheduling-1] c.l.p.IssuerClient : Payment declined by issuer code=05 attempt=3
2024-01-15 10:29:28.420  WARN  [lily-payments,60c69c5c1df69a99bb0a9da8ca1720d8,7c55aa3377572b46] 1 --- [scheduling-1] c.l.p.IssuerClient : Payment declined by issuer code=61 attempt=2
2024-01-15 10:29:28.710  WARN  [lily-payments,bd72a141439b88a30a5fe2f273d22ef3,3ff16adb894e5b81] 1 --- [http-nio-8080-exec-3] c.l.p.IssuerClient : Payment declined by issuer code=51 attempt=1
2024-01-15 10:29:29.000  WARN  [lily-payments,a92522641d67dfa50f7a6fa73e0f8d22,de1ce3aba36aeaa5] 1 --- [http-nio-8080-exec-1] c.l.p.IssuerClient : Payment declined by issuer code=05 attempt=2
2024-01-15 10:29:29.290  WARN  [lily-payments,944a771e4b7be38cd68b43d6953e6fbf,7c2b9ac5482b9fec] 1 --- [scheduling-1] c.l.p.IssuerClient : Payment declined by issuer code=51 attempt=1
2024-01-15 10:29:29.580  WARN  [lily-payments,2796fbb32880b57147d0a39185d6cf26,333161d4087c50e7] 1 --- [scheduling-1] c.l.p.IssuerClient : Payment declined by issuer code=51 attempt=2
2024-01-15 10:29:29.870  WARN  [lily-payments,ee39d39dccc76a5dc70ca61fa5df29cf,674eb39a0fe93321] 1 --- [http-nio-8080-exec-3] c.l.p.IssuerClient : Payment declined by issuer code=51 attempt=2
2024-01-15 10:29:30.160  WARN  [lily-payments,764403aac1fe781ee472a240e6bd2395,c4b89c951af7dc28] 1 --- [scheduling-1] c.l.p.IssuerClient : Payment declined by issuer code=05 attempt=2
2024-01-15 10:29:30.450  WARN  [lily-payments,441c6a25c5f6533f41d7542d3d51a6c4,081bd9c4c622392d] 1 --- [scheduling-1] c.l.p.IssuerClient : Payment declined by issuer code=61 attempt=2
2024-01-15 10:29:30.740  WARN  [lily-payments,bb3cc7382e7c71bcd1618cd01ebc4575,ed2c373d92e2147e] 1 --- [http-nio-8080-exec-3] c.l.p.IssuerClient : Payment declined by issuer code=51 attempt=2
2024-01-15 10:29:31.030  WARN  [lily-payments,ab77256de57969c5eece72568cd12619,4782e0ac4ae1341b] 1 --- [http-nio-8080-exec-7] c.l.p.IssuerClient : Payment declined by issuer code=51 attempt=1
2024-01-15 10:29:31.320  WARN  [lily-payments,dbe8b3003ffb6909ed66ab4688251423,ade8027549561fb1] 1 --- [http-nio-8080-exec-7] c.l.p.IssuerClient : Payment declined by issuer code=61 attempt=2
2024-01-15 10:29:31.610  WARN  [lily-payments,448a792029d00e66c8fcaa7ee8dadf0d,8234480a99aa7d9c] 1 --- [http-nio-8080-exec-7] c.l.p.IssuerClient : Payment declined by issuer code=05 attempt=2
2024-01-15 10:29:31.900  WARN  [lily-payments,363ebefcc78bc1ea62778a1d8e8fde94,9328eedf7f5c32eb] 1 --- [http-nio-8080-exec-7] c.l.p.IssuerClient : Payment declined by issuer code=51 attempt=3
2024-01-15 10:29:32.190  WARN  [lily-payments,907ca0d70fe2f95b1e6cf1066540727d,ecdff9e4bc367143] 1 --- [scheduling-1] c.l.p.IssuerClient : Payment declined by issuer code=05 attempt=2
2024-01-15 10:29:32.480  WARN  [lily-payments,37370530406956ce5a6dae8bffa03505,338c21f375968f5f] 1 --- [http-nio-8080-exec-3] c.l.p.IssuerClient : Payment declined by issuer code=05 attempt=3
2024-01-15 10:29:32.770  WARN  [lily-payments,9ff1cf736fcf42eaf422a0edc3948fa5,cc5e7468e7ba2546] 1 --- [http-nio-8080-exec-1] c.l.p.IssuerClient : Payment declined by issuer code=51 attempt=3
2024-01-15 10:29:33.060  WARN  [lily-payments,38ada718770ae40f3080c8f8c5603745,0cd15e3c1999d5aa] 1 --- [http-nio-8080-exec-3] c.l.p.IssuerClient : Payment declined by issuer code=61 attempt=1
2024-01-15 10:29:33.350  WARN  [lily-payments,d56ee69c0c20587b201223bd6a909843,f76e0dce29a084f9] 1 --- [http-nio-8080-exec-1] c.l.p.IssuerClient : Payment declined by issuer code=05 attempt=1
2024-01-15 10:29:33.640  WARN  [lily-payments,262a094085a39eecd9acdc65fef30476,64c1f32a83a58fa4] 1 --- [http-nio-8080-exec-3] c.l.p.IssuerClient : Payment declined by issuer code=05 attempt=2
2024-01-15 10:29:33.930  WARN  [lily-payments,9edadc0b6a0887d2cfc1340141844959,2e6491a73644d99a] 1 --- [http-nio-8080-exec-7] c.l.p.IssuerClient : Payment declined by issuer code=61 attempt=3
2024-01-15 10:29:34.220  WARN  [lily-payments,df97f7edd4d7486c483a018157bb7754,471675f16ee0b7a7] 1 --- [http-nio-8080-exec-3] c.l.p.IssuerClient : Payment declined by issuer code=05 attempt=2
2024-01-15 10:29:34.510  WARN  [lily-payments,6df2450d8ee7bcb2fcb51c648e66ca43,23ac2121e88f81c2] 1 --- [scheduling-1] c.l.p.IssuerClient : Payment declined by issuer code=61 attempt=1
2024-01-15 10:29:34.800  WARN  [lily-payments,20b893adb191c51c2f0681dd3b2adafc,d899e910d4fc2525] 1 --- [http-nio-8080-exec-3] c.l.p.IssuerClient : Payment declined by issuer code=51 attempt=1
2024-01-15 10:29:35.090  WARN  [lily-payments,27c38c9f31959bcc6d2878571f7ee140,e0a214ecd6b14282] 1 --- [http-nio-8080-exec-3] c.l.p.IssuerClient : Payment declined by issuer code=61 attempt=3
2024-01-15 10:29:35.380  WARN  [lily-payments,7a21c4e6cea01f3d9cd0487557ed4d3a,ecc98167b23ce34f] 1 --- [http-nio-8080-exec-7] c.l.p.IssuerClient : Payment declined by issuer code=51 attempt=2
2024-01-15 10:29:35.670  WARN  [lily-payments,4cf5788803453d8f3f7a2b7b05b1b3d0,291eba41bc134dc1] 1 --- [http-nio-8080-exec-3] c.l.p.IssuerClient : Payment declined by issuer code=51 attempt=1
2024-01-15 10:29:35.960  WARN  [lily-payments,70445d6509809b9976e2ed9d6bdb1746,f6536f83ac84fa91] 1 --- [scheduling-1] c.l.p.IssuerClient : Payment declined by issuer code=61 attempt=2
2024-01-15 10:29:36.250  WARN  [lily-payments,bbf2a354f0e92019400ee1b1ae4535dd,8290f59a953de650] 1 --- [http-nio-8080-exec-1] c.l.p.IssuerClient : Payment declined by issuer code=05 attempt=1
2024-01-15 10:29:36.540  WARN  [lily-payments,0e8b6e88aaba61387ae3b9792d0319d2,9b1c58f59bbd3283] 1 --- [http-nio-8080-exec-7] c.l.p.IssuerClient : Payment declined by issuer code=05 attempt=1
2024-01-15 10:29:36.830  WARN  [lily-payments,42442c7af11af80bd3dbc43055cc6e4e,719692c1920611a8] 1 --- [http-nio-8080-exec-3] c.l.p.IssuerClient : Payment declined by issuer code=51 attempt=2
2024-01-15 10:29:37.120  WARN  [lily-payments,ff188b004ee168f198ff341122ec232a,8541278314baeda1] 1 --- [http-nio-8080-exec-3] c.l.p.IssuerClient : Payment declined by issuer code=61 attempt=1
2024-01-15 10:29:37.410  WARN  [lily-payments,8da6b3bb2e221d87716d91f0d5def4cd,f76c46f962f6a3bc] 1 --- [http-nio-8080-exec-3] c.l.p.IssuerClient : Payment declined by issuer code=51 attempt=1
2024-01-15 10:29:37.700  WARN  [lily-payments,85a444732baddf14c55de865b1ae6926,786b2d35af9d12cb] 1 --- [http-nio-8080-exec-3] c.l.p.IssuerClient : Payment declined by issuer code=05 attempt=1
2024-01-15 10:29:37.990  WARN  [lily-payments,c81c93242dc946358a23cab8ee67bc43,ea4bc8ec53cb68df] 1 --- [scheduling-1] c.l.p.IssuerClient : Payment declined by issuer code=61 attempt=2
2024-01-15 10:29:38.280  WARN  [lily-payments,b11130ce6180ff4085f554c8bbdb8784,b7d2ab131e80bc1d] 1 --- [http-nio-8080-exec-7] c.l.p.IssuerClient : Payment declined by issuer code=05 attempt=3
2024-01-15 10:29:38.570  WARN  [lily-payments,5b7e98e88d67ff98a25ae3923540a47e,fc5460787b151eb1] 1 --- [scheduling-1] c.l.p.IssuerClient : Payment declined by issuer code=51 attempt=1
2024-01-15 10:29:38.860  WARN  [lily-payments,4a2f2f3b64df1ee15a80fbbfc921fba9,f6c38a4bb91e6d03] 1 --- [http-nio-8080-exec-1] c.l.p.IssuerClient : Payment declined by issuer code=51 attempt=3
2024-01-15 10:29:39.150  WARN  [lily-payments,de6dd4ac3c244efeb77aef750849c6aa,b87c3ac14f6592a1] 1 --- [scheduling-1] c.l.p.IssuerClient : Payment declined by issuer code=51 attempt=2
2024-01-15 10:29:39.440  WARN  [lily-payments,98462c5a8a874b9ee2c1348cbf43b518,8910a12e1138ce86] 1 --- [http-nio-8080-exec-1] c.l.p.IssuerClient : Payment declined by issuer code=05 attempt=3
2024-01-15 10:29:39.730  WARN  [lily-payments,dea8d7c05b8ad44794e9823fcfca0fce,425f6ced1e18e04e] 1 --- [http-nio-8080-exec-1] c.l.p.IssuerClient : Payment declined by issuer code=05 attempt=3
2024-01-15 10:29:40.020  WARN  [lily-payments,91f2d0dc70209f62c4da2d065435c0ae,2a4e4aa6ff921235] 1 --- [http-nio-8080-exec-7] c.l.p.IssuerClient : Payment declined by issuer code=61 attempt=1
2024-01-15 10:29:40.310  WARN  [lily-payments,fdc1bb7d3f91fcece5983914f897512f,d3528f7f794813f8] 1 --- [http-nio-8080-exec-1] c.l.p.IssuerClient : Payment declined by issuer code=61 attempt=1
2024-01-15 10:29:40.600  WARN  [lily-payments,512ff75c02b487e99d502feed3777f26,2bab7a4c7b3ae92b] 1 --- [http-nio-8080-exec-1] c.l.p.IssuerClient : Payment declined by issuer code=61 attempt=3
2024-01-15 10:29:40.890  WARN  [lily-payments,4e6f556310807ed8c5dfdbbcbe618610,6d176550912cdafc] 1 --- [scheduling-1] c.l.p.IssuerClient : Payment declined by issuer code=61 attempt=1
2024-01-15 10:29:41.180  WARN  [lily-payments,fffdfef42a296b0fc61fb7651cad9b96,4f7c22e8fa3510b4] 1 --- [http-nio-8080-exec-3] c.l.p.IssuerClient : Payment declined by issuer code=05 attempt=2
2024-01-15 10:29:41.470  WARN  [lily-payments,dcbd77dcc8169d429662f6765bc5d56d,17e7a0e83f662596] 1 --- [http-nio-8080-exec-7] c.l.p.IssuerClient : Payment declined by issuer code=05 attempt=2
2024-01-15 10:29:41.760  WARN  [lily-payments,1eab5b2a60db22126b5ad69627b11eac,de9ca5f47a2557f9] 1 --- [http-nio-8080-exec-3] c.l.p.IssuerClient : Payment declined by issuer code=61 attempt=2
2024-01-15 10:29:42.050  WARN  [lily-payments,25bc7e9f0f38065fa9eef925bcf0daf3,0979d949b76bd5e6] 1 --- [http-nio-8080-exec-7] c.l.p.IssuerClient : Payment declined by issuer code=61 attempt=2
2024-01-15 10:29:42.340  WARN  [lily-payments,c3306bb66a165c4dd1c2cbe449115325,fe1ea5581c9b14ad] 1 --- [http-nio-8080-exec-7] c.l.p.IssuerClient : Payment declined by issuer code=05 attempt=1
2024-01-15 10:29:42.630  WARN  [lily-payments,850e74e2da959c7d7469460a17e1d656,aefb751068d367e8] 1 --- [scheduling-1] c.l.p.IssuerClient : Payment declined by issuer code=05 attempt=3
2024-01-15 10:29:42.920  WARN  [lily-payments,6a0d9408f175f1b24a70407455a26bfc,11893264641c8e8c] 1 --- [http-nio-8080-exec-1] c.l.p.IssuerClient : Payment declined by issuer code=05 attempt=3
2024-01-15 10:29:43.210  WARN  [lily-payments,9d0823ba7ee68613c60257374bcce9c2,69ad57c02ec8c530] 1 --- [scheduling-1] c.l.p.IssuerClient : Payment declined by issuer code=51 attempt=1
2024-01-15 10:29:43.500  WARN  [lily-payments,5f5e862f49fa4e58565c206d1e72e3f3,d146021fd8ba1375] 1 --- [http-nio-8080-exec-7] c.l.p.IssuerClient : Payment declined by issuer code=61 attempt=2
2024-01-15 10:29:43.790  WARN  [lily-payments,19f0eab616beae8b12aa28a0fcbf9628,39cbb287f46b99f1] 1 --- [http-nio-8080-exec-1] c.l.p.IssuerClient : Payment declined by issuer code=61 attempt=2
2024-01-15 10:29:44.080  WARN  [lily-payments,add7f1d2de9a64a13ac02c168e53c68d,bd1588f8978833d1] 1 --- [http-nio-8080-exec-7] c.l.p.IssuerClient : Payment declined by issuer code=05 attempt=1
2024-01-15 10:29:44.370  WARN  [lily-payments,c8e4393ea0a7c19918a7dda59ae4c158,2eb3a07fdd9a5a74] 1 --- [scheduling-1] c.l.p.IssuerClient : Payment declined by issuer code=05 attempt=2
2024-01-15 10:29:44.660  WARN  [lily-payments,66500ef5857fc4cd2da0d46d3274bdfc,a374e2e13030ba1d] 1 --- [scheduling-1] c.l.p.IssuerClient : Payment declined by issuer code=61 attempt=1
2024-01-15 10:29:44.950  WARN  [lily-payments,3b945c9d275a78a88068c7bff11482b5,9f32b069f8b98ef2] 1 --- [http-nio-8080-exec-7] c.l.p.IssuerClient : Payment declined by issuer code=51 attempt=1
2024-01-15 10:29:45.240  WARN  [lily-payments,1f48aa4d394dd82e15b065a295febee8,64d3ba78c91ff1d9] 1 --- [http-nio-8080-exec-1] c.l.p.IssuerClient : Payment declined by issuer code=05 attempt=3
2024-01-15 10:29:45.530  WARN  [lily-payments,43018f9d4ff349b9e103859ed4e960af,264fccdd587bb415] 1 --- [http-nio-8080-exec-1] c.l.p.IssuerClient : Payment declined by issuer code=51 attempt=2
2024-01-15 10:29:45.820  WARN  [lily-payments,647f36b75b760b71dced94b363d60d0f,602605999e6e498e] 1 --- [http-nio-8080-exec-3] c.l.p.IssuerClient : Payment declined by issuer code=51 attempt=1
2024-01-15 10:29:46.110  WARN  [lily-payments,beae85bd25a9e71baf9af8f4225c9a35,22155dba3dfa577a] 1 --- [http-nio-8080-exec-3] c.l.p.IssuerClient : Payment declined by issuer code=05 attempt=1
2024-01-15 10:29:46.400  WARN  [lily-payments,07091635344dd9b36d4223818f768341,f275d55addb6f744] 1 --- [http-nio-8080-exec-3] c.l.p.IssuerClient : Payment declined by issuer code=51 attempt=1
2024-01-15 10:29:46.690  WARN  [lily-payments,798dd1b4effbad7be0357c29c3dae2ac,b5a0bf55bcae7bdf] 1 --- [http-nio-8080-exec-7] c.l.p.IssuerClient : Payment declined by issuer code=05 attempt=1
2024-01-15 10:29:46.980  WARN  [lily-payments,20b9b8bada73693921cd1849908d05ee,a23e331bc3626846] 1 --- [http-nio-8080-exec-1] c.l.p.IssuerClient : Payment declined by issuer code=51 attempt=1
2024-01-15 10:29:47.270  WARN  [lily-payments,7ee26ea755dc5df73fe3098172d7a9d7,4e82cebcd49bb2d9] 1 --- [scheduling-1] c.l.p.IssuerClient : Payment declined by issuer code=05 attempt=2
2024-01-15 10:29:47.560  WARN  [lily-payments,6abc32e5642157f24800de35fbd29476,1749d3515db6b931] 1 --- [http-nio-8080-exec-1] c.l.p.IssuerClient : Payment declined by issuer code=51 attempt=3
2024-01-15 10:29:47.850  WARN  [lily-payments,18e3230408c896155df235fdba679caf,0914a3caebe3be2d] 1 --- [http-nio-8080-exec-7] c.l.p.IssuerClient : Payment declined by issuer code=61 attempt=3
2024-01-15 10:29:48.140  WARN  [lily-payments,ef858dc44cfbe53110b3cf3590597874,14b91ee2f6485166] 1 --- [http-nio-8080-exec-7] c.l.p.IssuerClient : Payment declined by issuer code=05 attempt=1
2024-01-15 10:29:48.430  WARN  [lily-payments,3681226127fa272ccb18f2d59fd03e2f,8424f1d2eff41e69] 1 --- [http-nio-8080-exec-1] c.l.p.IssuerClient : Payment declined by issuer code=61 attempt=1
2024-01-15 10:29:48.720  WARN  [lily-payments,6cda006c9740ade0a68f9cccb5aea15f,c99742e37c75850a] 1 --- [http-nio-8080-exec-1] c.l.p.IssuerClient : Payment declined by issuer code=61 attempt=3
2024-01-15 10:29:49.010  WARN  [lily-payments,7cd13b7c0c5b25840ff468dd5b5c64df,f647dc798ae5ddc0] 1 --- [scheduling-1] c.l.p.IssuerClient : Payment declined by issuer code=05 attempt=3
2024-01-15 10:29:49.300  WARN  [lily-payments,a40def00879962a568fd2ccb1bf1a9cd,7a06a6adc43ee208] 1 --- [http-nio-8080-exec-3] c.l.p.IssuerClient : Payment declined by issuer code=61 attempt=2
2024-01-15 10:29:49.590  WARN  [lily-payments,e5fed9734ffdfa0c47ebff19ef4fda09,6efbac08e886eaeb] 1 --- [scheduling-1] c.l.p.IssuerClient : Payment declined by issuer code=51 attempt=1
2024-01-15 10:29:49.880  WARN  [lily-payments,c935c7df4bc072ef3db7fcfa500d25f0,426e08e5943a7491] 1 --- [http-nio-8080-exec-7] c.l.p.IssuerClient : Payment declined by issuer code=61 attempt=3
2024-01-15 10:29:50.170  WARN  [lily-payments,3dc5f53c853f607c970bdb10f42f3b78,2b135a67d46d4dbf] 1 --- [scheduling-1] c.l.p.IssuerClient : Payment declined by issuer code=61 attempt=2
2024-01-15 10:29:50.460  WARN  [lily-payments,96c806c937f1ecea6e6846162851cef2,8613ef0bb8e8adb2] 1 --- [http-nio-8080-exec-7] c.l.p.IssuerClient : Payment declined by issuer code=05 attempt=1
2024-01-15 10:29:50.750  WARN  [lily-payments,4e269a8231c0bd97be0c2a15d8d2f694,5bfa55b2d4e1c7ef] 1 --- [http-nio-8080-exec-3] c.l.p.IssuerClient : Payment declined by issuer code=05 attempt=3
2024-01-15 10:29:51.040  WARN  [lily-payments,a41ec3eba33198d9f28f2bb1b4d5b453,5060f90ee8d8ea46] 1 --- [http-nio-8080-exec-7] c.l.p.IssuerClient : Payment declined by issuer code=61 attempt=2
2024-01-15 10:29:51.330  WARN  [lily-payments,4b609f0593c10b816d0e45bc39dff1ad,ac57060267ae7df1] 1 --- [http-nio-8080-exec-1] c.l.p.IssuerClient : Payment declined by issuer code=61 attempt=1
2024-01-15 10:29:51.620  WARN  [lily-payments,10b9e760b52cf9379bd11a3fcf04045a,790f9aa9b5d7ca98] 1 --- [scheduling-1] c.l.p.IssuerClient : Payment declined by issuer code=61 attempt=3
2024-01-15 10:29:51.910  WARN  [lily-payments,93ae20929aefc07d9c6cff2cc6c769cc,c81a923fc46f2888] 1 --- [http-nio-8080-exec-7] c.l.p.IssuerClient : Payment declined by issuer code=51 attempt=2
2024-01-15 10:29:52.200  WARN  [lily-payments,9544000f46110ccd4506a2f4ac8697fe,234af0f424eb5bb6] 1 --- [http-nio-8080-exec-7] c.l.p.IssuerClient : Payment declined by issuer code=61 attempt=3
2024-01-15 10:29:52.490  WARN  [lily-payments,458616211dd99d1c3a9e968c99723956,c750e3d6c79db415] 1 --- [http-nio-8080-exec-1] c.l.p.IssuerClient : Payment declined by issuer code=05 attempt=2
2024-01-15 10:29:52.780  WARN  [lily-payments,9761a0ec0ffb4f829a1a74a615abb919,38793a54ba42cb8d] 1 --- [scheduling-1] c.l.p.IssuerClient : Payment declined by issuer code=05 attempt=2
2024-01-15 10:29:53.070  WARN  [lily-payments,07dfe78ae2911f8114085bab1e430709,a736190533d01421] 1 --- [http-nio-8080-exec-1] c.l.p.IssuerClient : Payment declined by issuer code=05 attempt=3
2024-01-15 10:29:53.360  WARN  [lily-payments,b88692171533bbaa36fb028dc0fe7705,a9ed281376a42d1d] 1 --- [scheduling-1] c.l.p.IssuerClient : Payment declined by issuer code=51 attempt=3
2024-01-15 10:29:53.650  WARN  [lily-payments,eea4eb575e4d5523d2bb4450e8b2cd80,80083b26f550a0e9] 1 --- [http-nio-8080-exec-7] c.l.p.IssuerClient : Payment declined by issuer code=51 attempt=3
2024-01-15 10:29:53.940  WARN  [lily-payments,520d4af557720d586bfd4e70faf0af9d,0c567ab958a769ea] 1 --- [http-nio-8080-exec-3] c.l.p.IssuerClient : Payment declined by issuer code=51 attempt=1
2024-01-15 10:29:54.230  WARN  [lily-payments,103d236f2c3fcaa8ddccf9a67dfac5aa,f67bfa35b9b96b38] 1 --- [http-nio-8080-exec-3] c.l.p.IssuerClient : Payment declined by issuer code=61 attempt=2
2024-01-15 10:29:54.520  WARN  [lily-payments,fea1cd9720c5dfa701c814d088f41279,f6aa22ef55da6a11] 1 --- [http-nio-8080-exec-1] c.l.p.IssuerClient : Payment declined by issuer code=05 attempt=3
2024-01-15 10:29:54.810  WARN  [lily-payments,c3d07184a184f069db3bc08c54709f06,3fc9a5b0f70bc195] 1 --- [http-nio-8080-exec-1] c.l.p.IssuerClient : Payment declined by issuer code=61 attempt=1
2024-01-15 10:29:55.100  WARN  [lily-payments,e3ec919384248ffe95aef9a6e40d97e9,a53bd932754a947a] 1 --- [http-nio-8080-exec-7] c.l.p.IssuerClient : Payment declined by issuer code=05 attempt=3
2024-01-15 10:29:55.390  WARN  [lily-payments,b64f011d4a916cba4acefc8917e45871,d32721217b91ced3] 1 --- [http-nio-8080-exec-3] c.l.p.IssuerClient : Payment declined by issuer code=61 attempt=2
2024-01-15 10:29:55.680  WARN  [lily-payments,1a5a8eb5c972a38834d0c142d75febd5,d06f2b8390c4d99d] 1 --- [http-nio-8080-exec-7] c.l.p.IssuerClient : Payment declined by issuer code=51 attempt=3
2024-01-15 10:29:55.970  WARN  [lily-payments,3cae9cae454fd1b2fc8aae60cbcccd0e,478ca39c7ae46e85] 1 --- [http-nio-8080-exec-3] c.l.p.IssuerClient : Payment declined by issuer code=51 attempt=1
2024-01-15 10:29:56.260  WARN  [lily-payments,4647fa113e69945cbfd3a3c19168d424,eb3c3e257083c38e] 1 --- [http-nio-8080-exec-7] c.l.p.IssuerClient : Payment declined by issuer code=05 attempt=1
2024-01-15 10:29:56.550  WARN  [lily-payments,4d885bedbe557db8c7f1d612b0148b64,95371d5b7d390ff8] 1 --- [http-nio-8080-exec-3] c.l.p.IssuerClient : Payment declined by issuer code=61 attempt=3
2024-01-15 10:29:56.840  WARN  [lily-payments,ab90b059e52b1829b8bb6d292f524c63,413797acd262a847] 1 --- [http-nio-8080-exec-3] c.l.p.IssuerClient : Payment declined by issuer code=61 attempt=3
2024-01-15 10:29:57.130  WARN  [lily-payments,fd6fb0375cf72b34795e0bbf959f66ba,03f682f6c4cdd0ae] 1 --- [http-nio-8080-exec-1] c.l.p.IssuerClient : Payment declined by issuer code=05 attempt=3
2024-01-15 10:29:57.420  WARN  [lily-payments,1370495da2cac69dac0b33af8a0ec16f,433d81bd0c65fb57] 1 --- [http-nio-8080-exec-1] c.l.p.IssuerClient : Payment declined by issuer code=05 attempt=1
2024-01-15 10:29:57.710  WARN  [lily-payments,ae58b15bcd59ed99c8f296a90b8c1bb6,42ddfce77b321654] 1 --- [http-nio-8080-exec-3] c.l.p.IssuerClient : Payment declined by issuer code=51 attempt=3
